com.samsung.health.floors_climbed,7006003,7
start_time,custom,update_time,create_time,client_data_id,client_data_ver,floor,raw_data,time_offset,deviceuuid,pkg_name,end_time,datauuid
2025-11-04 13:25:00.000,,2025-11-04 13:25:00.000,2025-11-04 13:25:00.000,,,1.0,64323466-5f31-305f-6361-656639303936.raw_data.json,UTC-0300,yeLoKu9/uD,com.sec.android.app.shealth,2025-11-04 13:25:00.000,64323466-5f31-305f-6361-656639303936,
2025-11-04 13:34:00.000,,2025-11-04 13:34:00.000,2025-11-04 13:34:00.000,,,1.0,66636338-5f31-305f-3863-303061303936.raw_data.json,UTC-0300,yeLoKu9/uD,com.sec.android.app.shealth,2025-11-04 13:34:00.000,66636338-5f31-305f-3863-303061303936,
2025-11-04 14:59:00.000,,2025-11-04 14:59:00.000,2025-11-04 14:59:00.000,,,2.0,64323466-5f32-305f-3462-343161303936.raw_data.json,UTC-0300,yeLoKu9/uD,com.sec.android.app.shealth,2025-11-04 14:59:00.000,64323466-5f32-305f-3462-343161303936,
2025-11-04 21:01:00.000,,2025-11-04 21:01:00.000,2025-11-04 21:01:00.000,,,1.0,66636338-5f31-305f-6338-393661303936.raw_data.json,UTC-0300,yeLoKu9/uD,com.sec.android.app.shealth,2025-11-04 21:01:00.000,66636338-5f31-305f-6338-393661303936,
2025-11-04 21:15:00.000,,2025-11-04 21:15:00.000,2025-11-04 21:15:00.000,,,2.0,36343666-5f32-305f-3464-633661303936.raw_data.json,UTC-0300,yeLoKu9/uD,com.sec.android.app.shealth,2025-11-04 21:15:00.000,36343666-5f32-305f-3464-633661303936,
2025-11-04 22:06:00.000,,2025-11-04 22:06:00.000,2025-11-04 22:06:00.000,,,1.0,39323133-5f31-305f-3863-383761303936.raw_data.json,UTC-0300,yeLoKu9/uD,com.sec.android.app.shealth,2025-11-04 22:06:00.000,39323133-5f31-305f-3863-383761303936,
2025-11-04 22:13:00.000,,2025-11-04 22:13:00.000,2025-11-04 22:13:00.000,,,1.0,34306235-5f31-305f-6336-613761303936.raw_data.json,UTC-0300,yeLoKu9/uD,com.sec.android.app.shealth,2025-11-04 22:13:00.000,34306235-5f31-305f-6336-613761303936,
2025-11-05 01:51:00.000,,2025-11-05 01:51:00.000,2025-11-05 01:51:00.000,,,1.0,34626435-5f31-305f-3438-646161303936.raw_data.json,UTC-0300,yeLoKu9/uD,com.sec.android.app.shealth,2025-11-05 01:51:00.000,34626435-5f31-305f-3438-646161303936,
2025-11-05 01:59:00.000,,2025-11-05 01:59:00.000,2025-11-05 01:59:00.000,,,1.0,38376637-5f31-305f-3436-666161303936.raw_data.json,UTC-0300,yeLoKu9/uD,com.sec.android.app.shealth,2025-11-05 01:59:00.000,38376637-5f31-305f-3436-666161303936,
2025-11-05 02:00:00.000,,2025-11-05 02:00:00.000,2025-11-05 02:00:00.000,,,1.0,38643935-5f31-305f-3061-666161303936.raw_data.json,UTC-0300,yeLoKu9/uD,com.sec.android.app.shealth,2025-11-05 02:00:00.000,38643935-5f31-305f-3061-666161303936,
2025-11-05 02:05:00.000,,2025-11-05 02:05:00.000,2025-11-05 02:05:00.000,,,1.0,38363834-5f31-305f-6363-306261303936.raw_data.json,UTC-0300,yeLoKu9/uD,com.sec.android.app.shealth,2025-11-05 02:05:00.000,38363834-5f31-305f-6363-306261303936,
2025-11-05 02:13:00.000,,2025-11-05 02:13:00.000,2025-11-05 02:13:00.000,,,4.0,37613635-5f34-305f-6361-326261303936.raw_data.json,UTC-0300,yeLoKu9/uD,com.sec.android.app.shealth,2025-11-05 02:13:00.000,37613635-5f34-305f-6361-326261303936,
2025-11-05 17:13:00.000,,2025-11-05 17:13:00.000,2025-11-05 17:13:00.000,,,2.0,66663762-5f32-305f-6339-353862303936.raw_data.json,UTC-0300,yeLoKu9/uD,com.sec.android.app.shealth,2025-11-05 17:13:00.000,66663762-5f32-305f-6339-353862303936,
2025-11-05 20:52:00.000,,2025-11-05 20:52:00.000,2025-11-05 20:52:00.000,,,1.0,31666162-5f31-305f-3066-386262303936.raw_data.json,UTC-0300,yeLoKu9/uD,com.sec.android.app.shealth,2025-11-05 20:52:00.000,31666162-5f31-305f-3066-386262303936,
2025-11-05 20:53:00.000,,2025-11-05 20:53:00.000,2025-11-05 20:53:00.000,,,2.0,63663134-5f32-305f-6332-396262303936.raw_data.json,UTC-0300,yeLoKu9/uD,com.sec.android.app.shealth,2025-11-05 20:53:00.000,63663134-5f32-305f-6332-396262303936,
2025-11-05 20:59:00.000,,2025-11-05 20:59:00.000,2025-11-05 20:59:00.000,,,2.0,39646636-5f32-305f-3439-616262303936.raw_data.json,UTC-0300,yeLoKu9/uD,com.sec.android.app.shealth,2025-11-05 20:59:00.000,39646636-5f32-305f-3439-616262303936,
2025-11-05 21:04:00.000,,2025-11-05 21:04:00.000,2025-11-05 21:04:00.000,,,3.0,61376632-5f33-305f-3063-626262303936.raw_data.json,UTC-0300,yeLoKu9/uD,com.sec.android.app.shealth,2025-11-05 21:04:00.000,61376632-5f33-305f-3063-626262303936,
2025-11-05 21:06:00.000,,2025-11-05 21:06:00.000,2025-11-05 21:06:00.000,,,1.0,36393730-5f31-305f-3833-636262303936.raw_data.json,UTC-0300,yeLoKu9/uD,com.sec.android.app.shealth,2025-11-05 21:06:00.000,36393730-5f31-305f-3833-636262303936,
2025-11-05 21:12:00.000,,2025-11-05 21:12:00.000,2025-11-05 21:12:00.000,,,4.0,39306535-5f34-305f-3061-646262303936.raw_data.json,UTC-0300,yeLoKu9/uD,com.sec.android.app.shealth,2025-11-05 21:12:00.000,39306535-5f34-305f-3061-646262303936,
2025-11-05 21:24:00.000,,2025-11-05 21:24:00.000,2025-11-05 21:24:00.000,,,1.0,63323037-5f31-305f-3037-306362303936.raw_data.json,UTC-0300,yeLoKu9/uD,com.sec.android.app.shealth,2025-11-05 21:24:00.000,63323037-5f31-305f-3037-306362303936,
2025-11-05 21:39:00.000,,2025-11-05 21:39:00.000,2025-11-05 21:39:00.000,,,1.0,35616332-5f31-305f-3466-336362303936.raw_data.json,UTC-0300,yeLoKu9/uD,com.sec.android.app.shealth,2025-11-05 21:39:00.000,35616332-5f31-305f-3466-336362303936,
2025-11-05 21:45:00.000,,2025-11-05 21:45:00.000,2025-11-05 21:45:00.000,,,2.0,37353134-5f32-305f-6335-356362303936.raw_data.json,UTC-0300,yeLoKu9/uD,com.sec.android.app.shealth,2025-11-05 21:45:00.000,37353134-5f32-305f-6335-356362303936,
2025-11-05 21:46:00.000,,2025-11-05 21:46:00.000,2025-11-05 21:46:00.000,,,1.0,34376664-5f31-305f-3839-356362303936.raw_data.json,UTC-0300,yeLoKu9/uD,com.sec.android.app.shealth,2025-11-05 21:46:00.000,34376664-5f31-305f-3839-356362303936,
2025-11-05 21:49:00.000,,2025-11-05 21:49:00.000,2025-11-05 21:49:00.000,,,2.0,34363330-5f32-305f-6334-366362303936.raw_data.json,UTC-0300,yeLoKu9/uD,com.sec.android.app.shealth,2025-11-05 21:49:00.000,34363330-5f32-305f-6334-366362303936,
2025-11-05 21:50:00.000,,2025-11-05 21:50:00.000,2025-11-05 21:50:00.000,,,1.0,34636333-5f31-305f-3838-366362303936.raw_data.json,UTC-0300,yeLoKu9/uD,com.sec.android.app.shealth,2025-11-05 21:50:00.000,34636333-5f31-305f-3838-366362303936,
2025-11-05 21:51:00.000,,2025-11-05 21:51:00.000,2025-11-05 21:51:00.000,,,2.0,66616635-5f32-305f-3463-366362303936.raw_data.json,UTC-0300,yeLoKu9/uD,com.sec.android.app.shealth,2025-11-05 21:51:00.000,66616635-5f32-305f-3463-366362303936,
2025-11-05 21:52:00.000,,2025-11-05 21:52:00.000,2025-11-05 21:52:00.000,,,3.0,35313162-5f33-305f-3030-376362303936.raw_data.json,UTC-0300,yeLoKu9/uD,com.sec.android.app.shealth,2025-11-05 21:52:00.000,35313162-5f33-305f-3030-376362303936,
2025-11-05 21:53:00.000,,2025-11-05 21:53:00.000,2025-11-05 21:53:00.000,,,2.0,38323638-5f32-305f-6333-376362303936.raw_data.json,UTC-0300,yeLoKu9/uD,com.sec.android.app.shealth,2025-11-05 21:53:00.000,38323638-5f32-305f-6333-376362303936,
2025-11-05 21:54:00.000,,2025-11-05 21:54:00.000,2025-11-05 21:54:00.000,,,2.0,34616662-5f32-305f-3837-376362303936.raw_data.json,UTC-0300,yeLoKu9/uD,com.sec.android.app.shealth,2025-11-05 21:54:00.000,34616662-5f32-305f-3837-376362303936,
2025-11-05 21:59:00.000,,2025-11-05 21:59:00.000,2025-11-05 21:59:00.000,,,1.0,39653035-5f31-305f-3461-386362303936.raw_data.json,UTC-0300,yeLoKu9/uD,com.sec.android.app.shealth,2025-11-05 21:59:00.000,39653035-5f31-305f-3461-386362303936,
2025-11-06 01:52:00.000,,2025-11-06 01:52:00.000,2025-11-06 01:52:00.000,,,1.0,37353631-5f31-305f-3034-666662303936.raw_data.json,UTC-0300,yeLoKu9/uD,com.sec.android.app.shealth,2025-11-06 01:52:00.000,37353631-5f31-305f-3034-666662303936,
2025-11-06 01:53:00.000,,2025-11-06 01:53:00.000,2025-11-06 01:53:00.000,,,2.0,62646632-5f32-305f-6337-666662303936.raw_data.json,UTC-0300,yeLoKu9/uD,com.sec.android.app.shealth,2025-11-06 01:53:00.000,62646632-5f32-305f-6337-666662303936,
2025-11-06 01:57:00.000,,2025-11-06 01:57:00.000,2025-11-06 01:57:00.000,,,2.0,65353236-5f32-305f-6336-303063303936.raw_data.json,UTC-0300,yeLoKu9/uD,com.sec.android.app.shealth,2025-11-06 01:57:00.000,65353236-5f32-305f-6336-303063303936,
2025-11-06 01:58:00.000,,2025-11-06 01:58:00.000,2025-11-06 01:58:00.000,,,2.0,30323035-5f32-305f-3861-303063303936.raw_data.json,UTC-0300,yeLoKu9/uD,com.sec.android.app.shealth,2025-11-06 01:58:00.000,30323035-5f32-305f-3861-303063303936,
2025-11-06 02:00:00.000,,2025-11-06 02:00:00.000,2025-11-06 02:00:00.000,,,1.0,38333063-5f31-305f-3032-313063303936.raw_data.json,UTC-0300,yeLoKu9/uD,com.sec.android.app.shealth,2025-11-06 02:00:00.000,38333063-5f31-305f-3032-313063303936,
2025-11-06 02:02:00.000,,2025-11-06 02:02:00.000,2025-11-06 02:02:00.000,,,1.0,38613564-5f31-305f-3839-313063303936.raw_data.json,UTC-0300,yeLoKu9/uD,com.sec.android.app.shealth,2025-11-06 02:02:00.000,38613564-5f31-305f-3839-313063303936,
2025-11-06 02:05:00.000,,2025-11-06 02:05:00.000,2025-11-06 02:05:00.000,,,2.0,65343030-5f32-305f-6334-323063303936.raw_data.json,UTC-0300,yeLoKu9/uD,com.sec.android.app.shealth,2025-11-06 02:05:00.000,65343030-5f32-305f-6334-323063303936,
2025-11-06 02:08:00.000,,2025-11-06 02:08:00.000,2025-11-06 02:08:00.000,,,1.0,36613738-5f31-305f-3030-333063303936.raw_data.json,UTC-0300,yeLoKu9/uD,com.sec.android.app.shealth,2025-11-06 02:08:00.000,36613738-5f31-305f-3030-333063303936,
2025-11-06 02:09:00.000,,2025-11-06 02:09:00.000,2025-11-06 02:09:00.000,,,1.0,34313763-5f31-305f-6333-333063303936.raw_data.json,UTC-0300,yeLoKu9/uD,com.sec.android.app.shealth,2025-11-06 02:09:00.000,34313763-5f31-305f-6333-333063303936,
2025-11-06 02:11:00.000,,2025-11-06 02:11:00.000,2025-11-06 02:11:00.000,,,1.0,33396438-5f31-305f-3462-333063303936.raw_data.json,UTC-0300,yeLoKu9/uD,com.sec.android.app.shealth,2025-11-06 02:11:00.000,33396438-5f31-305f-3462-333063303936,
2025-11-06 02:16:00.000,,2025-11-06 02:16:00.000,2025-11-06 02:16:00.000,,,1.0,35323764-5f31-305f-3065-343063303936.raw_data.json,UTC-0300,yeLoKu9/uD,com.sec.android.app.shealth,2025-11-06 02:16:00.000,35323764-5f31-305f-3065-343063303936,
2025-11-06 02:17:00.000,,2025-11-06 02:17:00.000,2025-11-06 02:17:00.000,,,2.0,36353439-5f32-305f-6331-353063303936.raw_data.json,UTC-0300,yeLoKu9/uD,com.sec.android.app.shealth,2025-11-06 02:17:00.000,36353439-5f32-305f-6331-353063303936,
2025-11-06 02:25:00.000,,2025-11-06 02:25:00.000,2025-11-06 02:25:00.000,,,1.0,34323638-5f31-305f-6366-363063303936.raw_data.json,UTC-0300,yeLoKu9/uD,com.sec.android.app.shealth,2025-11-06 02:25:00.000,34323638-5f31-305f-6366-363063303936,
2025-11-06 02:26:00.000,,2025-11-06 02:26:00.000,2025-11-06 02:26:00.000,,,1.0,34343665-5f31-305f-3833-373063303936.raw_data.json,UTC-0300,yeLoKu9/uD,com.sec.android.app.shealth,2025-11-06 02:26:00.000,34343665-5f31-305f-3833-373063303936,
2025-11-06 12:46:00.000,,2025-11-06 12:46:00.000,2025-11-06 12:46:00.000,,,2.0,39353530-5f32-305f-3838-383963303936.raw_data.json,UTC-0300,yeLoKu9/uD,com.sec.android.app.shealth,2025-11-06 12:46:00.000,39353530-5f32-305f-3838-383963303936,
2025-11-06 12:48:00.000,,2025-11-06 12:48:00.000,2025-11-06 12:48:00.000,,,1.0,64386437-5f31-305f-3030-393963303936.raw_data.json,UTC-0300,yeLoKu9/uD,com.sec.android.app.shealth,2025-11-06 12:48:00.000,64386437-5f31-305f-3030-393963303936,
2025-11-06 14:37:00.000,,2025-11-06 14:37:00.000,2025-11-06 14:37:00.000,,,2.0,62373739-5f32-305f-6338-326263303936.raw_data.json,UTC-0300,yeLoKu9/uD,com.sec.android.app.shealth,2025-11-06 14:37:00.000,62373739-5f32-305f-6338-326263303936,
2025-11-06 15:12:00.000,,2025-11-06 15:12:00.000,2025-11-06 15:12:00.000,,,2.0,65626262-5f32-305f-3063-616263303936.raw_data.json,UTC-0300,yeLoKu9/uD,com.sec.android.app.shealth,2025-11-06 15:12:00.000,65626262-5f32-305f-3063-616263303936,
2025-11-06 19:24:00.000,,2025-11-06 19:24:00.000,2025-11-06 19:24:00.000,,,1.0,36313739-5f31-305f-3064-356663303936.raw_data.json,UTC-0300,yeLoKu9/uD,com.sec.android.app.shealth,2025-11-06 19:24:00.000,36313739-5f31-305f-3064-356663303936,
2025-11-06 19:37:00.000,,2025-11-06 19:37:00.000,2025-11-06 19:37:00.000,,,1.0,39383539-5f31-305f-6364-386663303936.raw_data.json,UTC-0300,yeLoKu9/uD,com.sec.android.app.shealth,2025-11-06 19:37:00.000,39383539-5f31-305f-6364-386663303936,
2025-11-06 20:50:00.000,,2025-11-06 20:50:00.000,2025-11-06 20:50:00.000,,,1.0,64393835-5f31-305f-3866-393064303936.raw_data.json,UTC-0300,yeLoKu9/uD,com.sec.android.app.shealth,2025-11-06 20:50:00.000,64393835-5f31-305f-3866-393064303936,
2025-11-06 20:53:00.000,,2025-11-06 20:53:00.000,2025-11-06 20:53:00.000,,,1.0,65373065-5f31-305f-6361-613064303936.raw_data.json,UTC-0300,yeLoKu9/uD,com.sec.android.app.shealth,2025-11-06 20:53:00.000,65373065-5f31-305f-6361-613064303936,
2025-11-06 21:11:00.000,,2025-11-06 21:11:00.000,2025-11-06 21:11:00.000,,,1.0,37376262-5f31-305f-3465-653064303936.raw_data.json,UTC-0300,yeLoKu9/uD,com.sec.android.app.shealth,2025-11-06 21:11:00.000,37376262-5f31-305f-3465-653064303936,
2025-11-07 13:00:00.000,,2025-11-07 13:00:00.000,2025-11-07 13:00:00.000,,,2.0,36633631-5f32-305f-3035-646564303936.raw_data.json,UTC-0300,yeLoKu9/uD,com.sec.android.app.shealth,2025-11-07 13:00:00.000,36633631-5f32-305f-3035-646564303936,
2025-11-07 21:08:00.000,,2025-11-07 21:08:00.000,2025-11-07 21:08:00.000,,,2.0,36323737-5f32-305f-3062-663565303936.raw_data.json,UTC-0300,yeLoKu9/uD,com.sec.android.app.shealth,2025-11-07 21:08:00.000,36323737-5f32-305f-3062-663565303936,
2025-11-07 22:03:00.000,,2025-11-07 22:03:00.000,2025-11-07 22:03:00.000,,,1.0,38393232-5f31-305f-3439-633665303936.raw_data.json,UTC-0300,yeLoKu9/uD,com.sec.android.app.shealth,2025-11-07 22:03:00.000,38393232-5f31-305f-3439-633665303936,
2025-11-07 22:04:00.000,,2025-11-07 22:04:00.000,2025-11-07 22:04:00.000,,,1.0,38383630-5f31-305f-3064-633665303936.raw_data.json,UTC-0300,yeLoKu9/uD,com.sec.android.app.shealth,2025-11-07 22:04:00.000,38383630-5f31-305f-3064-633665303936,
2025-11-08 00:01:00.000,,2025-11-08 00:01:00.000,2025-11-08 00:01:00.000,,,1.0,35666438-5f31-305f-6333-383865303936.raw_data.json,UTC-0300,yeLoKu9/uD,com.sec.android.app.shealth,2025-11-08 00:01:00.000,35666438-5f31-305f-6333-383865303936,
2025-11-08 00:03:00.000,,2025-11-08 00:03:00.000,2025-11-08 00:03:00.000,,,1.0,34623937-5f31-305f-3462-383865303936.raw_data.json,UTC-0300,yeLoKu9/uD,com.sec.android.app.shealth,2025-11-08 00:03:00.000,34623937-5f31-305f-3462-383865303936,
2025-11-08 00:07:00.000,,2025-11-08 00:07:00.000,2025-11-08 00:07:00.000,,,1.0,30336133-5f31-305f-3461-393865303936.raw_data.json,UTC-0300,yeLoKu9/uD,com.sec.android.app.shealth,2025-11-08 00:07:00.000,30336133-5f31-305f-3461-393865303936,
2025-11-08 00:09:00.000,,2025-11-08 00:09:00.000,2025-11-08 00:09:00.000,,,2.0,34646438-5f32-305f-6331-613865303936.raw_data.json,UTC-0300,yeLoKu9/uD,com.sec.android.app.shealth,2025-11-08 00:09:00.000,34646438-5f32-305f-6331-613865303936,
2025-11-08 00:10:00.000,,2025-11-08 00:10:00.000,2025-11-08 00:10:00.000,,,1.0,34333962-5f31-305f-3835-613865303936.raw_data.json,UTC-0300,yeLoKu9/uD,com.sec.android.app.shealth,2025-11-08 00:10:00.000,34333962-5f31-305f-3835-613865303936,
2025-11-08 00:11:00.000,,2025-11-08 00:11:00.000,2025-11-08 00:11:00.000,,,1.0,64393834-5f31-305f-3439-613865303936.raw_data.json,UTC-0300,yeLoKu9/uD,com.sec.android.app.shealth,2025-11-08 00:11:00.000,64393834-5f31-305f-3439-613865303936,
2025-11-08 00:12:00.000,,2025-11-08 00:12:00.000,2025-11-08 00:12:00.000,,,1.0,61336331-5f31-305f-3064-613865303936.raw_data.json,UTC-0300,yeLoKu9/uD,com.sec.android.app.shealth,2025-11-08 00:12:00.000,61336331-5f31-305f-3064-613865303936,
2025-11-08 00:14:00.000,,2025-11-08 00:14:00.000,2025-11-08 00:14:00.000,,,1.0,64303836-5f31-305f-3834-623865303936.raw_data.json,UTC-0300,yeLoKu9/uD,com.sec.android.app.shealth,2025-11-08 00:14:00.000,64303836-5f31-305f-3834-623865303936,
2025-11-08 00:16:00.000,,2025-11-08 00:16:00.000,2025-11-08 00:16:00.000,,,2.0,66303664-5f32-305f-3063-623865303936.raw_data.json,UTC-0300,yeLoKu9/uD,com.sec.android.app.shealth,2025-11-08 00:16:00.000,66303664-5f32-305f-3063-623865303936,
2025-11-08 00:17:00.000,,2025-11-08 00:17:00.000,2025-11-08 00:17:00.000,,,5.0,64623665-5f35-305f-6366-623865303936.raw_data.json,UTC-0300,yeLoKu9/uD,com.sec.android.app.shealth,2025-11-08 00:17:00.000,64623665-5f35-305f-6366-623865303936,
2025-11-08 17:07:00.000,,2025-11-08 17:07:00.000,2025-11-08 17:07:00.000,,,2.0,66323230-5f32-305f-3462-383766303936.raw_data.json,UTC-0300,yeLoKu9/uD,com.sec.android.app.shealth,2025-11-08 17:07:00.000,66323230-5f32-305f-3462-383766303936,
2025-11-08 17:13:00.000,,2025-11-08 17:13:00.000,2025-11-08 17:13:00.000,,,1.0,31616465-5f31-305f-6331-613766303936.raw_data.json,UTC-0300,yeLoKu9/uD,com.sec.android.app.shealth,2025-11-08 17:13:00.000,31616465-5f31-305f-6331-613766303936,
2025-11-08 17:16:00.000,,2025-11-08 17:16:00.000,2025-11-08 17:16:00.000,,,1.0,37666632-5f31-305f-3064-613766303936.raw_data.json,UTC-0300,yeLoKu9/uD,com.sec.android.app.shealth,2025-11-08 17:16:00.000,37666632-5f31-305f-3064-613766303936,
2025-11-08 17:22:00.000,,2025-11-08 17:22:00.000,2025-11-08 17:22:00.000,,,2.0,66303132-5f32-305f-3833-633766303936.raw_data.json,UTC-0300,yeLoKu9/uD,com.sec.android.app.shealth,2025-11-08 17:22:00.000,66303132-5f32-305f-3833-633766303936,
2025-11-08 17:23:00.000,,2025-11-08 17:23:00.000,2025-11-08 17:23:00.000,,,1.0,39643039-5f31-305f-3437-633766303936.raw_data.json,UTC-0300,yeLoKu9/uD,com.sec.android.app.shealth,2025-11-08 17:23:00.000,39643039-5f31-305f-3437-633766303936,
2025-11-08 17:28:00.000,,2025-11-08 17:28:00.000,2025-11-08 17:28:00.000,,,1.0,38363139-5f31-305f-3061-643766303936.raw_data.json,UTC-0300,yeLoKu9/uD,com.sec.android.app.shealth,2025-11-08 17:28:00.000,38363139-5f31-305f-3061-643766303936,
2025-11-08 17:29:00.000,,2025-11-08 17:29:00.000,2025-11-08 17:29:00.000,,,1.0,34663265-5f31-305f-6364-643766303936.raw_data.json,UTC-0300,yeLoKu9/uD,com.sec.android.app.shealth,2025-11-08 17:29:00.000,34663265-5f31-305f-6364-643766303936,
2025-11-08 17:34:00.000,,2025-11-08 17:34:00.000,2025-11-08 17:34:00.000,,,1.0,39643230-5f31-305f-3830-663766303936.raw_data.json,UTC-0300,yeLoKu9/uD,com.sec.android.app.shealth,2025-11-08 17:34:00.000,39643230-5f31-305f-3830-663766303936,
2025-11-08 17:36:00.000,,2025-11-08 17:36:00.000,2025-11-08 17:36:00.000,,,1.0,63333963-5f31-305f-3038-663766303936.raw_data.json,UTC-0300,yeLoKu9/uD,com.sec.android.app.shealth,2025-11-08 17:36:00.000,63333963-5f31-305f-3038-663766303936,
2025-11-08 17:37:00.000,,2025-11-08 17:37:00.000,2025-11-08 17:37:00.000,,,2.0,38616232-5f32-305f-6362-663766303936.raw_data.json,UTC-0300,yeLoKu9/uD,com.sec.android.app.shealth,2025-11-08 17:37:00.000,38616232-5f32-305f-6362-663766303936,
2025-11-08 17:38:00.000,,2025-11-08 17:38:00.000,2025-11-08 17:38:00.000,,,2.0,35333135-5f32-305f-3866-663766303936.raw_data.json,UTC-0300,yeLoKu9/uD,com.sec.android.app.shealth,2025-11-08 17:38:00.000,35333135-5f32-305f-3866-663766303936,
2025-11-08 17:41:00.000,,2025-11-08 17:41:00.000,2025-11-08 17:41:00.000,,,3.0,35653630-5f33-305f-6361-303866303936.raw_data.json,UTC-0300,yeLoKu9/uD,com.sec.android.app.shealth,2025-11-08 17:41:00.000,35653630-5f33-305f-6361-303866303936,
2025-11-08 17:45:00.000,,2025-11-08 17:45:00.000,2025-11-08 17:45:00.000,,,1.0,66383537-5f31-305f-6339-313866303936.raw_data.json,UTC-0300,yeLoKu9/uD,com.sec.android.app.shealth,2025-11-08 17:45:00.000,66383537-5f31-305f-6339-313866303936,
2025-11-08 18:58:00.000,,2025-11-08 18:58:00.000,2025-11-08 18:58:00.000,,,1.0,61326566-5f31-305f-3862-323966303936.raw_data.json,UTC-0300,yeLoKu9/uD,com.sec.android.app.shealth,2025-11-08 18:58:00.000,61326566-5f31-305f-3862-323966303936,
2025-11-08 19:57:00.000,,2025-11-08 19:57:00.000,2025-11-08 19:57:00.000,,,1.0,64633935-5f31-305f-6338-306166303936.raw_data.json,UTC-0300,yeLoKu9/uD,com.sec.android.app.shealth,2025-11-08 19:57:00.000,64633935-5f31-305f-6338-306166303936,
2025-11-08 23:39:00.000,,2025-11-08 23:39:00.000,2025-11-08 23:39:00.000,,,1.0,32633439-5f31-305f-3439-346466303936.raw_data.json,UTC-0300,yeLoKu9/uD,com.sec.android.app.shealth,2025-11-08 23:39:00.000,32633439-5f31-305f-3439-346466303936,
2025-11-09 00:08:00.000,,2025-11-09 00:08:00.000,2025-11-09 00:08:00.000,,,1.0,30343436-5f31-305f-3036-626466303936.raw_data.json,UTC-0300,yeLoKu9/uD,com.sec.android.app.shealth,2025-11-09 00:08:00.000,30343436-5f31-305f-3036-626466303936,
2025-11-09 00:16:00.000,,2025-11-09 00:16:00.000,2025-11-09 00:16:00.000,,,1.0,31636630-5f31-305f-3034-646466303936.raw_data.json,UTC-0300,yeLoKu9/uD,com.sec.android.app.shealth,2025-11-09 00:16:00.000,31636630-5f31-305f-3034-646466303936,
2025-11-09 17:52:00.000,,2025-11-09 17:52:00.000,2025-11-09 17:52:00.000,,,1.0,66636139-5f31-305f-3063-346430313936.raw_data.json,UTC-0300,yeLoKu9/uD,com.sec.android.app.shealth,2025-11-09 17:52:00.000,66636139-5f31-305f-3063-346430313936,
2025-11-09 17:54:00.000,,2025-11-09 17:54:00.000,2025-11-09 17:54:00.000,,,2.0,32356332-5f32-305f-3833-356430313936.raw_data.json,UTC-0300,yeLoKu9/uD,com.sec.android.app.shealth,2025-11-09 17:54:00.000,32356332-5f32-305f-3833-356430313936,
2025-11-09 18:01:00.000,,2025-11-09 18:01:00.000,2025-11-09 18:01:00.000,,,2.0,31373136-5f32-305f-6364-366430313936.raw_data.json,UTC-0300,yeLoKu9/uD,com.sec.android.app.shealth,2025-11-09 18:01:00.000,31373136-5f32-305f-6364-366430313936,
2025-11-09 18:10:00.000,,2025-11-09 18:10:00.000,2025-11-09 18:10:00.000,,,2.0,61366566-5f32-305f-3866-386430313936.raw_data.json,UTC-0300,yeLoKu9/uD,com.sec.android.app.shealth,2025-11-09 18:10:00.000,61366566-5f32-305f-3866-386430313936,
2025-11-09 18:13:00.000,,2025-11-09 18:13:00.000,2025-11-09 18:13:00.000,,,2.0,32376137-5f32-305f-6361-396430313936.raw_data.json,UTC-0300,yeLoKu9/uD,com.sec.android.app.shealth,2025-11-09 18:13:00.000,32376137-5f32-305f-6361-396430313936,
2025-11-10 13:44:00.000,,2025-11-10 13:44:00.000,2025-11-10 13:44:00.000,,,1.0,33323030-5f31-305f-3032-636531313936.raw_data.json,UTC-0300,yeLoKu9/uD,com.sec.android.app.shealth,2025-11-10 13:44:00.000,33323030-5f31-305f-3032-636531313936,
2025-11-10 13:47:00.000,,2025-11-10 13:47:00.000,2025-11-10 13:47:00.000,,,1.0,30626439-5f31-305f-3464-636531313936.raw_data.json,UTC-0300,yeLoKu9/uD,com.sec.android.app.shealth,2025-11-10 13:47:00.000,30626439-5f31-305f-3464-636531313936,
2025-11-10 21:04:00.000,,2025-11-10 21:04:00.000,2025-11-10 21:04:00.000,,,5.0,33613162-5f35-305f-3034-333532313936.raw_data.json,UTC-0300,yeLoKu9/uD,com.sec.android.app.shealth,2025-11-10 21:04:00.000,33613162-5f35-305f-3034-333532313936,
2025-11-10 21:10:00.000,,2025-11-10 21:10:00.000,2025-11-10 21:10:00.000,,,4.0,61323738-5f34-305f-3861-343532313936.raw_data.json,UTC-0300,yeLoKu9/uD,com.sec.android.app.shealth,2025-11-10 21:10:00.000,61323738-5f34-305f-3861-343532313936,
2025-11-10 21:15:00.000,,2025-11-10 21:15:00.000,2025-11-10 21:15:00.000,,,2.0,32386537-5f32-305f-3464-353532313936.raw_data.json,UTC-0300,yeLoKu9/uD,com.sec.android.app.shealth,2025-11-10 21:15:00.000,32386537-5f32-305f-3464-353532313936,
2025-11-10 21:22:00.000,,2025-11-10 21:22:00.000,2025-11-10 21:22:00.000,,,1.0,38383439-5f31-305f-3837-373532313936.raw_data.json,UTC-0300,yeLoKu9/uD,com.sec.android.app.shealth,2025-11-10 21:22:00.000,38383439-5f31-305f-3837-373532313936,
2025-11-10 21:23:00.000,,2025-11-10 21:23:00.000,2025-11-10 21:23:00.000,,,1.0,34346235-5f31-305f-3462-373532313936.raw_data.json,UTC-0300,yeLoKu9/uD,com.sec.android.app.shealth,2025-11-10 21:23:00.000,34346235-5f31-305f-3462-373532313936,
2025-11-10 21:32:00.000,,2025-11-10 21:32:00.000,2025-11-10 21:32:00.000,,,1.0,39316363-5f31-305f-3064-393532313936.raw_data.json,UTC-0300,yeLoKu9/uD,com.sec.android.app.shealth,2025-11-10 21:32:00.000,39316363-5f31-305f-3064-393532313936,
2025-11-10 21:33:00.000,,2025-11-10 21:33:00.000,2025-11-10 21:33:00.000,,,1.0,65306232-5f31-305f-6330-613532313936.raw_data.json,UTC-0300,yeLoKu9/uD,com.sec.android.app.shealth,2025-11-10 21:33:00.000,65306232-5f31-305f-6330-613532313936,
2025-11-10 21:35:00.000,,2025-11-10 21:35:00.000,2025-11-10 21:35:00.000,,,1.0,30333635-5f31-305f-3438-613532313936.raw_data.json,UTC-0300,yeLoKu9/uD,com.sec.android.app.shealth,2025-11-10 21:35:00.000,30333635-5f31-305f-3438-613532313936,
2025-11-10 21:40:00.000,,2025-11-10 21:40:00.000,2025-11-10 21:40:00.000,,,2.0,32663137-5f32-305f-3062-623532313936.raw_data.json,UTC-0300,yeLoKu9/uD,com.sec.android.app.shealth,2025-11-10 21:40:00.000,32663137-5f32-305f-3062-623532313936,
2025-11-10 21:50:00.000,,2025-11-10 21:50:00.000,2025-11-10 21:50:00.000,,,3.0,62363535-5f33-305f-3830-653532313936.raw_data.json,UTC-0300,yeLoKu9/uD,com.sec.android.app.shealth,2025-11-10 21:50:00.000,62363535-5f33-305f-3830-653532313936,
2025-11-10 21:52:00.000,,2025-11-10 21:52:00.000,2025-11-10 21:52:00.000,,,2.0,33616136-5f32-305f-3038-653532313936.raw_data.json,UTC-0300,yeLoKu9/uD,com.sec.android.app.shealth,2025-11-10 21:52:00.000,33616136-5f32-305f-3038-653532313936,
2025-11-10 21:57:00.000,,2025-11-10 21:57:00.000,2025-11-10 21:57:00.000,,,1.0,65613864-5f31-305f-6361-663532313936.raw_data.json,UTC-0300,yeLoKu9/uD,com.sec.android.app.shealth,2025-11-10 21:57:00.000,65613864-5f31-305f-6361-663532313936,
2025-11-10 21:59:00.000,,2025-11-10 21:59:00.000,2025-11-10 21:59:00.000,,,1.0,66303033-5f31-305f-3432-303632313936.raw_data.json,UTC-0300,yeLoKu9/uD,com.sec.android.app.shealth,2025-11-10 21:59:00.000,66303033-5f31-305f-3432-303632313936,
2025-11-10 22:17:00.000,,2025-11-10 22:17:00.000,2025-11-10 22:17:00.000,,,1.0,34386138-5f31-305f-6335-343632313936.raw_data.json,UTC-0300,yeLoKu9/uD,com.sec.android.app.shealth,2025-11-10 22:17:00.000,34386138-5f31-305f-6335-343632313936,
2025-11-10 23:48:00.000,,2025-11-10 23:48:00.000,2025-11-10 23:48:00.000,,,1.0,64636437-5f31-305f-3062-393732313936.raw_data.json,UTC-0300,yeLoKu9/uD,com.sec.android.app.shealth,2025-11-10 23:48:00.000,64636437-5f31-305f-3062-393732313936,
2025-11-11 01:50:00.000,,2025-11-11 01:50:00.000,2025-11-11 01:50:00.000,,,1.0,39346637-5f31-305f-3834-363932313936.raw_data.json,UTC-0300,yeLoKu9/uD,com.sec.android.app.shealth,2025-11-11 01:50:00.000,39346637-5f31-305f-3834-363932313936,
2025-11-11 02:01:00.000,,2025-11-11 02:01:00.000,2025-11-11 02:01:00.000,,,2.0,36643662-5f32-305f-6364-383932313936.raw_data.json,UTC-0300,yeLoKu9/uD,com.sec.android.app.shealth,2025-11-11 02:01:00.000,36643662-5f32-305f-6364-383932313936,
2025-11-11 02:08:00.000,,2025-11-11 02:08:00.000,2025-11-11 02:08:00.000,,,2.0,33383265-5f32-305f-3038-613932313936.raw_data.json,UTC-0300,yeLoKu9/uD,com.sec.android.app.shealth,2025-11-11 02:08:00.000,33383265-5f32-305f-3038-613932313936,
2025-11-11 02:12:00.000,,2025-11-11 02:12:00.000,2025-11-11 02:12:00.000,,,2.0,32346431-5f32-305f-3037-623932313936.raw_data.json,UTC-0300,yeLoKu9/uD,com.sec.android.app.shealth,2025-11-11 02:12:00.000,32346431-5f32-305f-3037-623932313936,
2025-11-11 02:20:00.000,,2025-11-11 02:20:00.000,2025-11-11 02:20:00.000,,,1.0,37316334-5f31-305f-3035-643932313936.raw_data.json,UTC-0300,yeLoKu9/uD,com.sec.android.app.shealth,2025-11-11 02:20:00.000,37316334-5f31-305f-3035-643932313936,
2025-11-11 13:46:00.000,,2025-11-11 13:46:00.000,2025-11-11 13:46:00.000,,,2.0,66636338-5f32-305f-3831-653333313936.raw_data.json,UTC-0300,yeLoKu9/uD,com.sec.android.app.shealth,2025-11-11 13:46:00.000,66636338-5f32-305f-3831-653333313936,
2025-11-11 15:09:00.000,,2025-11-11 15:09:00.000,2025-11-11 15:09:00.000,,,1.0,39323133-5f31-305f-6338-313533313936.raw_data.json,UTC-0300,yeLoKu9/uD,com.sec.android.app.shealth,2025-11-11 15:09:00.000,39323133-5f31-305f-6338-313533313936,
2025-11-11 15:10:00.000,,2025-11-11 15:10:00.000,2025-11-11 15:10:00.000,,,1.0,34306235-5f31-305f-3863-313533313936.raw_data.json,UTC-0300,yeLoKu9/uD,com.sec.android.app.shealth,2025-11-11 15:10:00.000,34306235-5f31-305f-3863-313533313936,
2025-11-11 18:52:00.000,,2025-11-11 18:52:00.000,2025-11-11 18:52:00.000,,,1.0,34626435-5f31-305f-3064-353833313936.raw_data.json,UTC-0300,yeLoKu9/uD,com.sec.android.app.shealth,2025-11-11 18:52:00.000,34626435-5f31-305f-3064-353833313936,
2025-11-11 20:58:00.000,,2025-11-11 20:58:00.000,2025-11-11 20:58:00.000,,,2.0,38376637-5f32-305f-3835-336133313936.raw_data.json,UTC-0300,yeLoKu9/uD,com.sec.android.app.shealth,2025-11-11 20:58:00.000,38376637-5f32-305f-3835-336133313936,
2025-11-11 21:05:00.000,,2025-11-11 21:05:00.000,2025-11-11 21:05:00.000,,,4.0,38643935-5f34-305f-6366-346133313936.raw_data.json,UTC-0300,yeLoKu9/uD,com.sec.android.app.shealth,2025-11-11 21:05:00.000,38643935-5f34-305f-6366-346133313936,
2025-11-11 21:42:00.000,,2025-11-11 21:42:00.000,2025-11-11 21:42:00.000,,,1.0,38363834-5f31-305f-3861-646133313936.raw_data.json,UTC-0300,yeLoKu9/uD,com.sec.android.app.shealth,2025-11-11 21:42:00.000,38363834-5f31-305f-3861-646133313936,
2025-11-11 21:43:00.000,,2025-11-11 21:43:00.000,2025-11-11 21:43:00.000,,,1.0,37613635-5f31-305f-3465-646133313936.raw_data.json,UTC-0300,yeLoKu9/uD,com.sec.android.app.shealth,2025-11-11 21:43:00.000,37613635-5f31-305f-3465-646133313936,
2025-11-11 22:04:00.000,,2025-11-11 22:04:00.000,2025-11-11 22:04:00.000,,,1.0,66663762-5f31-305f-3064-326233313936.raw_data.json,UTC-0300,yeLoKu9/uD,com.sec.android.app.shealth,2025-11-11 22:04:00.000,66663762-5f31-305f-3064-326233313936,
2025-11-11 22:16:00.000,,2025-11-11 22:16:00.000,2025-11-11 22:16:00.000,,,1.0,66333464-5f31-305f-3061-356233313936.raw_data.json,UTC-0300,yeLoKu9/uD,com.sec.android.app.shealth,2025-11-11 22:16:00.000,66333464-5f31-305f-3061-356233313936,
2025-11-11 23:18:00.000,,2025-11-11 23:18:00.000,2025-11-11 23:18:00.000,,,1.0,62323561-5f31-305f-3832-346333313936.raw_data.json,UTC-0300,yeLoKu9/uD,com.sec.android.app.shealth,2025-11-11 23:18:00.000,62323561-5f31-305f-3832-346333313936,
2025-11-12 00:28:00.000,,2025-11-12 00:28:00.000,2025-11-12 00:28:00.000,,,1.0,31666162-5f31-305f-3039-346433313936.raw_data.json,UTC-0300,yeLoKu9/uD,com.sec.android.app.shealth,2025-11-12 00:28:00.000,31666162-5f31-305f-3039-346433313936,
2025-11-12 01:56:00.000,,2025-11-12 01:56:00.000,2025-11-12 01:56:00.000,,,5.0,63663134-5f35-305f-3033-396533313936.raw_data.json,UTC-0300,yeLoKu9/uD,com.sec.android.app.shealth,2025-11-12 01:56:00.000,63663134-5f35-305f-3033-396533313936,
2025-11-12 02:02:00.000,,2025-11-12 02:02:00.000,2025-11-12 02:02:00.000,,,2.0,39646636-5f32-305f-3839-616533313936.raw_data.json,UTC-0300,yeLoKu9/uD,com.sec.android.app.shealth,2025-11-12 02:02:00.000,39646636-5f32-305f-3839-616533313936,
2025-11-12 02:03:00.000,,2025-11-12 02:03:00.000,2025-11-12 02:03:00.000,,,1.0,61376632-5f31-305f-3464-616533313936.raw_data.json,UTC-0300,yeLoKu9/uD,com.sec.android.app.shealth,2025-11-12 02:03:00.000,61376632-5f31-305f-3464-616533313936,
2025-11-12 02:10:00.000,,2025-11-12 02:10:00.000,2025-11-12 02:10:00.000,,,5.0,36393730-5f35-305f-3837-636533313936.raw_data.json,UTC-0300,yeLoKu9/uD,com.sec.android.app.shealth,2025-11-12 02:10:00.000,36393730-5f35-305f-3837-636533313936,
2025-11-12 02:14:00.000,,2025-11-12 02:14:00.000,2025-11-12 02:14:00.000,,,2.0,39306535-5f32-305f-3836-646533313936.raw_data.json,UTC-0300,yeLoKu9/uD,com.sec.android.app.shealth,2025-11-12 02:14:00.000,39306535-5f32-305f-3836-646533313936,
2025-11-12 12:42:00.000,,2025-11-12 12:42:00.000,2025-11-12 12:42:00.000,,,3.0,35616332-5f33-305f-3839-303834313936.raw_data.json,UTC-0300,yeLoKu9/uD,com.sec.android.app.shealth,2025-11-12 12:42:00.000,35616332-5f33-305f-3839-303834313936,
2025-11-12 13:52:00.000,,2025-11-12 13:52:00.000,2025-11-12 13:52:00.000,,,1.0,34636333-5f31-305f-3030-313934313936.raw_data.json,UTC-0300,yeLoKu9/uD,com.sec.android.app.shealth,2025-11-12 13:52:00.000,34636333-5f31-305f-3030-313934313936,
2025-11-12 13:53:00.000,,2025-11-12 13:53:00.000,2025-11-12 13:53:00.000,,,1.0,66616635-5f31-305f-6333-313934313936.raw_data.json,UTC-0300,yeLoKu9/uD,com.sec.android.app.shealth,2025-11-12 13:53:00.000,66616635-5f31-305f-6333-313934313936,
2025-11-12 21:09:00.000,,2025-11-12 21:09:00.000,2025-11-12 21:09:00.000,,,7.0,35313162-5f37-305f-6336-376634313936.raw_data.json,UTC-0300,yeLoKu9/uD,com.sec.android.app.shealth,2025-11-12 21:09:00.000,35313162-5f37-305f-6336-376634313936,
2025-11-12 21:20:00.000,,2025-11-12 21:20:00.000,2025-11-12 21:20:00.000,,,4.0,38323638-5f34-305f-3030-616634313936.raw_data.json,UTC-0300,yeLoKu9/uD,com.sec.android.app.shealth,2025-11-12 21:20:00.000,38323638-5f34-305f-3030-616634313936,
2025-11-12 21:24:00.000,,2025-11-12 21:24:00.000,2025-11-12 21:24:00.000,,,1.0,34616662-5f31-305f-3066-616634313936.raw_data.json,UTC-0300,yeLoKu9/uD,com.sec.android.app.shealth,2025-11-12 21:24:00.000,34616662-5f31-305f-3066-616634313936,
2025-11-12 21:37:00.000,,2025-11-12 21:37:00.000,2025-11-12 21:37:00.000,,,1.0,39653035-5f31-305f-6366-646634313936.raw_data.json,UTC-0300,yeLoKu9/uD,com.sec.android.app.shealth,2025-11-12 21:37:00.000,39653035-5f31-305f-6366-646634313936,
2025-11-12 21:41:00.000,,2025-11-12 21:41:00.000,2025-11-12 21:41:00.000,,,1.0,37353631-5f31-305f-6365-656634313936.raw_data.json,UTC-0300,yeLoKu9/uD,com.sec.android.app.shealth,2025-11-12 21:41:00.000,37353631-5f31-305f-6365-656634313936,
2025-11-12 21:50:00.000,,2025-11-12 21:50:00.000,2025-11-12 21:50:00.000,,,4.0,62646632-5f34-305f-3830-313035313936.raw_data.json,UTC-0300,yeLoKu9/uD,com.sec.android.app.shealth,2025-11-12 21:50:00.000,62646632-5f34-305f-3830-313035313936,
2025-11-12 21:51:00.000,,2025-11-12 21:51:00.000,2025-11-12 21:51:00.000,,,1.0,65353236-5f31-305f-3434-313035313936.raw_data.json,UTC-0300,yeLoKu9/uD,com.sec.android.app.shealth,2025-11-12 21:51:00.000,65353236-5f31-305f-3434-313035313936,
2025-11-12 21:55:00.000,,2025-11-12 21:55:00.000,2025-11-12 21:55:00.000,,,2.0,30323035-5f32-305f-3433-323035313936.raw_data.json,UTC-0300,yeLoKu9/uD,com.sec.android.app.shealth,2025-11-12 21:55:00.000,30323035-5f32-305f-3433-323035313936,
2025-11-12 22:24:00.000,,2025-11-12 22:24:00.000,2025-11-12 22:24:00.000,,,1.0,62663435-5f31-305f-3030-393035313936.raw_data.json,UTC-0300,yeLoKu9/uD,com.sec.android.app.shealth,2025-11-12 22:24:00.000,62663435-5f31-305f-3030-393035313936,
2025-11-13 00:17:00.000,,2025-11-13 00:17:00.000,2025-11-13 00:17:00.000,,,1.0,38333063-5f31-305f-6337-333235313936.raw_data.json,UTC-0300,yeLoKu9/uD,com.sec.android.app.shealth,2025-11-13 00:17:00.000,38333063-5f31-305f-6337-333235313936,
2025-11-13 01:57:00.000,,2025-11-13 01:57:00.000,2025-11-13 01:57:00.000,,,2.0,38613564-5f32-305f-6365-613335313936.raw_data.json,UTC-0300,yeLoKu9/uD,com.sec.android.app.shealth,2025-11-13 01:57:00.000,38613564-5f32-305f-6365-613335313936,
2025-11-13 01:59:00.000,,2025-11-13 01:59:00.000,2025-11-13 01:59:00.000,,,2.0,65343030-5f32-305f-3436-623335313936.raw_data.json,UTC-0300,yeLoKu9/uD,com.sec.android.app.shealth,2025-11-13 01:59:00.000,65343030-5f32-305f-3436-623335313936,
2025-11-13 02:03:00.000,,2025-11-13 02:03:00.000,2025-11-13 02:03:00.000,,,3.0,36613738-5f33-305f-3435-633335313936.raw_data.json,UTC-0300,yeLoKu9/uD,com.sec.android.app.shealth,2025-11-13 02:03:00.000,36613738-5f33-305f-3435-633335313936,
2025-11-13 02:04:00.000,,2025-11-13 02:04:00.000,2025-11-13 02:04:00.000,,,1.0,34313763-5f31-305f-3039-633335313936.raw_data.json,UTC-0300,yeLoKu9/uD,com.sec.android.app.shealth,2025-11-13 02:04:00.000,34313763-5f31-305f-3039-633335313936,
2025-11-13 02:05:00.000,,2025-11-13 02:05:00.000,2025-11-13 02:05:00.000,,,1.0,33396438-5f31-305f-6363-633335313936.raw_data.json,UTC-0300,yeLoKu9/uD,com.sec.android.app.shealth,2025-11-13 02:05:00.000,33396438-5f31-305f-6363-633335313936,
2025-11-13 02:06:00.000,,2025-11-13 02:06:00.000,2025-11-13 02:06:00.000,,,6.0,35323764-5f36-305f-3830-643335313936.raw_data.json,UTC-0300,yeLoKu9/uD,com.sec.android.app.shealth,2025-11-13 02:06:00.000,35323764-5f36-305f-3830-643335313936,
2025-11-13 02:09:00.000,,2025-11-13 02:09:00.000,2025-11-13 02:09:00.000,,,1.0,36353439-5f31-305f-6362-643335313936.raw_data.json,UTC-0300,yeLoKu9/uD,com.sec.android.app.shealth,2025-11-13 02:09:00.000,36353439-5f31-305f-6362-643335313936,
2025-11-13 02:14:00.000,,2025-11-13 02:14:00.000,2025-11-13 02:14:00.000,,,1.0,34323638-5f31-305f-3865-653335313936.raw_data.json,UTC-0300,yeLoKu9/uD,com.sec.android.app.shealth,2025-11-13 02:14:00.000,34323638-5f31-305f-3865-653335313936,
2025-11-13 02:16:00.000,,2025-11-13 02:16:00.000,2025-11-13 02:16:00.000,,,1.0,34343665-5f31-305f-3036-663335313936.raw_data.json,UTC-0300,yeLoKu9/uD,com.sec.android.app.shealth,2025-11-13 02:16:00.000,34343665-5f31-305f-3036-663335313936,
2025-11-13 21:00:00.000,,2025-11-13 21:00:00.000,2025-11-13 21:00:00.000,,,2.0,66643233-5f32-305f-3064-363436313936.raw_data.json,UTC-0300,yeLoKu9/uD,com.sec.android.app.shealth,2025-11-13 21:00:00.000,66643233-5f32-305f-3064-363436313936,
2025-11-13 21:02:00.000,,2025-11-13 21:02:00.000,2025-11-13 21:02:00.000,,,2.0,39353530-5f32-305f-3834-373436313936.raw_data.json,UTC-0300,yeLoKu9/uD,com.sec.android.app.shealth,2025-11-13 21:02:00.000,39353530-5f32-305f-3834-373436313936,
2025-11-13 21:10:00.000,,2025-11-13 21:10:00.000,2025-11-13 21:10:00.000,,,4.0,64386437-5f34-305f-3832-393436313936.raw_data.json,UTC-0300,yeLoKu9/uD,com.sec.android.app.shealth,2025-11-13 21:10:00.000,64386437-5f34-305f-3832-393436313936,
2025-11-13 21:11:00.000,,2025-11-13 21:11:00.000,2025-11-13 21:11:00.000,,,3.0,33346465-5f33-305f-3436-393436313936.raw_data.json,UTC-0300,yeLoKu9/uD,com.sec.android.app.shealth,2025-11-13 21:11:00.000,33346465-5f33-305f-3436-393436313936,
2025-11-14 00:10:00.000,,2025-11-14 00:10:00.000,2025-11-14 00:10:00.000,,,2.0,62373739-5f32-305f-3835-333736313936.raw_data.json,UTC-0300,yeLoKu9/uD,com.sec.android.app.shealth,2025-11-14 00:10:00.000,62373739-5f32-305f-3835-333736313936,
2025-11-14 00:12:00.000,,2025-11-14 00:12:00.000,2025-11-14 00:12:00.000,,,1.0,65626262-5f31-305f-3064-333736313936.raw_data.json,UTC-0300,yeLoKu9/uD,com.sec.android.app.shealth,2025-11-14 00:12:00.000,65626262-5f31-305f-3064-333736313936,
2025-11-14 00:14:00.000,,2025-11-14 00:14:00.000,2025-11-14 00:14:00.000,,,2.0,30396234-5f32-305f-3834-343736313936.raw_data.json,UTC-0300,yeLoKu9/uD,com.sec.android.app.shealth,2025-11-14 00:14:00.000,30396234-5f32-305f-3834-343736313936,
2025-11-14 00:15:00.000,,2025-11-14 00:15:00.000,2025-11-14 00:15:00.000,,,1.0,36313739-5f31-305f-3438-343736313936.raw_data.json,UTC-0300,yeLoKu9/uD,com.sec.android.app.shealth,2025-11-14 00:15:00.000,36313739-5f31-305f-3438-343736313936,
2025-11-14 00:18:00.000,,2025-11-14 00:18:00.000,2025-11-14 00:18:00.000,,,5.0,39383539-5f35-305f-3833-353736313936.raw_data.json,UTC-0300,yeLoKu9/uD,com.sec.android.app.shealth,2025-11-14 00:18:00.000,39383539-5f35-305f-3833-353736313936,
2025-11-14 00:24:00.000,,2025-11-14 00:24:00.000,2025-11-14 00:24:00.000,,,2.0,64393835-5f32-305f-3061-363736313936.raw_data.json,UTC-0300,yeLoKu9/uD,com.sec.android.app.shealth,2025-11-14 00:24:00.000,64393835-5f32-305f-3061-363736313936,
2025-11-14 00:36:00.000,,2025-11-14 00:36:00.000,2025-11-14 00:36:00.000,,,3.0,65373065-5f33-305f-3037-393736313936.raw_data.json,UTC-0300,yeLoKu9/uD,com.sec.android.app.shealth,2025-11-14 00:36:00.000,65373065-5f33-305f-3037-393736313936,
2025-11-14 00:37:00.000,,2025-11-14 00:37:00.000,2025-11-14 00:37:00.000,,,1.0,37376262-5f31-305f-6361-393736313936.raw_data.json,UTC-0300,yeLoKu9/uD,com.sec.android.app.shealth,2025-11-14 00:37:00.000,37376262-5f31-305f-6361-393736313936,
2025-11-14 00:38:00.000,,2025-11-14 00:38:00.000,2025-11-14 00:38:00.000,,,1.0,36633631-5f31-305f-3865-393736313936.raw_data.json,UTC-0300,yeLoKu9/uD,com.sec.android.app.shealth,2025-11-14 00:38:00.000,36633631-5f31-305f-3865-393736313936,
2025-11-14 11:25:00.000,,2025-11-14 11:25:00.000,2025-11-14 11:25:00.000,,,1.0,66323331-5f31-305f-6338-313137313936.raw_data.json,UTC-0300,yeLoKu9/uD,com.sec.android.app.shealth,2025-11-14 11:25:00.000,66323331-5f31-305f-6338-313137313936,
2025-11-14 11:57:00.000,,2025-11-14 11:57:00.000,2025-11-14 11:57:00.000,,,2.0,36323737-5f32-305f-6330-393137313936.raw_data.json,UTC-0300,yeLoKu9/uD,com.sec.android.app.shealth,2025-11-14 11:57:00.000,36323737-5f32-305f-6330-393137313936,
2025-11-14 12:12:00.000,,2025-11-14 12:12:00.000,2025-11-14 12:12:00.000,,,1.0,38393232-5f31-305f-3039-633137313936.raw_data.json,UTC-0300,yeLoKu9/uD,com.sec.android.app.shealth,2025-11-14 12:12:00.000,38393232-5f31-305f-3039-633137313936,
2025-11-14 20:38:00.000,,2025-11-14 20:38:00.000,2025-11-14 20:38:00.000,,,1.0,64323466-5f31-305f-3832-333937313936.raw_data.json,UTC-0300,yeLoKu9/uD,com.sec.android.app.shealth,2025-11-14 20:38:00.000,64323466-5f31-305f-3832-333937313936,
2025-11-14 20:39:00.000,,2025-11-14 20:39:00.000,2025-11-14 20:39:00.000,,,1.0,66636338-5f31-305f-3436-333937313936.raw_data.json,UTC-0300,yeLoKu9/uD,com.sec.android.app.shealth,2025-11-14 20:39:00.000,66636338-5f31-305f-3436-333937313936,
2025-11-14 20:50:00.000,,2025-11-14 20:50:00.000,2025-11-14 20:50:00.000,,,2.0,36343666-5f32-305f-3866-353937313936.raw_data.json,UTC-0300,yeLoKu9/uD,com.sec.android.app.shealth,2025-11-14 20:50:00.000,36343666-5f32-305f-3866-353937313936,
2025-11-14 20:58:00.000,,2025-11-14 20:58:00.000,2025-11-14 20:58:00.000,,,4.0,39323133-5f34-305f-3864-373937313936.raw_data.json,UTC-0300,yeLoKu9/uD,com.sec.android.app.shealth,2025-11-14 20:58:00.000,39323133-5f34-305f-3864-373937313936,
2025-11-14 21:01:00.000,,2025-11-14 21:01:00.000,2025-11-14 21:01:00.000,,,5.0,34306235-5f35-305f-6338-383937313936.raw_data.json,UTC-0300,yeLoKu9/uD,com.sec.android.app.shealth,2025-11-14 21:01:00.000,34306235-5f35-305f-6338-383937313936,
2025-11-14 21:04:00.000,,2025-11-14 21:04:00.000,2025-11-14 21:04:00.000,,,1.0,34626435-5f31-305f-3034-393937313936.raw_data.json,UTC-0300,yeLoKu9/uD,com.sec.android.app.shealth,2025-11-14 21:04:00.000,34626435-5f31-305f-3034-393937313936,
2025-11-14 22:03:00.000,,2025-11-14 22:03:00.000,2025-11-14 22:03:00.000,,,4.0,38376637-5f34-305f-3431-376137313936.raw_data.json,UTC-0300,yeLoKu9/uD,com.sec.android.app.shealth,2025-11-14 22:03:00.000,38376637-5f34-305f-3431-376137313936,
2025-11-15 01:42:00.000,,2025-11-15 01:42:00.000,2025-11-15 01:42:00.000,,,1.0,38643935-5f31-305f-3836-616437313936.raw_data.json,UTC-0300,yeLoKu9/uD,com.sec.android.app.shealth,2025-11-15 01:42:00.000,38643935-5f31-305f-3836-616437313936,
2025-11-15 01:52:00.000,,2025-11-15 01:52:00.000,2025-11-15 01:52:00.000,,,1.0,38363834-5f31-305f-3063-636437313936.raw_data.json,UTC-0300,yeLoKu9/uD,com.sec.android.app.shealth,2025-11-15 01:52:00.000,38363834-5f31-305f-3063-636437313936,
2025-11-15 01:57:00.000,,2025-11-15 01:57:00.000,2025-11-15 01:57:00.000,,,1.0,37613635-5f31-305f-6365-646437313936.raw_data.json,UTC-0300,yeLoKu9/uD,com.sec.android.app.shealth,2025-11-15 01:57:00.000,37613635-5f31-305f-6365-646437313936,
2025-11-15 02:00:00.000,,2025-11-15 02:00:00.000,2025-11-15 02:00:00.000,,,1.0,66663762-5f31-305f-3061-656437313936.raw_data.json,UTC-0300,yeLoKu9/uD,com.sec.android.app.shealth,2025-11-15 02:00:00.000,66663762-5f31-305f-3061-656437313936,
2025-11-15 02:03:00.000,,2025-11-15 02:03:00.000,2025-11-15 02:03:00.000,,,2.0,66333464-5f32-305f-3435-666437313936.raw_data.json,UTC-0300,yeLoKu9/uD,com.sec.android.app.shealth,2025-11-15 02:03:00.000,66333464-5f32-305f-3435-666437313936,
2025-11-15 02:04:00.000,,2025-11-15 02:04:00.000,2025-11-15 02:04:00.000,,,1.0,62323561-5f31-305f-3039-666437313936.raw_data.json,UTC-0300,yeLoKu9/uD,com.sec.android.app.shealth,2025-11-15 02:04:00.000,62323561-5f31-305f-3039-666437313936,
2025-11-15 02:06:00.000,,2025-11-15 02:06:00.000,2025-11-15 02:06:00.000,,,1.0,31666162-5f31-305f-3830-306537313936.raw_data.json,UTC-0300,yeLoKu9/uD,com.sec.android.app.shealth,2025-11-15 02:06:00.000,31666162-5f31-305f-3830-306537313936,
2025-11-15 13:42:00.000,,2025-11-15 13:42:00.000,2025-11-15 13:42:00.000,,,1.0,63663134-5f31-305f-3832-333838313936.raw_data.json,UTC-0300,yeLoKu9/uD,com.sec.android.app.shealth,2025-11-15 13:42:00.000,63663134-5f31-305f-3832-333838313936,
2025-11-15 20:29:00.000,,2025-11-15 20:29:00.000,2025-11-15 20:29:00.000,,,1.0,64323466-5f31-305f-6338-326538313936.raw_data.json,UTC-0300,yeLoKu9/uD,com.sec.android.app.shealth,2025-11-15 20:29:00.000,64323466-5f31-305f-6338-326538313936,
2025-11-15 20:39:00.000,,2025-11-15 20:39:00.000,2025-11-15 20:39:00.000,,,1.0,66636338-5f31-305f-3465-346538313936.raw_data.json,UTC-0300,yeLoKu9/uD,com.sec.android.app.shealth,2025-11-15 20:39:00.000,66636338-5f31-305f-3465-346538313936,
2025-11-16 00:19:00.000,,2025-11-16 00:19:00.000,2025-11-16 00:19:00.000,,,1.0,36343666-5f31-305f-3437-383139313936.raw_data.json,UTC-0300,yeLoKu9/uD,com.sec.android.app.shealth,2025-11-16 00:19:00.000,36343666-5f31-305f-3437-383139313936,
2025-11-16 20:56:00.000,,2025-11-16 20:56:00.000,2025-11-16 20:56:00.000,,,1.0,39323133-5f31-305f-3036-613361313936.raw_data.json,UTC-0300,yeLoKu9/uD,com.sec.android.app.shealth,2025-11-16 20:56:00.000,39323133-5f31-305f-3036-613361313936,
2025-11-16 21:14:00.000,,2025-11-16 21:14:00.000,2025-11-16 21:14:00.000,,,1.0,34306235-5f31-305f-3839-653361313936.raw_data.json,UTC-0300,yeLoKu9/uD,com.sec.android.app.shealth,2025-11-16 21:14:00.000,34306235-5f31-305f-3839-653361313936,
2025-11-17 20:58:00.000,,2025-11-17 20:58:00.000,2025-11-17 20:58:00.000,,,1.0,64323466-5f31-305f-3835-633862313936.raw_data.json,UTC-0300,yeLoKu9/uD,com.sec.android.app.shealth,2025-11-17 20:58:00.000,64323466-5f31-305f-3835-633862313936,
2025-11-17 20:59:00.000,,2025-11-17 20:59:00.000,2025-11-17 20:59:00.000,,,2.0,66636338-5f32-305f-3439-633862313936.raw_data.json,UTC-0300,yeLoKu9/uD,com.sec.android.app.shealth,2025-11-17 20:59:00.000,66636338-5f32-305f-3439-633862313936,
2025-11-17 21:00:00.000,,2025-11-17 21:00:00.000,2025-11-17 21:00:00.000,,,1.0,36343666-5f31-305f-3064-633862313936.raw_data.json,UTC-0300,yeLoKu9/uD,com.sec.android.app.shealth,2025-11-17 21:00:00.000,36343666-5f31-305f-3064-633862313936,
2025-11-17 21:05:00.000,,2025-11-17 21:05:00.000,2025-11-17 21:05:00.000,,,1.0,39323133-5f31-305f-6366-643862313936.raw_data.json,UTC-0300,yeLoKu9/uD,com.sec.android.app.shealth,2025-11-17 21:05:00.000,39323133-5f31-305f-6366-643862313936,
2025-11-17 21:08:00.000,,2025-11-17 21:08:00.000,2025-11-17 21:08:00.000,,,3.0,34306235-5f33-305f-3062-653862313936.raw_data.json,UTC-0300,yeLoKu9/uD,com.sec.android.app.shealth,2025-11-17 21:08:00.000,34306235-5f33-305f-3062-653862313936,
2025-11-17 21:41:00.000,,2025-11-17 21:41:00.000,2025-11-17 21:41:00.000,,,1.0,34626435-5f31-305f-6336-363962313936.raw_data.json,UTC-0300,yeLoKu9/uD,com.sec.android.app.shealth,2025-11-17 21:41:00.000,34626435-5f31-305f-6336-363962313936,
2025-11-17 21:42:00.000,,2025-11-17 21:42:00.000,2025-11-17 21:42:00.000,,,1.0,38376637-5f31-305f-3861-363962313936.raw_data.json,UTC-0300,yeLoKu9/uD,com.sec.android.app.shealth,2025-11-17 21:42:00.000,38376637-5f31-305f-3861-363962313936,
2025-11-17 21:49:00.000,,2025-11-17 21:49:00.000,2025-11-17 21:49:00.000,,,1.0,38643935-5f31-305f-6334-383962313936.raw_data.json,UTC-0300,yeLoKu9/uD,com.sec.android.app.shealth,2025-11-17 21:49:00.000,38643935-5f31-305f-6334-383962313936,
2025-11-17 21:52:00.000,,2025-11-17 21:52:00.000,2025-11-17 21:52:00.000,,,2.0,38363834-5f32-305f-3030-393962313936.raw_data.json,UTC-0300,yeLoKu9/uD,com.sec.android.app.shealth,2025-11-17 21:52:00.000,38363834-5f32-305f-3030-393962313936,
2025-11-17 21:53:00.000,,2025-11-17 21:53:00.000,2025-11-17 21:53:00.000,,,1.0,37613635-5f31-305f-6333-393962313936.raw_data.json,UTC-0300,yeLoKu9/uD,com.sec.android.app.shealth,2025-11-17 21:53:00.000,37613635-5f31-305f-6333-393962313936,
2025-11-17 21:57:00.000,,2025-11-17 21:57:00.000,2025-11-17 21:57:00.000,,,2.0,66663762-5f32-305f-6332-613962313936.raw_data.json,UTC-0300,yeLoKu9/uD,com.sec.android.app.shealth,2025-11-17 21:57:00.000,66663762-5f32-305f-6332-613962313936,
2025-11-18 01:51:00.000,,2025-11-18 01:51:00.000,2025-11-18 01:51:00.000,,,2.0,64323466-5f32-305f-3430-316462313936.raw_data.json,UTC-0300,yeLoKu9/uD,com.sec.android.app.shealth,2025-11-18 01:51:00.000,64323466-5f32-305f-3430-316462313936,
2025-11-18 01:57:00.000,,2025-11-18 01:57:00.000,2025-11-18 01:57:00.000,,,2.0,66636338-5f32-305f-6336-326462313936.raw_data.json,UTC-0300,yeLoKu9/uD,com.sec.android.app.shealth,2025-11-18 01:57:00.000,66636338-5f32-305f-6336-326462313936,
2025-11-18 02:01:00.000,,2025-11-18 02:01:00.000,2025-11-18 02:01:00.000,,,2.0,36343666-5f32-305f-6335-336462313936.raw_data.json,UTC-0300,yeLoKu9/uD,com.sec.android.app.shealth,2025-11-18 02:01:00.000,36343666-5f32-305f-6335-336462313936,
2025-11-18 02:08:00.000,,2025-11-18 02:08:00.000,2025-11-18 02:08:00.000,,,2.0,39323133-5f32-305f-3030-356462313936.raw_data.json,UTC-0300,yeLoKu9/uD,com.sec.android.app.shealth,2025-11-18 02:08:00.000,39323133-5f32-305f-3030-356462313936,
2025-11-18 02:09:00.000,,2025-11-18 02:09:00.000,2025-11-18 02:09:00.000,,,1.0,34306235-5f31-305f-6333-356462313936.raw_data.json,UTC-0300,yeLoKu9/uD,com.sec.android.app.shealth,2025-11-18 02:09:00.000,34306235-5f31-305f-6333-356462313936,
2025-11-18 02:10:00.000,,2025-11-18 02:10:00.000,2025-11-18 02:10:00.000,,,1.0,34626435-5f31-305f-3837-356462313936.raw_data.json,UTC-0300,yeLoKu9/uD,com.sec.android.app.shealth,2025-11-18 02:10:00.000,34626435-5f31-305f-3837-356462313936,
2025-11-18 02:16:00.000,,2025-11-18 02:16:00.000,2025-11-18 02:16:00.000,,,2.0,38376637-5f32-305f-3065-366462313936.raw_data.json,UTC-0300,yeLoKu9/uD,com.sec.android.app.shealth,2025-11-18 02:16:00.000,38376637-5f32-305f-3065-366462313936,
2025-11-18 02:29:00.000,,2025-11-18 02:29:00.000,2025-11-18 02:29:00.000,,,1.0,38643935-5f31-305f-6365-396462313936.raw_data.json,UTC-0300,yeLoKu9/uD,com.sec.android.app.shealth,2025-11-18 02:29:00.000,38643935-5f31-305f-6365-396462313936,
2025-11-18 22:27:00.000,,2025-11-18 22:27:00.000,2025-11-18 22:27:00.000,,,1.0,38363834-5f31-305f-3462-326663313936.raw_data.json,UTC-0300,yeLoKu9/uD,com.sec.android.app.shealth,2025-11-18 22:27:00.000,38363834-5f31-305f-3462-326663313936,
2025-11-19 12:44:00.000,,2025-11-19 12:44:00.000,2025-11-19 12:44:00.000,,,1.0,37613635-5f31-305f-3039-626264313936.raw_data.json,UTC-0300,yeLoKu9/uD,com.sec.android.app.shealth,2025-11-19 12:44:00.000,37613635-5f31-305f-3039-626264313936,
2025-11-19 14:24:00.000,,2025-11-19 14:24:00.000,2025-11-19 14:24:00.000,,,1.0,66663762-5f31-305f-3030-336464313936.raw_data.json,UTC-0300,yeLoKu9/uD,com.sec.android.app.shealth,2025-11-19 14:24:00.000,66663762-5f31-305f-3030-336464313936,
2025-11-19 21:00:00.000,,2025-11-19 21:00:00.000,2025-11-19 21:00:00.000,,,2.0,66333464-5f32-305f-3064-663265313936.raw_data.json,UTC-0300,yeLoKu9/uD,com.sec.android.app.shealth,2025-11-19 21:00:00.000,66333464-5f32-305f-3064-663265313936,
2025-11-19 21:05:00.000,,2025-11-19 21:05:00.000,2025-11-19 21:05:00.000,,,1.0,62323561-5f31-305f-6366-303365313936.raw_data.json,UTC-0300,yeLoKu9/uD,com.sec.android.app.shealth,2025-11-19 21:05:00.000,62323561-5f31-305f-6366-303365313936,
2025-11-19 21:40:00.000,,2025-11-19 21:40:00.000,2025-11-19 21:40:00.000,,,1.0,31666162-5f31-305f-3033-393365313936.raw_data.json,UTC-0300,yeLoKu9/uD,com.sec.android.app.shealth,2025-11-19 21:40:00.000,31666162-5f31-305f-3033-393365313936,
2025-11-19 22:06:00.000,,2025-11-19 22:06:00.000,2025-11-19 22:06:00.000,,,1.0,63663134-5f31-305f-3834-663365313936.raw_data.json,UTC-0300,yeLoKu9/uD,com.sec.android.app.shealth,2025-11-19 22:06:00.000,63663134-5f31-305f-3834-663365313936,
2025-11-20 01:46:00.000,,2025-11-20 01:46:00.000,2025-11-20 01:46:00.000,,,1.0,39646636-5f31-305f-3864-323765313936.raw_data.json,UTC-0300,yeLoKu9/uD,com.sec.android.app.shealth,2025-11-20 01:46:00.000,39646636-5f31-305f-3864-323765313936,
2025-11-20 02:05:00.000,,2025-11-20 02:05:00.000,2025-11-20 02:05:00.000,,,3.0,61376632-5f33-305f-6334-373765313936.raw_data.json,UTC-0300,yeLoKu9/uD,com.sec.android.app.shealth,2025-11-20 02:05:00.000,61376632-5f33-305f-6334-373765313936,
2025-11-20 02:09:00.000,,2025-11-20 02:09:00.000,2025-11-20 02:09:00.000,,,2.0,36393730-5f32-305f-6333-383765313936.raw_data.json,UTC-0300,yeLoKu9/uD,com.sec.android.app.shealth,2025-11-20 02:09:00.000,36393730-5f32-305f-6333-383765313936,
2025-11-20 02:14:00.000,,2025-11-20 02:14:00.000,2025-11-20 02:14:00.000,,,2.0,39306535-5f32-305f-3836-393765313936.raw_data.json,UTC-0300,yeLoKu9/uD,com.sec.android.app.shealth,2025-11-20 02:14:00.000,39306535-5f32-305f-3836-393765313936,
2025-11-20 02:15:00.000,,2025-11-20 02:15:00.000,2025-11-20 02:15:00.000,,,3.0,63323037-5f33-305f-3461-393765313936.raw_data.json,UTC-0300,yeLoKu9/uD,com.sec.android.app.shealth,2025-11-20 02:15:00.000,63323037-5f33-305f-3461-393765313936,
2025-11-20 13:27:00.000,,2025-11-20 13:27:00.000,2025-11-20 13:27:00.000,,,1.0,35616332-5f31-305f-3432-373166313936.raw_data.json,UTC-0300,yeLoKu9/uD,com.sec.android.app.shealth,2025-11-20 13:27:00.000,35616332-5f31-305f-3432-373166313936,
2025-11-20 13:52:00.000,,2025-11-20 13:52:00.000,2025-11-20 13:52:00.000,,,1.0,34376664-5f31-305f-3030-643166313936.raw_data.json,UTC-0300,yeLoKu9/uD,com.sec.android.app.shealth,2025-11-20 13:52:00.000,34376664-5f31-305f-3030-643166313936,
2025-11-20 14:00:00.000,,2025-11-20 14:00:00.000,2025-11-20 14:00:00.000,,,1.0,34363330-5f31-305f-3065-653166313936.raw_data.json,UTC-0300,yeLoKu9/uD,com.sec.android.app.shealth,2025-11-20 14:00:00.000,34363330-5f31-305f-3065-653166313936,
2025-11-20 14:01:00.000,,2025-11-20 14:01:00.000,2025-11-20 14:01:00.000,,,1.0,34636333-5f31-305f-6331-663166313936.raw_data.json,UTC-0300,yeLoKu9/uD,com.sec.android.app.shealth,2025-11-20 14:01:00.000,34636333-5f31-305f-6331-663166313936,
2025-11-20 14:02:00.000,,2025-11-20 14:02:00.000,2025-11-20 14:02:00.000,,,1.0,66616635-5f31-305f-3835-663166313936.raw_data.json,UTC-0300,yeLoKu9/uD,com.sec.android.app.shealth,2025-11-20 14:02:00.000,66616635-5f31-305f-3835-663166313936,
2025-11-20 21:12:00.000,,2025-11-20 21:12:00.000,2025-11-20 21:12:00.000,,,1.0,38323638-5f31-305f-3032-343866313936.raw_data.json,UTC-0300,yeLoKu9/uD,com.sec.android.app.shealth,2025-11-20 21:12:00.000,38323638-5f31-305f-3032-343866313936,
2025-11-21 23:25:00.000,,2025-11-21 23:25:00.000,2025-11-21 23:25:00.000,,,1.0,64323466-5f31-305f-6363-346630323936.raw_data.json,UTC-0300,yeLoKu9/uD,com.sec.android.app.shealth,2025-11-21 23:25:00.000,64323466-5f31-305f-6363-346630323936,
2025-11-21 23:28:00.000,,2025-11-21 23:28:00.000,2025-11-21 23:28:00.000,,,1.0,66636338-5f31-305f-3038-356630323936.raw_data.json,UTC-0300,yeLoKu9/uD,com.sec.android.app.shealth,2025-11-21 23:28:00.000,66636338-5f31-305f-3038-356630323936,
2025-11-21 23:34:00.000,,2025-11-21 23:34:00.000,2025-11-21 23:34:00.000,,,1.0,36343666-5f31-305f-3865-366630323936.raw_data.json,UTC-0300,yeLoKu9/uD,com.sec.android.app.shealth,2025-11-21 23:34:00.000,36343666-5f31-305f-3865-366630323936,
2025-11-21 23:49:00.000,,2025-11-21 23:49:00.000,2025-11-21 23:49:00.000,,,1.0,39323133-5f31-305f-6336-616630323936.raw_data.json,UTC-0300,yeLoKu9/uD,com.sec.android.app.shealth,2025-11-21 23:49:00.000,39323133-5f31-305f-6336-616630323936,
2025-11-22 01:50:00.000,,2025-11-22 01:50:00.000,2025-11-22 01:50:00.000,,,1.0,34306235-5f31-305f-3863-363131323936.raw_data.json,UTC-0300,yeLoKu9/uD,com.sec.android.app.shealth,2025-11-22 01:50:00.000,34306235-5f31-305f-3863-363131323936,
2025-11-22 02:05:00.000,,2025-11-22 02:05:00.000,2025-11-22 02:05:00.000,,,1.0,34626435-5f31-305f-6334-613131323936.raw_data.json,UTC-0300,yeLoKu9/uD,com.sec.android.app.shealth,2025-11-22 02:05:00.000,34626435-5f31-305f-6334-613131323936,
2025-11-22 02:09:00.000,,2025-11-22 02:09:00.000,2025-11-22 02:09:00.000,,,2.0,38376637-5f32-305f-6333-623131323936.raw_data.json,UTC-0300,yeLoKu9/uD,com.sec.android.app.shealth,2025-11-22 02:09:00.000,38376637-5f32-305f-6333-623131323936,
2025-11-22 02:21:00.000,,2025-11-22 02:21:00.000,2025-11-22 02:21:00.000,,,1.0,38643935-5f31-305f-6330-653131323936.raw_data.json,UTC-0300,yeLoKu9/uD,com.sec.android.app.shealth,2025-11-22 02:21:00.000,38643935-5f31-305f-6330-653131323936,
2025-11-22 02:22:00.000,,2025-11-22 02:22:00.000,2025-11-22 02:22:00.000,,,2.0,38363834-5f32-305f-3834-653131323936.raw_data.json,UTC-0300,yeLoKu9/uD,com.sec.android.app.shealth,2025-11-22 02:22:00.000,38363834-5f32-305f-3834-653131323936,
2025-11-22 03:14:00.000,,2025-11-22 03:14:00.000,2025-11-22 03:14:00.000,,,1.0,37613635-5f31-305f-3837-613231323936.raw_data.json,UTC-0300,yeLoKu9/uD,com.sec.android.app.shealth,2025-11-22 03:14:00.000,37613635-5f31-305f-3837-613231323936,
2025-11-22 20:15:00.000,,2025-11-22 20:15:00.000,2025-11-22 20:15:00.000,,,1.0,66663762-5f31-305f-3463-393132323936.raw_data.json,UTC-0300,yeLoKu9/uD,com.sec.android.app.shealth,2025-11-22 20:15:00.000,66663762-5f31-305f-3463-393132323936,
2025-11-23 15:09:00.000,,2025-11-23 15:09:00.000,2025-11-23 15:09:00.000,,,1.0,66333464-5f31-305f-6338-333233323936.raw_data.json,UTC-0300,yeLoKu9/uD,com.sec.android.app.shealth,2025-11-23 15:09:00.000,66333464-5f31-305f-6338-333233323936,
2025-11-23 21:42:00.000,,2025-11-23 21:42:00.000,2025-11-23 21:42:00.000,,,1.0,62323561-5f31-305f-3861-663733323936.raw_data.json,UTC-0300,yeLoKu9/uD,com.sec.android.app.shealth,2025-11-23 21:42:00.000,62323561-5f31-305f-3861-663733323936,
2025-11-24 20:53:00.000,,2025-11-24 20:53:00.000,2025-11-24 20:53:00.000,,,1.0,31666162-5f31-305f-6361-356334323936.raw_data.json,UTC-0300,yeLoKu9/uD,com.sec.android.app.shealth,2025-11-24 20:53:00.000,31666162-5f31-305f-6361-356334323936,
2025-11-24 20:55:00.000,,2025-11-24 20:55:00.000,2025-11-24 20:55:00.000,,,2.0,63663134-5f32-305f-3432-366334323936.raw_data.json,UTC-0300,yeLoKu9/uD,com.sec.android.app.shealth,2025-11-24 20:55:00.000,63663134-5f32-305f-3432-366334323936,
2025-11-24 21:01:00.000,,2025-11-24 21:01:00.000,2025-11-24 21:01:00.000,,,1.0,39646636-5f31-305f-6338-376334323936.raw_data.json,UTC-0300,yeLoKu9/uD,com.sec.android.app.shealth,2025-11-24 21:01:00.000,39646636-5f31-305f-6338-376334323936,
2025-11-24 21:13:00.000,,2025-11-24 21:13:00.000,2025-11-24 21:13:00.000,,,5.0,61376632-5f35-305f-6335-616334323936.raw_data.json,UTC-0300,yeLoKu9/uD,com.sec.android.app.shealth,2025-11-24 21:13:00.000,61376632-5f35-305f-6335-616334323936,
2025-11-24 21:14:00.000,,2025-11-24 21:14:00.000,2025-11-24 21:14:00.000,,,1.0,36393730-5f31-305f-3839-616334323936.raw_data.json,UTC-0300,yeLoKu9/uD,com.sec.android.app.shealth,2025-11-24 21:14:00.000,36393730-5f31-305f-3839-616334323936,
2025-11-24 21:23:00.000,,2025-11-24 21:23:00.000,2025-11-24 21:23:00.000,,,1.0,39306535-5f31-305f-3462-636334323936.raw_data.json,UTC-0300,yeLoKu9/uD,com.sec.android.app.shealth,2025-11-24 21:23:00.000,39306535-5f31-305f-3462-636334323936,
2025-11-24 21:31:00.000,,2025-11-24 21:31:00.000,2025-11-24 21:31:00.000,,,1.0,63323037-5f31-305f-3439-656334323936.raw_data.json,UTC-0300,yeLoKu9/uD,com.sec.android.app.shealth,2025-11-24 21:31:00.000,63323037-5f31-305f-3439-656334323936,
2025-11-24 21:35:00.000,,2025-11-24 21:35:00.000,2025-11-24 21:35:00.000,,,1.0,35616332-5f31-305f-3438-666334323936.raw_data.json,UTC-0300,yeLoKu9/uD,com.sec.android.app.shealth,2025-11-24 21:35:00.000,35616332-5f31-305f-3438-666334323936,
2025-11-24 21:44:00.000,,2025-11-24 21:44:00.000,2025-11-24 21:44:00.000,,,1.0,37353134-5f31-305f-3061-316434323936.raw_data.json,UTC-0300,yeLoKu9/uD,com.sec.android.app.shealth,2025-11-24 21:44:00.000,37353134-5f31-305f-3061-316434323936,
2025-11-24 21:45:00.000,,2025-11-24 21:45:00.000,2025-11-24 21:45:00.000,,,1.0,34376664-5f31-305f-6364-316434323936.raw_data.json,UTC-0300,yeLoKu9/uD,com.sec.android.app.shealth,2025-11-24 21:45:00.000,34376664-5f31-305f-6364-316434323936,
2025-11-24 21:47:00.000,,2025-11-24 21:47:00.000,2025-11-24 21:47:00.000,,,1.0,34363330-5f31-305f-3435-326434323936.raw_data.json,UTC-0300,yeLoKu9/uD,com.sec.android.app.shealth,2025-11-24 21:47:00.000,34363330-5f31-305f-3435-326434323936,
2025-11-24 21:48:00.000,,2025-11-24 21:48:00.000,2025-11-24 21:48:00.000,,,1.0,34636333-5f31-305f-3039-326434323936.raw_data.json,UTC-0300,yeLoKu9/uD,com.sec.android.app.shealth,2025-11-24 21:48:00.000,34636333-5f31-305f-3039-326434323936,
2025-11-24 21:49:00.000,,2025-11-24 21:49:00.000,2025-11-24 21:49:00.000,,,1.0,66616635-5f31-305f-6363-326434323936.raw_data.json,UTC-0300,yeLoKu9/uD,com.sec.android.app.shealth,2025-11-24 21:49:00.000,66616635-5f31-305f-6363-326434323936,
2025-11-24 21:50:00.000,,2025-11-24 21:50:00.000,2025-11-24 21:50:00.000,,,3.0,35313162-5f33-305f-3830-336434323936.raw_data.json,UTC-0300,yeLoKu9/uD,com.sec.android.app.shealth,2025-11-24 21:50:00.000,35313162-5f33-305f-3830-336434323936,
2025-11-24 21:58:00.000,,2025-11-24 21:58:00.000,2025-11-24 21:58:00.000,,,2.0,38323638-5f32-305f-3865-346434323936.raw_data.json,UTC-0300,yeLoKu9/uD,com.sec.android.app.shealth,2025-11-24 21:58:00.000,38323638-5f32-305f-3865-346434323936,
2025-11-25 01:51:00.000,,2025-11-25 01:51:00.000,2025-11-25 01:51:00.000,,,1.0,34616662-5f31-305f-3438-623035323936.raw_data.json,UTC-0300,yeLoKu9/uD,com.sec.android.app.shealth,2025-11-25 01:51:00.000,34616662-5f31-305f-3438-623035323936,
2025-11-25 01:55:00.000,,2025-11-25 01:55:00.000,2025-11-25 01:55:00.000,,,1.0,39653035-5f31-305f-3437-633035323936.raw_data.json,UTC-0300,yeLoKu9/uD,com.sec.android.app.shealth,2025-11-25 01:55:00.000,39653035-5f31-305f-3437-633035323936,
2025-11-25 02:01:00.000,,2025-11-25 02:01:00.000,2025-11-25 02:01:00.000,,,6.0,37353631-5f36-305f-6364-643035323936.raw_data.json,UTC-0300,yeLoKu9/uD,com.sec.android.app.shealth,2025-11-25 02:01:00.000,37353631-5f36-305f-6364-643035323936,
2025-11-25 02:04:00.000,,2025-11-25 02:04:00.000,2025-11-25 02:04:00.000,,,1.0,62646632-5f31-305f-3039-653035323936.raw_data.json,UTC-0300,yeLoKu9/uD,com.sec.android.app.shealth,2025-11-25 02:04:00.000,62646632-5f31-305f-3039-653035323936,
2025-11-25 02:05:00.000,,2025-11-25 02:05:00.000,2025-11-25 02:05:00.000,,,3.0,65353236-5f33-305f-6363-653035323936.raw_data.json,UTC-0300,yeLoKu9/uD,com.sec.android.app.shealth,2025-11-25 02:05:00.000,65353236-5f33-305f-6363-653035323936,
2025-11-25 02:12:00.000,,2025-11-25 02:12:00.000,2025-11-25 02:12:00.000,,,2.0,30323035-5f32-305f-3037-303135323936.raw_data.json,UTC-0300,yeLoKu9/uD,com.sec.android.app.shealth,2025-11-25 02:12:00.000,30323035-5f32-305f-3037-303135323936,
2025-11-25 12:19:00.000,,2025-11-25 12:19:00.000,2025-11-25 12:19:00.000,,,1.0,62663435-5f31-305f-3462-653935323936.raw_data.json,UTC-0300,yeLoKu9/uD,com.sec.android.app.shealth,2025-11-25 12:19:00.000,62663435-5f31-305f-3462-653935323936,
2025-11-25 12:20:00.000,,2025-11-25 12:20:00.000,2025-11-25 12:20:00.000,,,1.0,38333063-5f31-305f-3066-653935323936.raw_data.json,UTC-0300,yeLoKu9/uD,com.sec.android.app.shealth,2025-11-25 12:20:00.000,38333063-5f31-305f-3066-653935323936,
2025-11-25 12:28:00.000,,2025-11-25 12:28:00.000,2025-11-25 12:28:00.000,,,1.0,38613564-5f31-305f-3064-306135323936.raw_data.json,UTC-0300,yeLoKu9/uD,com.sec.android.app.shealth,2025-11-25 12:28:00.000,38613564-5f31-305f-3064-306135323936,
2025-11-25 12:42:00.000,,2025-11-25 12:42:00.000,2025-11-25 12:42:00.000,,,1.0,65343030-5f31-305f-3831-346135323936.raw_data.json,UTC-0300,yeLoKu9/uD,com.sec.android.app.shealth,2025-11-25 12:42:00.000,65343030-5f31-305f-3831-346135323936,
2025-11-25 16:02:00.000,,2025-11-25 16:02:00.000,2025-11-25 16:02:00.000,,,1.0,36613738-5f31-305f-3866-326435323936.raw_data.json,UTC-0300,yeLoKu9/uD,com.sec.android.app.shealth,2025-11-25 16:02:00.000,36613738-5f31-305f-3866-326435323936,
2025-11-25 20:59:00.000,,2025-11-25 20:59:00.000,2025-11-25 20:59:00.000,,,2.0,34313763-5f32-305f-3439-383136323936.raw_data.json,UTC-0300,yeLoKu9/uD,com.sec.android.app.shealth,2025-11-25 20:59:00.000,34313763-5f32-305f-3439-383136323936,
2025-11-25 21:05:00.000,,2025-11-25 21:05:00.000,2025-11-25 21:05:00.000,,,1.0,33396438-5f31-305f-6366-393136323936.raw_data.json,UTC-0300,yeLoKu9/uD,com.sec.android.app.shealth,2025-11-25 21:05:00.000,33396438-5f31-305f-6366-393136323936,
2025-11-26 01:46:00.000,,2025-11-26 01:46:00.000,2025-11-26 01:46:00.000,,,1.0,35323764-5f31-305f-3864-623536323936.raw_data.json,UTC-0300,yeLoKu9/uD,com.sec.android.app.shealth,2025-11-26 01:46:00.000,35323764-5f31-305f-3864-623536323936,
2025-11-26 01:48:00.000,,2025-11-26 01:48:00.000,2025-11-26 01:48:00.000,,,1.0,36353439-5f31-305f-3035-633536323936.raw_data.json,UTC-0300,yeLoKu9/uD,com.sec.android.app.shealth,2025-11-26 01:48:00.000,36353439-5f31-305f-3035-633536323936,
2025-11-26 01:50:00.000,,2025-11-26 01:50:00.000,2025-11-26 01:50:00.000,,,1.0,34323638-5f31-305f-3863-633536323936.raw_data.json,UTC-0300,yeLoKu9/uD,com.sec.android.app.shealth,2025-11-26 01:50:00.000,34323638-5f31-305f-3863-633536323936,
2025-11-26 01:52:00.000,,2025-11-26 01:52:00.000,2025-11-26 01:52:00.000,,,1.0,34343665-5f31-305f-3034-643536323936.raw_data.json,UTC-0300,yeLoKu9/uD,com.sec.android.app.shealth,2025-11-26 01:52:00.000,34343665-5f31-305f-3034-643536323936,
2025-11-26 01:57:00.000,,2025-11-26 01:57:00.000,2025-11-26 01:57:00.000,,,2.0,66643233-5f32-305f-6336-653536323936.raw_data.json,UTC-0300,yeLoKu9/uD,com.sec.android.app.shealth,2025-11-26 01:57:00.000,66643233-5f32-305f-6336-653536323936,
2025-11-26 01:58:00.000,,2025-11-26 01:58:00.000,2025-11-26 01:58:00.000,,,1.0,39353530-5f31-305f-3861-653536323936.raw_data.json,UTC-0300,yeLoKu9/uD,com.sec.android.app.shealth,2025-11-26 01:58:00.000,39353530-5f31-305f-3861-653536323936,
2025-11-26 02:00:00.000,,2025-11-26 02:00:00.000,2025-11-26 02:00:00.000,,,1.0,64386437-5f31-305f-3032-663536323936.raw_data.json,UTC-0300,yeLoKu9/uD,com.sec.android.app.shealth,2025-11-26 02:00:00.000,64386437-5f31-305f-3032-663536323936,
2025-11-26 02:07:00.000,,2025-11-26 02:07:00.000,2025-11-26 02:07:00.000,,,1.0,33346465-5f31-305f-3463-303636323936.raw_data.json,UTC-0300,yeLoKu9/uD,com.sec.android.app.shealth,2025-11-26 02:07:00.000,33346465-5f31-305f-3463-303636323936,
2025-11-26 02:10:00.000,,2025-11-26 02:10:00.000,2025-11-26 02:10:00.000,,,1.0,62373739-5f31-305f-3837-313636323936.raw_data.json,UTC-0300,yeLoKu9/uD,com.sec.android.app.shealth,2025-11-26 02:10:00.000,62373739-5f31-305f-3837-313636323936,
2025-11-26 02:14:00.000,,2025-11-26 02:14:00.000,2025-11-26 02:14:00.000,,,2.0,65626262-5f32-305f-3836-323636323936.raw_data.json,UTC-0300,yeLoKu9/uD,com.sec.android.app.shealth,2025-11-26 02:14:00.000,65626262-5f32-305f-3836-323636323936,
2025-11-26 02:15:00.000,,2025-11-26 02:15:00.000,2025-11-26 02:15:00.000,,,1.0,30396234-5f31-305f-3461-323636323936.raw_data.json,UTC-0300,yeLoKu9/uD,com.sec.android.app.shealth,2025-11-26 02:15:00.000,30396234-5f31-305f-3461-323636323936,
2025-11-26 20:54:00.000,,2025-11-26 20:54:00.000,2025-11-26 20:54:00.000,,,1.0,64323466-5f31-305f-3865-383637323936.raw_data.json,UTC-0300,yeLoKu9/uD,com.sec.android.app.shealth,2025-11-26 20:54:00.000,64323466-5f31-305f-3865-383637323936,
2025-11-26 20:55:00.000,,2025-11-26 20:55:00.000,2025-11-26 20:55:00.000,,,1.0,66636338-5f31-305f-3432-393637323936.raw_data.json,UTC-0300,yeLoKu9/uD,com.sec.android.app.shealth,2025-11-26 20:55:00.000,66636338-5f31-305f-3432-393637323936,
2025-11-26 21:06:00.000,,2025-11-26 21:06:00.000,2025-11-26 21:06:00.000,,,4.0,36343666-5f34-305f-3862-623637323936.raw_data.json,UTC-0300,yeLoKu9/uD,com.sec.android.app.shealth,2025-11-26 21:06:00.000,36343666-5f34-305f-3862-623637323936,
2025-11-26 21:07:00.000,,2025-11-26 21:07:00.000,2025-11-26 21:07:00.000,,,1.0,39323133-5f31-305f-3466-623637323936.raw_data.json,UTC-0300,yeLoKu9/uD,com.sec.android.app.shealth,2025-11-26 21:07:00.000,39323133-5f31-305f-3466-623637323936,
2025-11-26 21:11:00.000,,2025-11-26 21:11:00.000,2025-11-26 21:11:00.000,,,1.0,34306235-5f31-305f-3465-633637323936.raw_data.json,UTC-0300,yeLoKu9/uD,com.sec.android.app.shealth,2025-11-26 21:11:00.000,34306235-5f31-305f-3465-633637323936,
2025-11-26 21:16:00.000,,2025-11-26 21:16:00.000,2025-11-26 21:16:00.000,,,3.0,34626435-5f33-305f-3031-653637323936.raw_data.json,UTC-0300,yeLoKu9/uD,com.sec.android.app.shealth,2025-11-26 21:16:00.000,34626435-5f33-305f-3031-653637323936,
2025-11-26 21:17:00.000,,2025-11-26 21:17:00.000,2025-11-26 21:17:00.000,,,1.0,38376637-5f31-305f-6334-653637323936.raw_data.json,UTC-0300,yeLoKu9/uD,com.sec.android.app.shealth,2025-11-26 21:17:00.000,38376637-5f31-305f-6334-653637323936,
2025-11-26 21:18:00.000,,2025-11-26 21:18:00.000,2025-11-26 21:18:00.000,,,1.0,38643935-5f31-305f-3838-653637323936.raw_data.json,UTC-0300,yeLoKu9/uD,com.sec.android.app.shealth,2025-11-26 21:18:00.000,38643935-5f31-305f-3838-653637323936,
2025-11-26 21:46:00.000,,2025-11-26 21:46:00.000,2025-11-26 21:46:00.000,,,3.0,38363834-5f33-305f-3831-353737323936.raw_data.json,UTC-0300,yeLoKu9/uD,com.sec.android.app.shealth,2025-11-26 21:46:00.000,38363834-5f33-305f-3831-353737323936,
2025-11-26 21:50:00.000,,2025-11-26 21:50:00.000,2025-11-26 21:50:00.000,,,1.0,37613635-5f31-305f-3830-363737323936.raw_data.json,UTC-0300,yeLoKu9/uD,com.sec.android.app.shealth,2025-11-26 21:50:00.000,37613635-5f31-305f-3830-363737323936,
2025-11-26 21:51:00.000,,2025-11-26 21:51:00.000,2025-11-26 21:51:00.000,,,1.0,66663762-5f31-305f-3434-363737323936.raw_data.json,UTC-0300,yeLoKu9/uD,com.sec.android.app.shealth,2025-11-26 21:51:00.000,66663762-5f31-305f-3434-363737323936,
2025-11-26 21:55:00.000,,2025-11-26 21:55:00.000,2025-11-26 21:55:00.000,,,4.0,66333464-5f34-305f-3433-373737323936.raw_data.json,UTC-0300,yeLoKu9/uD,com.sec.android.app.shealth,2025-11-26 21:55:00.000,66333464-5f34-305f-3433-373737323936,
2025-11-26 21:59:00.000,,2025-11-26 21:59:00.000,2025-11-26 21:59:00.000,,,1.0,62323561-5f31-305f-3432-383737323936.raw_data.json,UTC-0300,yeLoKu9/uD,com.sec.android.app.shealth,2025-11-26 21:59:00.000,62323561-5f31-305f-3432-383737323936,
2025-11-26 22:01:00.000,,2025-11-26 22:01:00.000,2025-11-26 22:01:00.000,,,1.0,31666162-5f31-305f-6339-383737323936.raw_data.json,UTC-0300,yeLoKu9/uD,com.sec.android.app.shealth,2025-11-26 22:01:00.000,31666162-5f31-305f-6339-383737323936,
2025-11-26 23:18:00.000,,2025-11-26 23:18:00.000,2025-11-26 23:18:00.000,,,1.0,63663134-5f31-305f-3861-613837323936.raw_data.json,UTC-0300,yeLoKu9/uD,com.sec.android.app.shealth,2025-11-26 23:18:00.000,63663134-5f31-305f-3861-613837323936,
2025-11-27 00:04:00.000,,2025-11-27 00:04:00.000,2025-11-27 00:04:00.000,,,1.0,39646636-5f31-305f-3037-353937323936.raw_data.json,UTC-0300,yeLoKu9/uD,com.sec.android.app.shealth,2025-11-27 00:04:00.000,39646636-5f31-305f-3037-353937323936,
2025-11-27 00:32:00.000,,2025-11-27 00:32:00.000,2025-11-27 00:32:00.000,,,1.0,61376632-5f31-305f-3030-633937323936.raw_data.json,UTC-0300,yeLoKu9/uD,com.sec.android.app.shealth,2025-11-27 00:32:00.000,61376632-5f31-305f-3030-633937323936,
2025-11-27 01:59:00.000,,2025-11-27 01:59:00.000,2025-11-27 01:59:00.000,,,1.0,36393730-5f31-305f-3436-306237323936.raw_data.json,UTC-0300,yeLoKu9/uD,com.sec.android.app.shealth,2025-11-27 01:59:00.000,36393730-5f31-305f-3436-306237323936,
2025-11-27 02:07:00.000,,2025-11-27 02:07:00.000,2025-11-27 02:07:00.000,,,8.0,39306535-5f38-305f-3434-326237323936.raw_data.json,UTC-0300,yeLoKu9/uD,com.sec.android.app.shealth,2025-11-27 02:07:00.000,39306535-5f38-305f-3434-326237323936,
2025-11-27 02:15:00.000,,2025-11-27 02:15:00.000,2025-11-27 02:15:00.000,,,2.0,63323037-5f32-305f-3432-346237323936.raw_data.json,UTC-0300,yeLoKu9/uD,com.sec.android.app.shealth,2025-11-27 02:15:00.000,63323037-5f32-305f-3432-346237323936,
2025-11-27 13:28:00.000,,2025-11-27 13:28:00.000,2025-11-27 13:28:00.000,,,1.0,35616332-5f31-305f-3065-313538323936.raw_data.json,UTC-0300,yeLoKu9/uD,com.sec.android.app.shealth,2025-11-27 13:28:00.000,35616332-5f31-305f-3065-313538323936,
2025-11-28 16:59:00.000,,2025-11-28 16:59:00.000,2025-11-28 16:59:00.000,,,1.0,37353134-5f31-305f-3464-346439323936.raw_data.json,UTC-0300,yeLoKu9/uD,com.sec.android.app.shealth,2025-11-28 16:59:00.000,37353134-5f31-305f-3464-346439323936,
2025-11-28 21:36:00.000,,2025-11-28 21:36:00.000,2025-11-28 21:36:00.000,,,1.0,34376664-5f31-305f-3063-353161323936.raw_data.json,UTC-0300,yeLoKu9/uD,com.sec.android.app.shealth,2025-11-28 21:36:00.000,34376664-5f31-305f-3063-353161323936,
2025-11-28 22:02:00.000,,2025-11-28 22:02:00.000,2025-11-28 22:02:00.000,,,2.0,34363330-5f32-305f-3864-623161323936.raw_data.json,UTC-0300,yeLoKu9/uD,com.sec.android.app.shealth,2025-11-28 22:02:00.000,34363330-5f32-305f-3864-623161323936,
2025-11-28 23:31:00.000,,2025-11-28 23:31:00.000,2025-11-28 23:31:00.000,,,1.0,34636333-5f31-305f-3462-303361323936.raw_data.json,UTC-0300,yeLoKu9/uD,com.sec.android.app.shealth,2025-11-28 23:31:00.000,34636333-5f31-305f-3462-303361323936,
2025-11-29 00:20:00.000,,2025-11-29 00:20:00.000,2025-11-29 00:20:00.000,,,2.0,66616635-5f32-305f-3033-633361323936.raw_data.json,UTC-0300,yeLoKu9/uD,com.sec.android.app.shealth,2025-11-29 00:20:00.000,66616635-5f32-305f-3033-633361323936,
2025-11-29 01:53:00.000,,2025-11-29 01:53:00.000,2025-11-29 01:53:00.000,,,1.0,35313162-5f31-305f-6366-313561323936.raw_data.json,UTC-0300,yeLoKu9/uD,com.sec.android.app.shealth,2025-11-29 01:53:00.000,35313162-5f31-305f-6366-313561323936,
2025-11-29 02:05:00.000,,2025-11-29 02:05:00.000,2025-11-29 02:05:00.000,,,1.0,38323638-5f31-305f-6363-343561323936.raw_data.json,UTC-0300,yeLoKu9/uD,com.sec.android.app.shealth,2025-11-29 02:05:00.000,38323638-5f31-305f-6363-343561323936,
2025-11-29 02:08:00.000,,2025-11-29 02:08:00.000,2025-11-29 02:08:00.000,,,1.0,34616662-5f31-305f-3038-353561323936.raw_data.json,UTC-0300,yeLoKu9/uD,com.sec.android.app.shealth,2025-11-29 02:08:00.000,34616662-5f31-305f-3038-353561323936,
2025-11-29 02:09:00.000,,2025-11-29 02:09:00.000,2025-11-29 02:09:00.000,,,1.0,39653035-5f31-305f-6362-353561323936.raw_data.json,UTC-0300,yeLoKu9/uD,com.sec.android.app.shealth,2025-11-29 02:09:00.000,39653035-5f31-305f-6362-353561323936,
2025-11-29 02:14:00.000,,2025-11-29 02:14:00.000,2025-11-29 02:14:00.000,,,1.0,37353631-5f31-305f-3865-363561323936.raw_data.json,UTC-0300,yeLoKu9/uD,com.sec.android.app.shealth,2025-11-29 02:14:00.000,37353631-5f31-305f-3865-363561323936,
2025-11-29 12:24:00.000,,2025-11-29 12:24:00.000,2025-11-29 12:24:00.000,,,1.0,62646632-5f31-305f-3065-356561323936.raw_data.json,UTC-0300,yeLoKu9/uD,com.sec.android.app.shealth,2025-11-29 12:24:00.000,62646632-5f31-305f-3065-356561323936,
2025-11-29 12:28:00.000,,2025-11-29 12:28:00.000,2025-11-29 12:28:00.000,,,1.0,65353236-5f31-305f-3064-366561323936.raw_data.json,UTC-0300,yeLoKu9/uD,com.sec.android.app.shealth,2025-11-29 12:28:00.000,65353236-5f31-305f-3064-366561323936,
2025-11-29 12:48:00.000,,2025-11-29 12:48:00.000,2025-11-29 12:48:00.000,,,3.0,30323035-5f33-305f-3038-626561323936.raw_data.json,UTC-0300,yeLoKu9/uD,com.sec.android.app.shealth,2025-11-29 12:48:00.000,30323035-5f33-305f-3038-626561323936,
2025-11-29 12:59:00.000,,2025-11-29 12:59:00.000,2025-11-29 12:59:00.000,,,1.0,62663435-5f31-305f-3431-656561323936.raw_data.json,UTC-0300,yeLoKu9/uD,com.sec.android.app.shealth,2025-11-29 12:59:00.000,62663435-5f31-305f-3431-656561323936,
2025-11-29 17:59:00.000,,2025-11-29 17:59:00.000,2025-11-29 17:59:00.000,,,1.0,38333063-5f31-305f-3436-343362323936.raw_data.json,UTC-0300,yeLoKu9/uD,com.sec.android.app.shealth,2025-11-29 17:59:00.000,38333063-5f31-305f-3436-343362323936,
2025-11-30 12:44:00.000,,2025-11-30 12:44:00.000,2025-11-30 12:44:00.000,,,1.0,38613564-5f31-305f-3031-633363323936.raw_data.json,UTC-0300,yeLoKu9/uD,com.sec.android.app.shealth,2025-11-30 12:44:00.000,38613564-5f31-305f-3031-633363323936,
2025-11-30 13:26:00.000,,2025-11-30 13:26:00.000,2025-11-30 13:26:00.000,,,1.0,65343030-5f31-305f-3865-353463323936.raw_data.json,UTC-0300,yeLoKu9/uD,com.sec.android.app.shealth,2025-11-30 13:26:00.000,65343030-5f31-305f-3865-353463323936,
2025-11-30 14:11:00.000,,2025-11-30 14:11:00.000,2025-11-30 14:11:00.000,,,2.0,36613738-5f32-305f-3437-303563323936.raw_data.json,UTC-0300,yeLoKu9/uD,com.sec.android.app.shealth,2025-11-30 14:11:00.000,36613738-5f32-305f-3437-303563323936,
2025-11-30 14:15:00.000,,2025-11-30 14:15:00.000,2025-11-30 14:15:00.000,,,1.0,34313763-5f31-305f-3436-313563323936.raw_data.json,UTC-0300,yeLoKu9/uD,com.sec.android.app.shealth,2025-11-30 14:15:00.000,34313763-5f31-305f-3436-313563323936,
2025-11-30 14:21:00.000,,2025-11-30 14:21:00.000,2025-11-30 14:21:00.000,,,1.0,33396438-5f31-305f-6363-323563323936.raw_data.json,UTC-0300,yeLoKu9/uD,com.sec.android.app.shealth,2025-11-30 14:21:00.000,33396438-5f31-305f-6363-323563323936,
2025-11-30 14:22:00.000,,2025-11-30 14:22:00.000,2025-11-30 14:22:00.000,,,1.0,35323764-5f31-305f-3830-333563323936.raw_data.json,UTC-0300,yeLoKu9/uD,com.sec.android.app.shealth,2025-11-30 14:22:00.000,35323764-5f31-305f-3830-333563323936,
2025-11-30 14:56:00.000,,2025-11-30 14:56:00.000,2025-11-30 14:56:00.000,,,1.0,36353439-5f31-305f-3030-623563323936.raw_data.json,UTC-0300,yeLoKu9/uD,com.sec.android.app.shealth,2025-11-30 14:56:00.000,36353439-5f31-305f-3030-623563323936,
2025-11-30 16:24:00.000,,2025-11-30 16:24:00.000,2025-11-30 16:24:00.000,,,1.0,34323638-5f31-305f-3061-663663323936.raw_data.json,UTC-0300,yeLoKu9/uD,com.sec.android.app.shealth,2025-11-30 16:24:00.000,34323638-5f31-305f-3061-663663323936,
2025-11-30 16:43:00.000,,2025-11-30 16:43:00.000,2025-11-30 16:43:00.000,,,1.0,34343665-5f31-305f-3431-343763323936.raw_data.json,UTC-0300,yeLoKu9/uD,com.sec.android.app.shealth,2025-11-30 16:43:00.000,34343665-5f31-305f-3431-343763323936,
2025-11-30 16:45:00.000,,2025-11-30 16:45:00.000,2025-11-30 16:45:00.000,,,2.0,66643233-5f32-305f-6338-343763323936.raw_data.json,UTC-0300,yeLoKu9/uD,com.sec.android.app.shealth,2025-11-30 16:45:00.000,66643233-5f32-305f-6338-343763323936,
2025-11-30 22:17:00.000,,2025-11-30 22:17:00.000,2025-11-30 22:17:00.000,,,1.0,39353530-5f31-305f-6335-326363323936.raw_data.json,UTC-0300,yeLoKu9/uD,com.sec.android.app.shealth,2025-11-30 22:17:00.000,39353530-5f31-305f-6335-326363323936,
2025-11-30 22:56:00.000,,2025-11-30 22:56:00.000,2025-11-30 22:56:00.000,,,2.0,64386437-5f32-305f-3038-626363323936.raw_data.json,UTC-0300,yeLoKu9/uD,com.sec.android.app.shealth,2025-11-30 22:56:00.000,64386437-5f32-305f-3038-626363323936,
2025-12-01 00:50:00.000,,2025-12-01 00:50:00.000,2025-12-01 00:50:00.000,,,1.0,33346465-5f31-305f-3833-366563323936.raw_data.json,UTC-0300,yeLoKu9/uD,com.sec.android.app.shealth,2025-12-01 00:50:00.000,33346465-5f31-305f-3833-366563323936,
2025-12-01 01:26:00.000,,2025-12-01 01:26:00.000,2025-12-01 01:26:00.000,,,2.0,62373739-5f32-305f-3861-656563323936.raw_data.json,UTC-0300,yeLoKu9/uD,com.sec.android.app.shealth,2025-12-01 01:26:00.000,62373739-5f32-305f-3861-656563323936,
2025-12-02 12:36:00.000,,2025-12-02 12:36:00.000,2025-12-02 12:36:00.000,,,1.0,64323466-5f31-305f-3033-646465323936.raw_data.json,UTC-0300,yeLoKu9/uD,com.sec.android.app.shealth,2025-12-02 12:36:00.000,64323466-5f31-305f-3033-646465323936,
2025-12-02 12:37:00.000,,2025-12-02 12:37:00.000,2025-12-02 12:37:00.000,,,1.0,66636338-5f31-305f-6336-646465323936.raw_data.json,UTC-0300,yeLoKu9/uD,com.sec.android.app.shealth,2025-12-02 12:37:00.000,66636338-5f31-305f-6336-646465323936,
2025-12-03 21:02:00.000,,2025-12-03 21:02:00.000,2025-12-03 21:02:00.000,,,1.0,36343666-5f31-305f-3834-356130333936.raw_data.json,UTC-0300,yeLoKu9/uD,com.sec.android.app.shealth,2025-12-03 21:02:00.000,36343666-5f31-305f-3834-356130333936,
2025-12-03 21:07:00.000,,2025-12-03 21:07:00.000,2025-12-03 21:07:00.000,,,2.0,39323133-5f32-305f-3437-366130333936.raw_data.json,UTC-0300,yeLoKu9/uD,com.sec.android.app.shealth,2025-12-03 21:07:00.000,39323133-5f32-305f-3437-366130333936,
2025-12-03 21:10:00.000,,2025-12-03 21:10:00.000,2025-12-03 21:10:00.000,,,1.0,34306235-5f31-305f-3832-376130333936.raw_data.json,UTC-0300,yeLoKu9/uD,com.sec.android.app.shealth,2025-12-03 21:10:00.000,34306235-5f31-305f-3832-376130333936,
2025-12-03 21:55:00.000,,2025-12-03 21:55:00.000,2025-12-03 21:55:00.000,,,2.0,34626435-5f32-305f-3462-316230333936.raw_data.json,UTC-0300,yeLoKu9/uD,com.sec.android.app.shealth,2025-12-03 21:55:00.000,34626435-5f32-305f-3462-316230333936,
2025-12-03 21:57:00.000,,2025-12-03 21:57:00.000,2025-12-03 21:57:00.000,,,1.0,38376637-5f31-305f-6332-326230333936.raw_data.json,UTC-0300,yeLoKu9/uD,com.sec.android.app.shealth,2025-12-03 21:57:00.000,38376637-5f31-305f-6332-326230333936,
2025-12-03 21:59:00.000,,2025-12-03 21:59:00.000,2025-12-03 21:59:00.000,,,1.0,38643935-5f31-305f-3461-326230333936.raw_data.json,UTC-0300,yeLoKu9/uD,com.sec.android.app.shealth,2025-12-03 21:59:00.000,38643935-5f31-305f-3461-326230333936,
2025-12-04 00:08:00.000,,2025-12-04 00:08:00.000,2025-12-04 00:08:00.000,,,1.0,38363834-5f31-305f-3065-306430333936.raw_data.json,UTC-0300,yeLoKu9/uD,com.sec.android.app.shealth,2025-12-04 00:08:00.000,38363834-5f31-305f-3065-306430333936,
2025-12-04 01:52:00.000,,2025-12-04 01:52:00.000,2025-12-04 01:52:00.000,,,1.0,37613635-5f31-305f-3034-396530333936.raw_data.json,UTC-0300,yeLoKu9/uD,com.sec.android.app.shealth,2025-12-04 01:52:00.000,37613635-5f31-305f-3034-396530333936,
2025-12-04 01:56:00.000,,2025-12-04 01:56:00.000,2025-12-04 01:56:00.000,,,1.0,66663762-5f31-305f-3033-616530333936.raw_data.json,UTC-0300,yeLoKu9/uD,com.sec.android.app.shealth,2025-12-04 01:56:00.000,66663762-5f31-305f-3033-616530333936,
2025-12-04 01:58:00.000,,2025-12-04 01:58:00.000,2025-12-04 01:58:00.000,,,2.0,66333464-5f32-305f-3861-616530333936.raw_data.json,UTC-0300,yeLoKu9/uD,com.sec.android.app.shealth,2025-12-04 01:58:00.000,66333464-5f32-305f-3861-616530333936,
2025-12-04 02:05:00.000,,2025-12-04 02:05:00.000,2025-12-04 02:05:00.000,,,1.0,62323561-5f31-305f-6334-636530333936.raw_data.json,UTC-0300,yeLoKu9/uD,com.sec.android.app.shealth,2025-12-04 02:05:00.000,62323561-5f31-305f-6334-636530333936,
2025-12-04 02:09:00.000,,2025-12-04 02:09:00.000,2025-12-04 02:09:00.000,,,4.0,31666162-5f34-305f-6333-646530333936.raw_data.json,UTC-0300,yeLoKu9/uD,com.sec.android.app.shealth,2025-12-04 02:09:00.000,31666162-5f34-305f-6333-646530333936,
2025-12-04 02:17:00.000,,2025-12-04 02:17:00.000,2025-12-04 02:17:00.000,,,4.0,63663134-5f34-305f-6331-666530333936.raw_data.json,UTC-0300,yeLoKu9/uD,com.sec.android.app.shealth,2025-12-04 02:17:00.000,63663134-5f34-305f-6331-666530333936,
2025-12-04 02:18:00.000,,2025-12-04 02:18:00.000,2025-12-04 02:18:00.000,,,3.0,39646636-5f33-305f-3835-666530333936.raw_data.json,UTC-0300,yeLoKu9/uD,com.sec.android.app.shealth,2025-12-04 02:18:00.000,39646636-5f33-305f-3835-666530333936,
2025-12-04 22:47:00.000,,2025-12-04 22:47:00.000,2025-12-04 22:47:00.000,,,1.0,61376632-5f31-305f-3436-663032333936.raw_data.json,UTC-0300,yeLoKu9/uD,com.sec.android.app.shealth,2025-12-04 22:47:00.000,61376632-5f31-305f-3436-663032333936,
2025-12-05 02:59:00.000,,2025-12-05 02:59:00.000,2025-12-05 02:59:00.000,,,1.0,36393730-5f31-305f-3437-613432333936.raw_data.json,UTC-0300,yeLoKu9/uD,com.sec.android.app.shealth,2025-12-05 02:59:00.000,36393730-5f31-305f-3437-613432333936,
2025-12-05 20:58:00.000,,2025-12-05 20:58:00.000,2025-12-05 20:58:00.000,,,1.0,39306535-5f31-305f-3835-373433333936.raw_data.json,UTC-0300,yeLoKu9/uD,com.sec.android.app.shealth,2025-12-05 20:58:00.000,39306535-5f31-305f-3835-373433333936,
2025-12-05 21:05:00.000,,2025-12-05 21:05:00.000,2025-12-05 21:05:00.000,,,1.0,63323037-5f31-305f-6366-383433333936.raw_data.json,UTC-0300,yeLoKu9/uD,com.sec.android.app.shealth,2025-12-05 21:05:00.000,63323037-5f31-305f-6366-383433333936,
2025-12-05 21:14:00.000,,2025-12-05 21:14:00.000,2025-12-05 21:14:00.000,,,2.0,35616332-5f32-305f-3831-623433333936.raw_data.json,UTC-0300,yeLoKu9/uD,com.sec.android.app.shealth,2025-12-05 21:14:00.000,35616332-5f32-305f-3831-623433333936,
2025-12-05 21:17:00.000,,2025-12-05 21:17:00.000,2025-12-05 21:17:00.000,,,1.0,37353134-5f31-305f-6363-623433333936.raw_data.json,UTC-0300,yeLoKu9/uD,com.sec.android.app.shealth,2025-12-05 21:17:00.000,37353134-5f31-305f-6363-623433333936,
2025-12-05 21:31:00.000,,2025-12-05 21:31:00.000,2025-12-05 21:31:00.000,,,1.0,34376664-5f31-305f-3431-663433333936.raw_data.json,UTC-0300,yeLoKu9/uD,com.sec.android.app.shealth,2025-12-05 21:31:00.000,34376664-5f31-305f-3431-663433333936,
2025-12-05 21:55:00.000,,2025-12-05 21:55:00.000,2025-12-05 21:55:00.000,,,1.0,34363330-5f31-305f-3462-343533333936.raw_data.json,UTC-0300,yeLoKu9/uD,com.sec.android.app.shealth,2025-12-05 21:55:00.000,34363330-5f31-305f-3462-343533333936,
2025-12-05 22:17:00.000,,2025-12-05 22:17:00.000,2025-12-05 22:17:00.000,,,1.0,34636333-5f31-305f-6364-393533333936.raw_data.json,UTC-0300,yeLoKu9/uD,com.sec.android.app.shealth,2025-12-05 22:17:00.000,34636333-5f31-305f-6364-393533333936,
2025-12-06 01:49:00.000,,2025-12-06 01:49:00.000,2025-12-06 01:49:00.000,,,1.0,66616635-5f31-305f-6338-623833333936.raw_data.json,UTC-0300,yeLoKu9/uD,com.sec.android.app.shealth,2025-12-06 01:49:00.000,66616635-5f31-305f-6338-623833333936,
2025-12-06 01:55:00.000,,2025-12-06 01:55:00.000,2025-12-06 01:55:00.000,,,2.0,35313162-5f32-305f-3466-633833333936.raw_data.json,UTC-0300,yeLoKu9/uD,com.sec.android.app.shealth,2025-12-06 01:55:00.000,35313162-5f32-305f-3466-633833333936,
2025-12-06 01:57:00.000,,2025-12-06 01:57:00.000,2025-12-06 01:57:00.000,,,1.0,38323638-5f31-305f-6336-643833333936.raw_data.json,UTC-0300,yeLoKu9/uD,com.sec.android.app.shealth,2025-12-06 01:57:00.000,38323638-5f31-305f-6336-643833333936,
2025-12-06 01:58:00.000,,2025-12-06 01:58:00.000,2025-12-06 01:58:00.000,,,1.0,34616662-5f31-305f-3861-643833333936.raw_data.json,UTC-0300,yeLoKu9/uD,com.sec.android.app.shealth,2025-12-06 01:58:00.000,34616662-5f31-305f-3861-643833333936,
2025-12-06 01:59:00.000,,2025-12-06 01:59:00.000,2025-12-06 01:59:00.000,,,1.0,39653035-5f31-305f-3465-643833333936.raw_data.json,UTC-0300,yeLoKu9/uD,com.sec.android.app.shealth,2025-12-06 01:59:00.000,39653035-5f31-305f-3465-643833333936,
2025-12-06 02:02:00.000,,2025-12-06 02:02:00.000,2025-12-06 02:02:00.000,,,1.0,37353631-5f31-305f-3839-653833333936.raw_data.json,UTC-0300,yeLoKu9/uD,com.sec.android.app.shealth,2025-12-06 02:02:00.000,37353631-5f31-305f-3839-653833333936,
2025-12-06 02:14:00.000,,2025-12-06 02:14:00.000,2025-12-06 02:14:00.000,,,2.0,62646632-5f32-305f-3836-313933333936.raw_data.json,UTC-0300,yeLoKu9/uD,com.sec.android.app.shealth,2025-12-06 02:14:00.000,62646632-5f32-305f-3836-313933333936,
2025-12-06 23:55:00.000,,2025-12-06 23:55:00.000,2025-12-06 23:55:00.000,,,1.0,64323466-5f31-305f-3435-326334333936.raw_data.json,UTC-0300,yeLoKu9/uD,com.sec.android.app.shealth,2025-12-06 23:55:00.000,64323466-5f31-305f-3435-326334333936,
2025-12-07 00:07:00.000,,2025-12-07 00:07:00.000,2025-12-07 00:07:00.000,,,1.0,66636338-5f31-305f-3432-356334333936.raw_data.json,UTC-0300,yeLoKu9/uD,com.sec.android.app.shealth,2025-12-07 00:07:00.000,66636338-5f31-305f-3432-356334333936,
2025-12-07 21:03:00.000,,2025-12-07 21:03:00.000,2025-12-07 21:03:00.000,,,1.0,36343666-5f31-305f-3438-626535333936.raw_data.json,UTC-0300,yeLoKu9/uD,com.sec.android.app.shealth,2025-12-07 21:03:00.000,36343666-5f31-305f-3438-626535333936,
2025-12-07 22:31:00.000,,2025-12-07 22:31:00.000,2025-12-07 22:31:00.000,,,1.0,39323133-5f31-305f-3432-303036333936.raw_data.json,UTC-0300,yeLoKu9/uD,com.sec.android.app.shealth,2025-12-07 22:31:00.000,39323133-5f31-305f-3432-303036333936,
2025-12-09 01:22:00.000,,2025-12-09 01:22:00.000,2025-12-09 01:22:00.000,,,1.0,34306235-5f31-305f-3862-393737333936.raw_data.json,UTC-0300,yeLoKu9/uD,com.sec.android.app.shealth,2025-12-09 01:22:00.000,34306235-5f31-305f-3862-393737333936,
2025-12-09 02:04:00.000,,2025-12-09 02:04:00.000,2025-12-09 02:04:00.000,,,1.0,34626435-5f31-305f-3039-333837333936.raw_data.json,UTC-0300,yeLoKu9/uD,com.sec.android.app.shealth,2025-12-09 02:04:00.000,34626435-5f31-305f-3039-333837333936,
2025-12-11 19:59:00.000,,2025-12-11 19:59:00.000,2025-12-11 19:59:00.000,,,1.0,38376637-5f31-305f-3438-323262333936.raw_data.json,UTC-0300,yeLoKu9/uD,com.sec.android.app.shealth,2025-12-11 19:59:00.000,38376637-5f31-305f-3438-323262333936,
2025-12-12 17:18:00.000,,2025-12-12 17:18:00.000,2025-12-12 17:18:00.000,,,1.0,38643935-5f31-305f-3834-653463333936.raw_data.json,UTC-0300,yeLoKu9/uD,com.sec.android.app.shealth,2025-12-12 17:18:00.000,38643935-5f31-305f-3834-653463333936,
2025-12-12 17:56:00.000,,2025-12-12 17:56:00.000,2025-12-12 17:56:00.000,,,1.0,38363834-5f31-305f-3033-373563333936.raw_data.json,UTC-0300,yeLoKu9/uD,com.sec.android.app.shealth,2025-12-12 17:56:00.000,38363834-5f31-305f-3033-373563333936,
2025-12-12 18:05:00.000,,2025-12-12 18:05:00.000,2025-12-12 18:05:00.000,,,1.0,37613635-5f31-305f-6334-393563333936.raw_data.json,UTC-0300,yeLoKu9/uD,com.sec.android.app.shealth,2025-12-12 18:05:00.000,37613635-5f31-305f-6334-393563333936,
2025-12-12 20:56:00.000,,2025-12-12 20:56:00.000,2025-12-12 20:56:00.000,,,1.0,66663762-5f31-305f-3036-313863333936.raw_data.json,UTC-0300,yeLoKu9/uD,com.sec.android.app.shealth,2025-12-12 20:56:00.000,66663762-5f31-305f-3036-313863333936,
2025-12-12 23:15:00.000,,2025-12-12 23:15:00.000,2025-12-12 23:15:00.000,,,1.0,66333464-5f31-305f-3466-316163333936.raw_data.json,UTC-0300,yeLoKu9/uD,com.sec.android.app.shealth,2025-12-12 23:15:00.000,66333464-5f31-305f-3466-316163333936,
2025-12-12 23:21:00.000,,2025-12-12 23:21:00.000,2025-12-12 23:21:00.000,,,1.0,62323561-5f31-305f-6335-336163333936.raw_data.json,UTC-0300,yeLoKu9/uD,com.sec.android.app.shealth,2025-12-12 23:21:00.000,62323561-5f31-305f-6335-336163333936,
2025-12-12 23:31:00.000,,2025-12-12 23:31:00.000,2025-12-12 23:31:00.000,,,1.0,31666162-5f31-305f-3462-356163333936.raw_data.json,UTC-0300,yeLoKu9/uD,com.sec.android.app.shealth,2025-12-12 23:31:00.000,31666162-5f31-305f-3462-356163333936,
2025-12-12 23:50:00.000,,2025-12-12 23:50:00.000,2025-12-12 23:50:00.000,,,1.0,63663134-5f31-305f-3832-616163333936.raw_data.json,UTC-0300,yeLoKu9/uD,com.sec.android.app.shealth,2025-12-12 23:50:00.000,63663134-5f31-305f-3832-616163333936,
2025-12-14 18:17:00.000,,2025-12-14 18:17:00.000,2025-12-14 18:17:00.000,,,1.0,39646636-5f31-305f-6331-666665333936.raw_data.json,UTC-0300,yeLoKu9/uD,com.sec.android.app.shealth,2025-12-14 18:17:00.000,39646636-5f31-305f-6331-666665333936,
2025-12-15 01:19:00.000,,2025-12-15 01:19:00.000,2025-12-15 01:19:00.000,,,1.0,61376632-5f31-305f-3430-323666333936.raw_data.json,UTC-0300,yeLoKu9/uD,com.sec.android.app.shealth,2025-12-15 01:19:00.000,61376632-5f31-305f-3430-323666333936,
2025-12-16 15:14:00.000,,2025-12-16 15:14:00.000,2025-12-16 15:14:00.000,,,1.0,64323466-5f31-305f-3833-373731343936.raw_data.json,UTC-0300,yeLoKu9/uD,com.sec.android.app.shealth,2025-12-16 15:14:00.000,64323466-5f31-305f-3833-373731343936,
2025-12-16 21:07:00.000,,2025-12-16 21:07:00.000,2025-12-16 21:07:00.000,,,1.0,66636338-5f31-305f-3466-396331343936.raw_data.json,UTC-0300,yeLoKu9/uD,com.sec.android.app.shealth,2025-12-16 21:07:00.000,66636338-5f31-305f-3466-396331343936,
2025-12-17 23:16:00.000,,2025-12-17 23:16:00.000,2025-12-17 23:16:00.000,,,3.0,36343666-5f33-305f-3062-393333343936.raw_data.json,UTC-0300,yeLoKu9/uD,com.sec.android.app.shealth,2025-12-17 23:16:00.000,36343666-5f33-305f-3062-393333343936,
2025-12-18 21:09:00.000,,2025-12-18 21:09:00.000,2025-12-18 21:09:00.000,,,1.0,39323133-5f31-305f-6336-643634343936.raw_data.json,UTC-0300,yeLoKu9/uD,com.sec.android.app.shealth,2025-12-18 21:09:00.000,39323133-5f31-305f-6336-643634343936,
2025-12-19 15:29:00.000,,2025-12-19 15:29:00.000,2025-12-19 15:29:00.000,,,1.0,34306235-5f31-305f-6333-663635343936.raw_data.json,UTC-0300,yeLoKu9/uD,com.sec.android.app.shealth,2025-12-19 15:29:00.000,34306235-5f31-305f-6333-663635343936,
2025-12-19 15:55:00.000,,2025-12-19 15:55:00.000,2025-12-19 15:55:00.000,,,1.0,34626435-5f31-305f-3435-353735343936.raw_data.json,UTC-0300,yeLoKu9/uD,com.sec.android.app.shealth,2025-12-19 15:55:00.000,34626435-5f31-305f-3435-353735343936,
2025-12-19 22:06:00.000,,2025-12-19 22:06:00.000,2025-12-19 22:06:00.000,,,1.0,64323466-5f31-305f-3834-636335343936.raw_data.json,UTC-0300,yeLoKu9/uD,com.sec.android.app.shealth,2025-12-19 22:06:00.000,64323466-5f31-305f-3834-636335343936,
2025-12-19 23:03:00.000,,2025-12-19 23:03:00.000,2025-12-19 23:03:00.000,,,1.0,66636338-5f31-305f-3461-396435343936.raw_data.json,UTC-0300,yeLoKu9/uD,com.sec.android.app.shealth,2025-12-19 23:03:00.000,66636338-5f31-305f-3461-396435343936,
2025-12-19 23:04:00.000,,2025-12-19 23:04:00.000,2025-12-19 23:04:00.000,,,1.0,36343666-5f31-305f-3065-396435343936.raw_data.json,UTC-0300,yeLoKu9/uD,com.sec.android.app.shealth,2025-12-19 23:04:00.000,36343666-5f31-305f-3065-396435343936,
2025-12-19 23:07:00.000,,2025-12-19 23:07:00.000,2025-12-19 23:07:00.000,,,1.0,39323133-5f31-305f-3439-616435343936.raw_data.json,UTC-0300,yeLoKu9/uD,com.sec.android.app.shealth,2025-12-19 23:07:00.000,39323133-5f31-305f-3439-616435343936,
2025-12-20 00:20:00.000,,2025-12-20 00:20:00.000,2025-12-20 00:20:00.000,,,1.0,34306235-5f31-305f-3062-626535343936.raw_data.json,UTC-0300,yeLoKu9/uD,com.sec.android.app.shealth,2025-12-20 00:20:00.000,34306235-5f31-305f-3062-626535343936,
2025-12-20 13:50:00.000,,2025-12-20 13:50:00.000,2025-12-20 13:50:00.000,,,5.0,64323466-5f35-305f-3838-396136343936.raw_data.json,UTC-0300,yeLoKu9/uD,com.sec.android.app.shealth,2025-12-20 13:50:00.000,64323466-5f35-305f-3838-396136343936,
2025-12-20 13:52:00.000,,2025-12-20 13:52:00.000,2025-12-20 13:52:00.000,,,2.0,66636338-5f32-305f-3030-616136343936.raw_data.json,UTC-0300,yeLoKu9/uD,com.sec.android.app.shealth,2025-12-20 13:52:00.000,66636338-5f32-305f-3030-616136343936,
2025-12-20 13:54:00.000,,2025-12-20 13:54:00.000,2025-12-20 13:54:00.000,,,2.0,36343666-5f32-305f-3837-616136343936.raw_data.json,UTC-0300,yeLoKu9/uD,com.sec.android.app.shealth,2025-12-20 13:54:00.000,36343666-5f32-305f-3837-616136343936,
2025-12-20 14:34:00.000,,2025-12-20 14:34:00.000,2025-12-20 14:34:00.000,,,1.0,39323133-5f31-305f-3864-336236343936.raw_data.json,UTC-0300,yeLoKu9/uD,com.sec.android.app.shealth,2025-12-20 14:34:00.000,39323133-5f31-305f-3864-336236343936,
2025-12-20 14:49:00.000,,2025-12-20 14:49:00.000,2025-12-20 14:49:00.000,,,1.0,34306235-5f31-305f-6335-376236343936.raw_data.json,UTC-0300,yeLoKu9/uD,com.sec.android.app.shealth,2025-12-20 14:49:00.000,34306235-5f31-305f-6335-376236343936,
2025-12-20 14:57:00.000,,2025-12-20 14:57:00.000,2025-12-20 14:57:00.000,,,1.0,34626435-5f31-305f-6333-396236343936.raw_data.json,UTC-0300,yeLoKu9/uD,com.sec.android.app.shealth,2025-12-20 14:57:00.000,34626435-5f31-305f-6333-396236343936,
2025-12-20 15:37:00.000,,2025-12-20 15:37:00.000,2025-12-20 15:37:00.000,,,1.0,38376637-5f31-305f-6339-326336343936.raw_data.json,UTC-0300,yeLoKu9/uD,com.sec.android.app.shealth,2025-12-20 15:37:00.000,38376637-5f31-305f-6339-326336343936,
2025-12-20 15:42:00.000,,2025-12-20 15:42:00.000,2025-12-20 15:42:00.000,,,1.0,38643935-5f31-305f-3863-336336343936.raw_data.json,UTC-0300,yeLoKu9/uD,com.sec.android.app.shealth,2025-12-20 15:42:00.000,38643935-5f31-305f-3863-336336343936,
2025-12-20 15:44:00.000,,2025-12-20 15:44:00.000,2025-12-20 15:44:00.000,,,1.0,38363834-5f31-305f-3034-346336343936.raw_data.json,UTC-0300,yeLoKu9/uD,com.sec.android.app.shealth,2025-12-20 15:44:00.000,38363834-5f31-305f-3034-346336343936,
2025-12-21 03:21:00.000,,2025-12-21 03:21:00.000,2025-12-21 03:21:00.000,,,1.0,37613635-5f31-305f-6339-373637343936.raw_data.json,UTC-0300,yeLoKu9/uD,com.sec.android.app.shealth,2025-12-21 03:21:00.000,37613635-5f31-305f-6339-373637343936,
2025-12-21 05:18:00.000,,2025-12-21 05:18:00.000,2025-12-21 05:18:00.000,,,5.0,66663762-5f35-305f-3830-333837343936.raw_data.json,UTC-0300,yeLoKu9/uD,com.sec.android.app.shealth,2025-12-21 05:18:00.000,66663762-5f35-305f-3830-333837343936,
2025-12-21 05:30:00.000,,2025-12-21 05:30:00.000,2025-12-21 05:30:00.000,,,1.0,66333464-5f31-305f-3864-353837343936.raw_data.json,UTC-0300,yeLoKu9/uD,com.sec.android.app.shealth,2025-12-21 05:30:00.000,66333464-5f31-305f-3864-353837343936,
2025-12-21 06:07:00.000,,2025-12-21 06:07:00.000,2025-12-21 06:07:00.000,,,2.0,31666162-5f32-305f-3438-653837343936.raw_data.json,UTC-0300,yeLoKu9/uD,com.sec.android.app.shealth,2025-12-21 06:07:00.000,31666162-5f32-305f-3438-653837343936,
2025-12-21 06:20:00.000,,2025-12-21 06:20:00.000,2025-12-21 06:20:00.000,,,1.0,63663134-5f31-305f-3039-313937343936.raw_data.json,UTC-0300,yeLoKu9/uD,com.sec.android.app.shealth,2025-12-21 06:20:00.000,63663134-5f31-305f-3039-313937343936,
2025-12-21 21:43:00.000,,2025-12-21 21:43:00.000,2025-12-21 21:43:00.000,,,1.0,39646636-5f31-305f-3465-393638343936.raw_data.json,UTC-0300,yeLoKu9/uD,com.sec.android.app.shealth,2025-12-21 21:43:00.000,39646636-5f31-305f-3465-393638343936,
2025-12-21 21:52:00.000,,2025-12-21 21:52:00.000,2025-12-21 21:52:00.000,,,5.0,61376632-5f35-305f-3030-633638343936.raw_data.json,UTC-0300,yeLoKu9/uD,com.sec.android.app.shealth,2025-12-21 21:52:00.000,61376632-5f35-305f-3030-633638343936,
2025-12-21 23:27:00.000,,2025-12-21 23:27:00.000,2025-12-21 23:27:00.000,,,1.0,36393730-5f31-305f-3434-323838343936.raw_data.json,UTC-0300,yeLoKu9/uD,com.sec.android.app.shealth,2025-12-21 23:27:00.000,36393730-5f31-305f-3434-323838343936,
2025-12-21 23:28:00.000,,2025-12-21 23:28:00.000,2025-12-21 23:28:00.000,,,2.0,39306535-5f32-305f-3038-323838343936.raw_data.json,UTC-0300,yeLoKu9/uD,com.sec.android.app.shealth,2025-12-21 23:28:00.000,39306535-5f32-305f-3038-323838343936,
2025-12-22 13:29:00.000,,2025-12-22 13:29:00.000,2025-12-22 13:29:00.000,,,1.0,63323037-5f31-305f-6339-373439343936.raw_data.json,UTC-0300,yeLoKu9/uD,com.sec.android.app.shealth,2025-12-22 13:29:00.000,63323037-5f31-305f-6339-373439343936,
2025-12-22 13:31:00.000,,2025-12-22 13:31:00.000,2025-12-22 13:31:00.000,,,1.0,35616332-5f31-305f-3431-383439343936.raw_data.json,UTC-0300,yeLoKu9/uD,com.sec.android.app.shealth,2025-12-22 13:31:00.000,35616332-5f31-305f-3431-383439343936,
2025-12-22 20:33:00.000,,2025-12-22 20:33:00.000,2025-12-22 20:33:00.000,,,1.0,37353134-5f31-305f-6366-616139343936.raw_data.json,UTC-0300,yeLoKu9/uD,com.sec.android.app.shealth,2025-12-22 20:33:00.000,37353134-5f31-305f-6366-616139343936,
2025-12-22 20:35:00.000,,2025-12-22 20:35:00.000,2025-12-22 20:35:00.000,,,2.0,34376664-5f32-305f-3437-626139343936.raw_data.json,UTC-0300,yeLoKu9/uD,com.sec.android.app.shealth,2025-12-22 20:35:00.000,34376664-5f32-305f-3437-626139343936,
2025-12-22 22:42:00.000,,2025-12-22 22:42:00.000,2025-12-22 22:42:00.000,,,1.0,34363330-5f31-305f-3833-396339343936.raw_data.json,UTC-0300,yeLoKu9/uD,com.sec.android.app.shealth,2025-12-22 22:42:00.000,34363330-5f31-305f-3833-396339343936,
2025-12-22 22:53:00.000,,2025-12-22 22:53:00.000,2025-12-22 22:53:00.000,,,1.0,34636333-5f31-305f-6363-626339343936.raw_data.json,UTC-0300,yeLoKu9/uD,com.sec.android.app.shealth,2025-12-22 22:53:00.000,34636333-5f31-305f-6363-626339343936,
2025-12-23 02:22:00.000,,2025-12-23 02:22:00.000,2025-12-23 02:22:00.000,,,1.0,35313162-5f31-305f-3863-636639343936.raw_data.json,UTC-0300,yeLoKu9/uD,com.sec.android.app.shealth,2025-12-23 02:22:00.000,35313162-5f31-305f-3863-636639343936,
2025-12-23 03:01:00.000,,2025-12-23 03:01:00.000,2025-12-23 03:01:00.000,,,1.0,38323638-5f31-305f-6365-353061343936.raw_data.json,UTC-0300,yeLoKu9/uD,com.sec.android.app.shealth,2025-12-23 03:01:00.000,38323638-5f31-305f-6365-353061343936,
2025-12-23 03:10:00.000,,2025-12-23 03:10:00.000,2025-12-23 03:10:00.000,,,1.0,34616662-5f31-305f-3830-383061343936.raw_data.json,UTC-0300,yeLoKu9/uD,com.sec.android.app.shealth,2025-12-23 03:10:00.000,34616662-5f31-305f-3830-383061343936,
2025-12-24 23:44:00.000,,2025-12-24 23:44:00.000,2025-12-24 23:44:00.000,,,1.0,64323466-5f31-305f-3063-613763343936.raw_data.json,UTC-0300,yeLoKu9/uD,com.sec.android.app.shealth,2025-12-24 23:44:00.000,64323466-5f31-305f-3063-613763343936,
2025-12-25 20:11:00.000,,2025-12-25 20:11:00.000,2025-12-25 20:11:00.000,,,1.0,66636338-5f31-305f-3435-613964343936.raw_data.json,UTC-0300,yeLoKu9/uD,com.sec.android.app.shealth,2025-12-25 20:11:00.000,66636338-5f31-305f-3435-613964343936,
2025-12-25 20:21:00.000,,2025-12-25 20:21:00.000,2025-12-25 20:21:00.000,,,1.0,36343666-5f31-305f-6361-633964343936.raw_data.json,UTC-0300,yeLoKu9/uD,com.sec.android.app.shealth,2025-12-25 20:21:00.000,36343666-5f31-305f-6361-633964343936,
2025-12-26 20:38:00.000,,2025-12-26 20:38:00.000,2025-12-26 20:38:00.000,,,2.0,64323466-5f32-305f-3832-326665343936.raw_data.json,UTC-0300,yeLoKu9/uD,com.sec.android.app.shealth,2025-12-26 20:38:00.000,64323466-5f32-305f-3832-326665343936,
2025-12-27 00:52:00.000,,2025-12-27 00:52:00.000,2025-12-27 00:52:00.000,,,1.0,66636338-5f31-305f-3062-643266343936.raw_data.json,UTC-0300,yeLoKu9/uD,com.sec.android.app.shealth,2025-12-27 00:52:00.000,66636338-5f31-305f-3062-643266343936,
2025-12-27 02:04:00.000,,2025-12-27 02:04:00.000,2025-12-27 02:04:00.000,,,1.0,36343666-5f31-305f-3039-653366343936.raw_data.json,UTC-0300,yeLoKu9/uD,com.sec.android.app.shealth,2025-12-27 02:04:00.000,36343666-5f31-305f-3039-653366343936,
2025-12-27 02:35:00.000,,2025-12-27 02:35:00.000,2025-12-27 02:35:00.000,,,1.0,39323133-5f31-305f-3464-353466343936.raw_data.json,UTC-0300,yeLoKu9/uD,com.sec.android.app.shealth,2025-12-27 02:35:00.000,39323133-5f31-305f-3464-353466343936,
2025-12-27 02:36:00.000,,2025-12-27 02:36:00.000,2025-12-27 02:36:00.000,,,1.0,34306235-5f31-305f-3031-363466343936.raw_data.json,UTC-0300,yeLoKu9/uD,com.sec.android.app.shealth,2025-12-27 02:36:00.000,34306235-5f31-305f-3031-363466343936,
2025-12-27 02:42:00.000,,2025-12-27 02:42:00.000,2025-12-27 02:42:00.000,,,1.0,34626435-5f31-305f-3837-373466343936.raw_data.json,UTC-0300,yeLoKu9/uD,com.sec.android.app.shealth,2025-12-27 02:42:00.000,34626435-5f31-305f-3837-373466343936,
2025-12-27 02:43:00.000,,2025-12-27 02:43:00.000,2025-12-27 02:43:00.000,,,1.0,38376637-5f31-305f-3462-373466343936.raw_data.json,UTC-0300,yeLoKu9/uD,com.sec.android.app.shealth,2025-12-27 02:43:00.000,38376637-5f31-305f-3462-373466343936,
2025-12-27 19:26:00.000,,2025-12-27 19:26:00.000,2025-12-27 19:26:00.000,,,1.0,38643935-5f31-305f-3863-323330353936.raw_data.json,UTC-0300,yeLoKu9/uD,com.sec.android.app.shealth,2025-12-27 19:26:00.000,38643935-5f31-305f-3863-323330353936,
2025-12-27 19:44:00.000,,2025-12-27 19:44:00.000,2025-12-27 19:44:00.000,,,1.0,38363834-5f31-305f-3030-373330353936.raw_data.json,UTC-0300,yeLoKu9/uD,com.sec.android.app.shealth,2025-12-27 19:44:00.000,38363834-5f31-305f-3030-373330353936,
2025-12-28 18:43:00.000,,2025-12-28 18:43:00.000,2025-12-28 18:43:00.000,,,2.0,64323466-5f32-305f-3433-613731353936.raw_data.json,UTC-0300,yeLoKu9/uD,com.sec.android.app.shealth,2025-12-28 18:43:00.000,64323466-5f32-305f-3433-613731353936,
2025-12-28 18:47:00.000,,2025-12-28 18:47:00.000,2025-12-28 18:47:00.000,,,1.0,66636338-5f31-305f-3432-623731353936.raw_data.json,UTC-0300,yeLoKu9/uD,com.sec.android.app.shealth,2025-12-28 18:47:00.000,66636338-5f31-305f-3432-623731353936,
2025-12-28 21:01:00.000,,2025-12-28 21:01:00.000,2025-12-28 21:01:00.000,,,1.0,36343666-5f31-305f-6338-613931353936.raw_data.json,UTC-0300,yeLoKu9/uD,com.sec.android.app.shealth,2025-12-28 21:01:00.000,36343666-5f31-305f-6338-613931353936,
2025-12-29 13:40:00.000,,2025-12-29 13:40:00.000,2025-12-29 13:40:00.000,,,1.0,66636338-5f31-305f-3062-343832353936.raw_data.json,UTC-0300,yeLoKu9/uD,com.sec.android.app.shealth,2025-12-29 13:40:00.000,66636338-5f31-305f-3062-343832353936,
2025-12-30 01:54:00.000,,2025-12-30 01:54:00.000,2025-12-30 01:54:00.000,,,1.0,39323133-5f31-305f-3862-303333353936.raw_data.json,UTC-0300,yeLoKu9/uD,com.sec.android.app.shealth,2025-12-30 01:54:00.000,39323133-5f31-305f-3862-303333353936,
2025-12-30 18:13:00.000,,2025-12-30 18:13:00.000,2025-12-30 18:13:00.000,,,1.0,34306235-5f31-305f-6332-363134353936.raw_data.json,UTC-0300,yeLoKu9/uD,com.sec.android.app.shealth,2025-12-30 18:13:00.000,34306235-5f31-305f-6332-363134353936,
2025-12-30 18:44:00.000,,2025-12-30 18:44:00.000,2025-12-30 18:44:00.000,,,1.0,34626435-5f31-305f-3037-643134353936.raw_data.json,UTC-0300,yeLoKu9/uD,com.sec.android.app.shealth,2025-12-30 18:44:00.000,34626435-5f31-305f-3037-643134353936,
2025-12-30 19:06:00.000,,2025-12-30 19:06:00.000,2025-12-30 19:06:00.000,,,1.0,38376637-5f31-305f-3839-323234353936.raw_data.json,UTC-0300,yeLoKu9/uD,com.sec.android.app.shealth,2025-12-30 19:06:00.000,38376637-5f31-305f-3839-323234353936,
2025-12-30 19:08:00.000,,2025-12-30 19:08:00.000,2025-12-30 19:08:00.000,,,1.0,38643935-5f31-305f-3031-333234353936.raw_data.json,UTC-0300,yeLoKu9/uD,com.sec.android.app.shealth,2025-12-30 19:08:00.000,38643935-5f31-305f-3031-333234353936,
2025-12-30 22:25:00.000,,2025-12-30 22:25:00.000,2025-12-30 22:25:00.000,,,1.0,37613635-5f31-305f-6333-313534353936.raw_data.json,UTC-0300,yeLoKu9/uD,com.sec.android.app.shealth,2025-12-30 22:25:00.000,37613635-5f31-305f-6333-313534353936,
2025-12-30 22:42:00.000,,2025-12-30 22:42:00.000,2025-12-30 22:42:00.000,,,1.0,66663762-5f31-305f-3833-353534353936.raw_data.json,UTC-0300,yeLoKu9/uD,com.sec.android.app.shealth,2025-12-30 22:42:00.000,66663762-5f31-305f-3833-353534353936,
2025-12-31 23:36:00.000,,2025-12-31 23:36:00.000,2025-12-31 23:36:00.000,,,1.0,62323561-5f31-305f-3036-336235353936.raw_data.json,UTC-0300,yeLoKu9/uD,com.sec.android.app.shealth,2025-12-31 23:36:00.000,62323561-5f31-305f-3036-336235353936,
2026-01-02 23:13:00.000,,2026-01-02 23:13:00.000,2026-01-02 23:13:00.000,,,1.0,64323466-5f31-305f-6366-303538353936.raw_data.json,UTC-0300,yeLoKu9/uD,com.sec.android.app.shealth,2026-01-02 23:13:00.000,64323466-5f31-305f-6366-303538353936,
2026-01-03 21:11:00.000,,2026-01-03 21:11:00.000,2026-01-03 21:11:00.000,,,2.0,36343666-5f32-305f-3465-353839353936.raw_data.json,UTC-0300,yeLoKu9/uD,com.sec.android.app.shealth,2026-01-03 21:11:00.000,36343666-5f32-305f-3465-353839353936,
2026-01-04 03:17:00.000,,2026-01-04 03:17:00.000,2026-01-04 03:17:00.000,,,1.0,39323133-5f31-305f-6361-626439353936.raw_data.json,UTC-0300,yeLoKu9/uD,com.sec.android.app.shealth,2026-01-04 03:17:00.000,39323133-5f31-305f-6361-626439353936,
2026-01-04 20:33:00.000,,2026-01-04 20:33:00.000,2026-01-04 20:33:00.000,,,1.0,34306235-5f31-305f-6337-656361353936.raw_data.json,UTC-0300,yeLoKu9/uD,com.sec.android.app.shealth,2026-01-04 20:33:00.000,34306235-5f31-305f-6337-656361353936,
2026-01-04 21:29:00.000,,2026-01-04 21:29:00.000,2026-01-04 21:29:00.000,,,1.0,34626435-5f31-305f-6339-626461353936.raw_data.json,UTC-0300,yeLoKu9/uD,com.sec.android.app.shealth,2026-01-04 21:29:00.000,34626435-5f31-305f-6339-626461353936,
2026-01-05 00:21:00.000,,2026-01-05 00:21:00.000,2026-01-05 00:21:00.000,,,1.0,38376637-5f31-305f-6365-333062353936.raw_data.json,UTC-0300,yeLoKu9/uD,com.sec.android.app.shealth,2026-01-05 00:21:00.000,38376637-5f31-305f-6365-333062353936,
2026-01-05 11:32:00.000,,2026-01-05 11:32:00.000,2026-01-05 11:32:00.000,,,1.0,38643935-5f31-305f-3033-316162353936.raw_data.json,UTC-0300,yeLoKu9/uD,com.sec.android.app.shealth,2026-01-05 11:32:00.000,38643935-5f31-305f-3033-316162353936,
2026-01-05 12:18:00.000,,2026-01-05 12:18:00.000,2026-01-05 12:18:00.000,,,1.0,38363834-5f31-305f-3866-626162353936.raw_data.json,UTC-0300,yeLoKu9/uD,com.sec.android.app.shealth,2026-01-05 12:18:00.000,38363834-5f31-305f-3866-626162353936,
2026-01-05 12:29:00.000,,2026-01-05 12:29:00.000,2026-01-05 12:29:00.000,,,1.0,37613635-5f31-305f-6338-656162353936.raw_data.json,UTC-0300,yeLoKu9/uD,com.sec.android.app.shealth,2026-01-05 12:29:00.000,37613635-5f31-305f-6338-656162353936,
2026-01-05 23:05:00.000,,2026-01-05 23:05:00.000,2026-01-05 23:05:00.000,,,1.0,66663762-5f31-305f-6339-333463353936.raw_data.json,UTC-0300,yeLoKu9/uD,com.sec.android.app.shealth,2026-01-05 23:05:00.000,66663762-5f31-305f-6339-333463353936,
2026-01-05 23:14:00.000,,2026-01-05 23:14:00.000,2026-01-05 23:14:00.000,,,1.0,66333464-5f31-305f-3862-353463353936.raw_data.json,UTC-0300,yeLoKu9/uD,com.sec.android.app.shealth,2026-01-05 23:14:00.000,66333464-5f31-305f-3862-353463353936,
2026-01-06 10:39:00.000,,2026-01-06 10:39:00.000,2026-01-06 10:39:00.000,,,1.0,31666162-5f31-305f-3434-366563353936.raw_data.json,UTC-0300,yeLoKu9/uD,com.sec.android.app.shealth,2026-01-06 10:39:00.000,31666162-5f31-305f-3434-366563353936,
2026-01-06 12:49:00.000,,2026-01-06 12:49:00.000,2026-01-06 12:49:00.000,,,1.0,63663134-5f31-305f-6362-343064353936.raw_data.json,UTC-0300,yeLoKu9/uD,com.sec.android.app.shealth,2026-01-06 12:49:00.000,63663134-5f31-305f-6362-343064353936,
2026-01-06 12:51:00.000,,2026-01-06 12:51:00.000,2026-01-06 12:51:00.000,,,1.0,39646636-5f31-305f-3433-353064353936.raw_data.json,UTC-0300,yeLoKu9/uD,com.sec.android.app.shealth,2026-01-06 12:51:00.000,39646636-5f31-305f-3433-353064353936,
2026-01-06 12:53:00.000,,2026-01-06 12:53:00.000,2026-01-06 12:53:00.000,,,1.0,61376632-5f31-305f-6361-353064353936.raw_data.json,UTC-0300,yeLoKu9/uD,com.sec.android.app.shealth,2026-01-06 12:53:00.000,61376632-5f31-305f-6361-353064353936,
2026-01-06 22:44:00.000,,2026-01-06 22:44:00.000,2026-01-06 22:44:00.000,,,1.0,36393730-5f31-305f-3033-303964353936.raw_data.json,UTC-0300,yeLoKu9/uD,com.sec.android.app.shealth,2026-01-06 22:44:00.000,36393730-5f31-305f-3033-303964353936,
2026-01-06 23:16:00.000,,2026-01-06 23:16:00.000,2026-01-06 23:16:00.000,,,1.0,39306535-5f31-305f-3062-373964353936.raw_data.json,UTC-0300,yeLoKu9/uD,com.sec.android.app.shealth,2026-01-06 23:16:00.000,39306535-5f31-305f-3062-373964353936,
2026-01-07 20:38:00.000,,2026-01-07 20:38:00.000,2026-01-07 20:38:00.000,,,1.0,63323037-5f31-305f-3832-346365353936.raw_data.json,UTC-0300,yeLoKu9/uD,com.sec.android.app.shealth,2026-01-07 20:38:00.000,63323037-5f31-305f-3832-346365353936,
2026-01-07 22:32:00.000,,2026-01-07 22:32:00.000,2026-01-07 22:32:00.000,,,5.0,35616332-5f35-305f-3065-656465353936.raw_data.json,UTC-0300,yeLoKu9/uD,com.sec.android.app.shealth,2026-01-07 22:32:00.000,35616332-5f35-305f-3065-656465353936,
2026-01-07 22:40:00.000,,2026-01-07 22:40:00.000,2026-01-07 22:40:00.000,,,8.0,37353134-5f38-305f-3063-306565353936.raw_data.json,UTC-0300,yeLoKu9/uD,com.sec.android.app.shealth,2026-01-07 22:40:00.000,37353134-5f38-305f-3063-306565353936,
2026-01-07 22:41:00.000,,2026-01-07 22:41:00.000,2026-01-07 22:41:00.000,,,2.0,34376664-5f32-305f-6366-306565353936.raw_data.json,UTC-0300,yeLoKu9/uD,com.sec.android.app.shealth,2026-01-07 22:41:00.000,34376664-5f32-305f-6366-306565353936,
2026-01-07 22:50:00.000,,2026-01-07 22:50:00.000,2026-01-07 22:50:00.000,,,4.0,34363330-5f34-305f-3831-336565353936.raw_data.json,UTC-0300,yeLoKu9/uD,com.sec.android.app.shealth,2026-01-07 22:50:00.000,34363330-5f34-305f-3831-336565353936,
2026-01-08 01:36:00.000,,2026-01-08 01:36:00.000,2026-01-08 01:36:00.000,,,1.0,66616635-5f31-305f-3030-613066353936.raw_data.json,UTC-0300,yeLoKu9/uD,com.sec.android.app.shealth,2026-01-08 01:36:00.000,66616635-5f31-305f-3030-613066353936,
2026-01-08 01:37:00.000,,2026-01-08 01:37:00.000,2026-01-08 01:37:00.000,,,1.0,35313162-5f31-305f-6333-613066353936.raw_data.json,UTC-0300,yeLoKu9/uD,com.sec.android.app.shealth,2026-01-08 01:37:00.000,35313162-5f31-305f-6333-613066353936,
2026-01-08 10:20:00.000,,2026-01-08 10:20:00.000,2026-01-08 10:20:00.000,,,1.0,38323638-5f31-305f-3064-343866353936.raw_data.json,UTC-0300,yeLoKu9/uD,com.sec.android.app.shealth,2026-01-08 10:20:00.000,38323638-5f31-305f-3064-343866353936,
2026-01-08 13:09:00.000,,2026-01-08 13:09:00.000,2026-01-08 13:09:00.000,,,1.0,34616662-5f31-305f-6336-636166353936.raw_data.json,UTC-0300,yeLoKu9/uD,com.sec.android.app.shealth,2026-01-08 13:09:00.000,34616662-5f31-305f-6336-636166353936,
2026-01-08 15:22:00.000,,2026-01-08 15:22:00.000,2026-01-08 15:22:00.000,,,1.0,39653035-5f31-305f-3839-626366353936.raw_data.json,UTC-0300,yeLoKu9/uD,com.sec.android.app.shealth,2026-01-08 15:22:00.000,39653035-5f31-305f-3839-626366353936,
2026-01-08 22:58:00.000,,2026-01-08 22:58:00.000,2026-01-08 22:58:00.000,,,1.0,37353631-5f31-305f-3837-363330363936.raw_data.json,UTC-0300,yeLoKu9/uD,com.sec.android.app.shealth,2026-01-08 22:58:00.000,37353631-5f31-305f-3837-363330363936,
2026-01-09 16:27:00.000,,2026-01-09 16:27:00.000,2026-01-09 16:27:00.000,,,1.0,65353236-5f31-305f-3435-633231363936.raw_data.json,UTC-0300,yeLoKu9/uD,com.sec.android.app.shealth,2026-01-09 16:27:00.000,65353236-5f31-305f-3435-633231363936,
2026-01-09 16:28:00.000,,2026-01-09 16:28:00.000,2026-01-09 16:28:00.000,,,1.0,30323035-5f31-305f-3039-633231363936.raw_data.json,UTC-0300,yeLoKu9/uD,com.sec.android.app.shealth,2026-01-09 16:28:00.000,30323035-5f31-305f-3039-633231363936,
2026-01-09 17:33:00.000,,2026-01-09 17:33:00.000,2026-01-09 17:33:00.000,,,1.0,62663435-5f31-305f-6363-623331363936.raw_data.json,UTC-0300,yeLoKu9/uD,com.sec.android.app.shealth,2026-01-09 17:33:00.000,62663435-5f31-305f-6363-623331363936,
2026-01-10 01:55:00.000,,2026-01-10 01:55:00.000,2026-01-10 01:55:00.000,,,1.0,38613564-5f31-305f-3437-316231363936.raw_data.json,UTC-0300,yeLoKu9/uD,com.sec.android.app.shealth,2026-01-10 01:55:00.000,38613564-5f31-305f-3437-316231363936,
2026-01-10 02:12:00.000,,2026-01-10 02:12:00.000,2026-01-10 02:12:00.000,,,1.0,65343030-5f31-305f-3037-356231363936.raw_data.json,UTC-0300,yeLoKu9/uD,com.sec.android.app.shealth,2026-01-10 02:12:00.000,65343030-5f31-305f-3037-356231363936,
2026-01-10 02:31:00.000,,2026-01-10 02:31:00.000,2026-01-10 02:31:00.000,,,4.0,36613738-5f34-305f-3465-396231363936.raw_data.json,UTC-0300,yeLoKu9/uD,com.sec.android.app.shealth,2026-01-10 02:31:00.000,36613738-5f34-305f-3465-396231363936,
2026-01-10 02:35:00.000,,2026-01-10 02:35:00.000,2026-01-10 02:35:00.000,,,1.0,34313763-5f31-305f-3464-616231363936.raw_data.json,UTC-0300,yeLoKu9/uD,com.sec.android.app.shealth,2026-01-10 02:35:00.000,34313763-5f31-305f-3464-616231363936,
2026-01-11 21:19:00.000,,2026-01-11 21:19:00.000,2026-01-11 21:19:00.000,,,2.0,64323466-5f32-305f-3463-333134363936.raw_data.json,UTC-0300,yeLoKu9/uD,com.sec.android.app.shealth,2026-01-11 21:19:00.000,64323466-5f32-305f-3463-333134363936,
2026-01-11 21:20:00.000,,2026-01-11 21:20:00.000,2026-01-11 21:20:00.000,,,2.0,66636338-5f32-305f-3030-343134363936.raw_data.json,UTC-0300,yeLoKu9/uD,com.sec.android.app.shealth,2026-01-11 21:20:00.000,66636338-5f32-305f-3030-343134363936,
2026-01-13 20:42:00.000,,2026-01-13 20:42:00.000,2026-01-13 20:42:00.000,,,1.0,64323466-5f31-305f-3831-656136363936.raw_data.json,UTC-0300,yeLoKu9/uD,com.sec.android.app.shealth,2026-01-13 20:42:00.000,64323466-5f31-305f-3831-656136363936,
2026-01-14 02:41:00.000,,2026-01-14 02:41:00.000,2026-01-14 02:41:00.000,,,1.0,66636338-5f31-305f-6333-323037363936.raw_data.json,UTC-0300,yeLoKu9/uD,com.sec.android.app.shealth,2026-01-14 02:41:00.000,66636338-5f31-305f-6333-323037363936,
2026-01-15 20:16:00.000,,2026-01-15 20:16:00.000,2026-01-15 20:16:00.000,,,1.0,36343666-5f31-305f-3030-623439363936.raw_data.json,UTC-0300,yeLoKu9/uD,com.sec.android.app.shealth,2026-01-15 20:16:00.000,36343666-5f31-305f-3030-623439363936,
2026-01-15 22:27:00.000,,2026-01-15 22:27:00.000,2026-01-15 22:27:00.000,,,1.0,39323133-5f31-305f-3462-393639363936.raw_data.json,UTC-0300,yeLoKu9/uD,com.sec.android.app.shealth,2026-01-15 22:27:00.000,39323133-5f31-305f-3462-393639363936,
2026-01-16 10:48:00.000,,2026-01-16 10:48:00.000,2026-01-16 10:48:00.000,,,1.0,34306235-5f31-305f-3036-373161363936.raw_data.json,UTC-0300,yeLoKu9/uD,com.sec.android.app.shealth,2026-01-16 10:48:00.000,34306235-5f31-305f-3036-373161363936,
2026-01-16 15:03:00.000,,2026-01-16 15:03:00.000,2026-01-16 15:03:00.000,,,1.0,34626435-5f31-305f-3432-333561363936.raw_data.json,UTC-0300,yeLoKu9/uD,com.sec.android.app.shealth,2026-01-16 15:03:00.000,34626435-5f31-305f-3432-333561363936,
2026-01-16 20:48:00.000,,2026-01-16 20:48:00.000,2026-01-16 20:48:00.000,,,1.0,38376637-5f31-305f-3030-346161363936.raw_data.json,UTC-0300,yeLoKu9/uD,com.sec.android.app.shealth,2026-01-16 20:48:00.000,38376637-5f31-305f-3030-346161363936,
2026-01-17 16:49:00.000,,2026-01-17 16:49:00.000,2026-01-17 16:49:00.000,,,1.0,38643935-5f31-305f-6337-646262363936.raw_data.json,UTC-0300,yeLoKu9/uD,com.sec.android.app.shealth,2026-01-17 16:49:00.000,38643935-5f31-305f-6337-646262363936,
2026-01-18 18:57:00.000,,2026-01-18 18:57:00.000,2026-01-18 18:57:00.000,,,1.0,38363834-5f31-305f-6366-633264363936.raw_data.json,UTC-0300,yeLoKu9/uD,com.sec.android.app.shealth,2026-01-18 18:57:00.000,38363834-5f31-305f-6366-633264363936,
2026-01-18 20:39:00.000,,2026-01-18 20:39:00.000,2026-01-18 20:39:00.000,,,1.0,37613635-5f31-305f-3465-343464363936.raw_data.json,UTC-0300,yeLoKu9/uD,com.sec.android.app.shealth,2026-01-18 20:39:00.000,37613635-5f31-305f-3465-343464363936,
2026-01-18 22:00:00.000,,2026-01-18 22:00:00.000,2026-01-18 22:00:00.000,,,1.0,64323466-5f31-305f-3065-373564363936.raw_data.json,UTC-0300,yeLoKu9/uD,com.sec.android.app.shealth,2026-01-18 22:00:00.000,64323466-5f31-305f-3065-373564363936,
2026-01-19 11:15:00.000,,2026-01-19 11:15:00.000,2026-01-19 11:15:00.000,,,1.0,66636338-5f31-305f-3433-323165363936.raw_data.json,UTC-0300,yeLoKu9/uD,com.sec.android.app.shealth,2026-01-19 11:15:00.000,66636338-5f31-305f-3433-323165363936,
2026-01-19 18:51:00.000,,2026-01-19 18:51:00.000,2026-01-19 18:51:00.000,,,1.0,36343666-5f31-305f-3431-643765363936.raw_data.json,UTC-0300,yeLoKu9/uD,com.sec.android.app.shealth,2026-01-19 18:51:00.000,36343666-5f31-305f-3431-643765363936,
2026-01-19 18:54:00.000,,2026-01-19 18:54:00.000,2026-01-19 18:54:00.000,,,1.0,39323133-5f31-305f-3863-643765363936.raw_data.json,UTC-0300,yeLoKu9/uD,com.sec.android.app.shealth,2026-01-19 18:54:00.000,39323133-5f31-305f-3863-643765363936,
2026-01-19 19:51:00.000,,2026-01-19 19:51:00.000,2026-01-19 19:51:00.000,,,1.0,34306235-5f31-305f-3432-623865363936.raw_data.json,UTC-0300,yeLoKu9/uD,com.sec.android.app.shealth,2026-01-19 19:51:00.000,34306235-5f31-305f-3432-623865363936,
2026-01-20 12:44:00.000,,2026-01-20 12:44:00.000,2026-01-20 12:44:00.000,,,1.0,64323466-5f31-305f-3039-383766363936.raw_data.json,UTC-0300,yeLoKu9/uD,com.sec.android.app.shealth,2026-01-20 12:44:00.000,64323466-5f31-305f-3039-383766363936,
2026-01-21 20:05:00.000,,2026-01-21 20:05:00.000,2026-01-21 20:05:00.000,,,1.0,64323466-5f31-305f-6336-313331373936.raw_data.json,UTC-0300,yeLoKu9/uD,com.sec.android.app.shealth,2026-01-21 20:05:00.000,64323466-5f31-305f-6336-313331373936,
2026-01-21 23:14:00.000,,2026-01-21 23:14:00.000,2026-01-21 23:14:00.000,,,1.0,36343666-5f31-305f-3862-643531373936.raw_data.json,UTC-0300,yeLoKu9/uD,com.sec.android.app.shealth,2026-01-21 23:14:00.000,36343666-5f31-305f-3862-643531373936,
2026-01-22 21:28:00.000,,2026-01-22 21:28:00.000,2026-01-22 21:28:00.000,,,1.0,39323133-5f31-305f-3036-363932373936.raw_data.json,UTC-0300,yeLoKu9/uD,com.sec.android.app.shealth,2026-01-22 21:28:00.000,39323133-5f31-305f-3036-363932373936,
2026-01-22 22:51:00.000,,2026-01-22 22:51:00.000,2026-01-22 22:51:00.000,,,1.0,38376637-5f31-305f-3464-396132373936.raw_data.json,UTC-0300,yeLoKu9/uD,com.sec.android.app.shealth,2026-01-22 22:51:00.000,38376637-5f31-305f-3464-396132373936,
2026-01-23 14:59:00.000,,2026-01-23 14:59:00.000,2026-01-23 14:59:00.000,,,1.0,38643935-5f31-305f-3462-633833373936.raw_data.json,UTC-0300,yeLoKu9/uD,com.sec.android.app.shealth,2026-01-23 14:59:00.000,38643935-5f31-305f-3462-633833373936,
2026-01-23 15:15:00.000,,2026-01-23 15:15:00.000,2026-01-23 15:15:00.000,,,1.0,38363834-5f31-305f-3437-303933373936.raw_data.json,UTC-0300,yeLoKu9/uD,com.sec.android.app.shealth,2026-01-23 15:15:00.000,38363834-5f31-305f-3437-303933373936,
2026-01-23 17:38:00.000,,2026-01-23 17:38:00.000,2026-01-23 17:38:00.000,,,1.0,37613635-5f31-305f-3866-316233373936.raw_data.json,UTC-0300,yeLoKu9/uD,com.sec.android.app.shealth,2026-01-23 17:38:00.000,37613635-5f31-305f-3866-316233373936,
2026-01-23 18:18:00.000,,2026-01-23 18:18:00.000,2026-01-23 18:18:00.000,,,1.0,66663762-5f31-305f-3835-626233373936.raw_data.json,UTC-0300,yeLoKu9/uD,com.sec.android.app.shealth,2026-01-23 18:18:00.000,66663762-5f31-305f-3835-626233373936,
2026-01-23 19:05:00.000,,2026-01-23 19:05:00.000,2026-01-23 19:05:00.000,,,1.0,66333464-5f31-305f-6335-366333373936.raw_data.json,UTC-0300,yeLoKu9/uD,com.sec.android.app.shealth,2026-01-23 19:05:00.000,66333464-5f31-305f-6335-366333373936,
2026-01-23 19:06:00.000,,2026-01-23 19:06:00.000,2026-01-23 19:06:00.000,,,2.0,62323561-5f32-305f-3839-366333373936.raw_data.json,UTC-0300,yeLoKu9/uD,com.sec.android.app.shealth,2026-01-23 19:06:00.000,62323561-5f32-305f-3839-366333373936,
2026-01-23 19:15:00.000,,2026-01-23 19:15:00.000,2026-01-23 19:15:00.000,,,1.0,31666162-5f31-305f-3462-386333373936.raw_data.json,UTC-0300,yeLoKu9/uD,com.sec.android.app.shealth,2026-01-23 19:15:00.000,31666162-5f31-305f-3462-386333373936,
2026-01-23 19:29:00.000,,2026-01-23 19:29:00.000,2026-01-23 19:29:00.000,,,1.0,63663134-5f31-305f-6366-626333373936.raw_data.json,UTC-0300,yeLoKu9/uD,com.sec.android.app.shealth,2026-01-23 19:29:00.000,63663134-5f31-305f-6366-626333373936,
2026-01-23 23:02:00.000,,2026-01-23 23:02:00.000,2026-01-23 23:02:00.000,,,1.0,39646636-5f31-305f-3865-646633373936.raw_data.json,UTC-0300,yeLoKu9/uD,com.sec.android.app.shealth,2026-01-23 23:02:00.000,39646636-5f31-305f-3865-646633373936,
2026-01-23 23:28:00.000,,2026-01-23 23:28:00.000,2026-01-23 23:28:00.000,,,1.0,61376632-5f31-305f-3030-343034373936.raw_data.json,UTC-0300,yeLoKu9/uD,com.sec.android.app.shealth,2026-01-23 23:28:00.000,61376632-5f31-305f-3030-343034373936,
2026-01-23 23:31:00.000,,2026-01-23 23:31:00.000,2026-01-23 23:31:00.000,,,1.0,36393730-5f31-305f-3462-343034373936.raw_data.json,UTC-0300,yeLoKu9/uD,com.sec.android.app.shealth,2026-01-23 23:31:00.000,36393730-5f31-305f-3462-343034373936,
2026-01-23 23:40:00.000,,2026-01-23 23:40:00.000,2026-01-23 23:40:00.000,,,1.0,39306535-5f31-305f-3064-363034373936.raw_data.json,UTC-0300,yeLoKu9/uD,com.sec.android.app.shealth,2026-01-23 23:40:00.000,39306535-5f31-305f-3064-363034373936,
2026-01-24 13:58:00.000,,2026-01-24 13:58:00.000,2026-01-24 13:58:00.000,,,1.0,63323037-5f31-305f-3865-666334373936.raw_data.json,UTC-0300,yeLoKu9/uD,com.sec.android.app.shealth,2026-01-24 13:58:00.000,63323037-5f31-305f-3865-666334373936,
2026-01-26 10:16:00.000,,2026-01-26 10:16:00.000,2026-01-26 10:16:00.000,,,1.0,64323466-5f31-305f-3065-653337373936.raw_data.json,UTC-0300,yeLoKu9/uD,com.sec.android.app.shealth,2026-01-26 10:16:00.000,64323466-5f31-305f-3065-653337373936,
2026-01-26 21:05:00.000,,2026-01-26 21:05:00.000,2026-01-26 21:05:00.000,,,1.0,66636338-5f31-305f-6366-366437373936.raw_data.json,UTC-0300,yeLoKu9/uD,com.sec.android.app.shealth,2026-01-26 21:05:00.000,66636338-5f31-305f-6366-366437373936,
2026-01-26 21:10:00.000,,2026-01-26 21:10:00.000,2026-01-26 21:10:00.000,,,1.0,36343666-5f31-305f-3832-386437373936.raw_data.json,UTC-0300,yeLoKu9/uD,com.sec.android.app.shealth,2026-01-26 21:10:00.000,36343666-5f31-305f-3832-386437373936,
2026-01-26 21:17:00.000,,2026-01-26 21:17:00.000,2026-01-26 21:17:00.000,,,1.0,39323133-5f31-305f-6363-396437373936.raw_data.json,UTC-0300,yeLoKu9/uD,com.sec.android.app.shealth,2026-01-26 21:17:00.000,39323133-5f31-305f-6363-396437373936,
2026-01-27 21:54:00.000,,2026-01-27 21:54:00.000,2026-01-27 21:54:00.000,,,1.0,34626435-5f31-305f-3866-333339373936.raw_data.json,UTC-0300,yeLoKu9/uD,com.sec.android.app.shealth,2026-01-27 21:54:00.000,34626435-5f31-305f-3866-333339373936,
2026-01-27 21:55:00.000,,2026-01-27 21:55:00.000,2026-01-27 21:55:00.000,,,1.0,38376637-5f31-305f-3433-343339373936.raw_data.json,UTC-0300,yeLoKu9/uD,com.sec.android.app.shealth,2026-01-27 21:55:00.000,38376637-5f31-305f-3433-343339373936,
2026-01-28 22:16:00.000,,2026-01-28 22:16:00.000,2026-01-28 22:16:00.000,,,1.0,38643935-5f31-305f-3061-613861373936.raw_data.json,UTC-0300,yeLoKu9/uD,com.sec.android.app.shealth,2026-01-28 22:16:00.000,38643935-5f31-305f-3061-613861373936,
2026-01-28 22:21:00.000,,2026-01-28 22:21:00.000,2026-01-28 22:21:00.000,,,1.0,38363834-5f31-305f-6363-623861373936.raw_data.json,UTC-0300,yeLoKu9/uD,com.sec.android.app.shealth,2026-01-28 22:21:00.000,38363834-5f31-305f-6363-623861373936,
2026-01-29 22:20:00.000,,2026-01-29 22:20:00.000,2026-01-29 22:20:00.000,,,1.0,66663762-5f31-305f-3031-646462373936.raw_data.json,UTC-0300,yeLoKu9/uD,com.sec.android.app.shealth,2026-01-29 22:20:00.000,66663762-5f31-305f-3031-646462373936,
2026-01-29 22:21:00.000,,2026-01-29 22:21:00.000,2026-01-29 22:21:00.000,,,1.0,66333464-5f31-305f-6334-646462373936.raw_data.json,UTC-0300,yeLoKu9/uD,com.sec.android.app.shealth,2026-01-29 22:21:00.000,66333464-5f31-305f-6334-646462373936,
2026-01-30 17:52:00.000,,2026-01-30 17:52:00.000,2026-01-30 17:52:00.000,,,1.0,64323466-5f31-305f-3063-666563373936.raw_data.json,UTC-0300,yeLoKu9/uD,com.sec.android.app.shealth,2026-01-30 17:52:00.000,64323466-5f31-305f-3063-666563373936,
2026-01-31 13:12:00.000,,2026-01-31 13:12:00.000,2026-01-31 13:12:00.000,,,1.0,66636338-5f31-305f-3061-666664373936.raw_data.json,UTC-0300,yeLoKu9/uD,com.sec.android.app.shealth,2026-01-31 13:12:00.000,66636338-5f31-305f-3061-666664373936,
2026-01-31 13:21:00.000,,2026-01-31 13:21:00.000,2026-01-31 13:21:00.000,,,1.0,36343666-5f31-305f-6362-313065373936.raw_data.json,UTC-0300,yeLoKu9/uD,com.sec.android.app.shealth,2026-01-31 13:21:00.000,36343666-5f31-305f-6362-313065373936,
2026-01-31 14:47:00.000,,2026-01-31 14:47:00.000,2026-01-31 14:47:00.000,,,1.0,39323133-5f31-305f-3465-353165373936.raw_data.json,UTC-0300,yeLoKu9/uD,com.sec.android.app.shealth,2026-01-31 14:47:00.000,39323133-5f31-305f-3465-353165373936,
2026-01-31 14:48:00.000,,2026-01-31 14:48:00.000,2026-01-31 14:48:00.000,,,2.0,34306235-5f32-305f-3032-363165373936.raw_data.json,UTC-0300,yeLoKu9/uD,com.sec.android.app.shealth,2026-01-31 14:48:00.000,34306235-5f32-305f-3032-363165373936,
2026-01-31 15:43:00.000,,2026-01-31 15:43:00.000,2026-01-31 15:43:00.000,,,2.0,34626435-5f32-305f-3430-333265373936.raw_data.json,UTC-0300,yeLoKu9/uD,com.sec.android.app.shealth,2026-01-31 15:43:00.000,34626435-5f32-305f-3430-333265373936,
2026-01-31 15:47:00.000,,2026-01-31 15:47:00.000,2026-01-31 15:47:00.000,,,1.0,38376637-5f31-305f-3466-333265373936.raw_data.json,UTC-0300,yeLoKu9/uD,com.sec.android.app.shealth,2026-01-31 15:47:00.000,38376637-5f31-305f-3466-333265373936,
2026-01-31 18:02:00.000,,2026-01-31 18:02:00.000,2026-01-31 18:02:00.000,,,1.0,38643935-5f31-305f-3839-333465373936.raw_data.json,UTC-0300,yeLoKu9/uD,com.sec.android.app.shealth,2026-01-31 18:02:00.000,38643935-5f31-305f-3839-333465373936,
2026-02-01 02:53:00.000,,2026-02-01 02:53:00.000,2026-02-01 02:53:00.000,,,1.0,38363834-5f31-305f-6330-306365373936.raw_data.json,UTC-0300,yeLoKu9/uD,com.sec.android.app.shealth,2026-02-01 02:53:00.000,38363834-5f31-305f-6330-306365373936,
2026-02-01 03:05:00.000,,2026-02-01 03:05:00.000,2026-02-01 03:05:00.000,,,1.0,37613635-5f31-305f-6364-326365373936.raw_data.json,UTC-0300,yeLoKu9/uD,com.sec.android.app.shealth,2026-02-01 03:05:00.000,37613635-5f31-305f-6364-326365373936,
2026-02-01 04:49:00.000,,2026-02-01 04:49:00.000,2026-02-01 04:49:00.000,,,1.0,66663762-5f31-305f-6333-626465373936.raw_data.json,UTC-0300,yeLoKu9/uD,com.sec.android.app.shealth,2026-02-01 04:49:00.000,66663762-5f31-305f-6333-626465373936,
2026-02-01 05:08:00.000,,2026-02-01 05:08:00.000,2026-02-01 05:08:00.000,,,1.0,66333464-5f31-305f-3062-666465373936.raw_data.json,UTC-0300,yeLoKu9/uD,com.sec.android.app.shealth,2026-02-01 05:08:00.000,66333464-5f31-305f-3062-666465373936,
2026-02-01 18:26:00.000,,2026-02-01 18:26:00.000,2026-02-01 18:26:00.000,,,4.0,62323561-5f34-305f-3862-613966373936.raw_data.json,UTC-0300,yeLoKu9/uD,com.sec.android.app.shealth,2026-02-01 18:26:00.000,62323561-5f34-305f-3862-613966373936,
2026-02-01 22:01:00.000,,2026-02-01 22:01:00.000,2026-02-01 22:01:00.000,,,1.0,31666162-5f31-305f-6331-646366373936.raw_data.json,UTC-0300,yeLoKu9/uD,com.sec.android.app.shealth,2026-02-01 22:01:00.000,31666162-5f31-305f-6331-646366373936,
2026-02-01 22:06:00.000,,2026-02-01 22:06:00.000,2026-02-01 22:06:00.000,,,3.0,63663134-5f33-305f-3834-656366373936.raw_data.json,UTC-0300,yeLoKu9/uD,com.sec.android.app.shealth,2026-02-01 22:06:00.000,63663134-5f33-305f-3834-656366373936,
2026-02-02 10:35:00.000,,2026-02-02 10:35:00.000,2026-02-02 10:35:00.000,,,2.0,39646636-5f32-305f-3464-643730383936.raw_data.json,UTC-0300,yeLoKu9/uD,com.sec.android.app.shealth,2026-02-02 10:35:00.000,39646636-5f32-305f-3464-643730383936,
2026-02-02 12:40:00.000,,2026-02-02 12:40:00.000,2026-02-02 12:40:00.000,,,1.0,61376632-5f31-305f-3032-623930383936.raw_data.json,UTC-0300,yeLoKu9/uD,com.sec.android.app.shealth,2026-02-02 12:40:00.000,61376632-5f31-305f-3032-623930383936,
2026-02-02 15:34:00.000,,2026-02-02 15:34:00.000,2026-02-02 15:34:00.000,,,1.0,36393730-5f31-305f-3865-336330383936.raw_data.json,UTC-0300,yeLoKu9/uD,com.sec.android.app.shealth,2026-02-02 15:34:00.000,36393730-5f31-305f-3865-336330383936,
2026-02-02 23:25:00.000,,2026-02-02 23:25:00.000,2026-02-02 23:25:00.000,,,1.0,39306535-5f31-305f-6334-323331383936.raw_data.json,UTC-0300,yeLoKu9/uD,com.sec.android.app.shealth,2026-02-02 23:25:00.000,39306535-5f31-305f-6334-323331383936,
2026-02-03 00:04:00.000,,2026-02-03 00:04:00.000,2026-02-03 00:04:00.000,,,1.0,63323037-5f31-305f-3037-623331383936.raw_data.json,UTC-0300,yeLoKu9/uD,com.sec.android.app.shealth,2026-02-03 00:04:00.000,63323037-5f31-305f-3037-623331383936,
2026-02-03 00:22:00.000,,2026-02-03 00:22:00.000,2026-02-03 00:22:00.000,,,1.0,35616332-5f31-305f-3861-663331383936.raw_data.json,UTC-0300,yeLoKu9/uD,com.sec.android.app.shealth,2026-02-03 00:22:00.000,35616332-5f31-305f-3861-663331383936,
2026-02-04 12:54:00.000,,2026-02-04 12:54:00.000,2026-02-04 12:54:00.000,,,1.0,64323466-5f31-305f-3836-313433383936.raw_data.json,UTC-0300,yeLoKu9/uD,com.sec.android.app.shealth,2026-02-04 12:54:00.000,64323466-5f31-305f-3836-313433383936,
2026-02-05 12:56:00.000,,2026-02-05 12:56:00.000,2026-02-05 12:56:00.000,,,1.0,64323466-5f31-305f-3036-333934383936.raw_data.json,UTC-0300,yeLoKu9/uD,com.sec.android.app.shealth,2026-02-05 12:56:00.000,64323466-5f31-305f-3036-333934383936,
2026-02-05 16:04:00.000,,2026-02-05 16:04:00.000,2026-02-05 16:04:00.000,,,1.0,66636338-5f31-305f-3037-666234383936.raw_data.json,UTC-0300,yeLoKu9/uD,com.sec.android.app.shealth,2026-02-05 16:04:00.000,66636338-5f31-305f-3037-666234383936,
2026-02-05 20:38:00.000,,2026-02-05 20:38:00.000,2026-02-05 20:38:00.000,,,1.0,36343666-5f31-305f-3861-666634383936.raw_data.json,UTC-0300,yeLoKu9/uD,com.sec.android.app.shealth,2026-02-05 20:38:00.000,36343666-5f31-305f-3861-666634383936,
2026-02-05 21:55:00.000,,2026-02-05 21:55:00.000,2026-02-05 21:55:00.000,,,1.0,39323133-5f31-305f-3462-313135383936.raw_data.json,UTC-0300,yeLoKu9/uD,com.sec.android.app.shealth,2026-02-05 21:55:00.000,39323133-5f31-305f-3462-313135383936,
2026-02-05 22:06:00.000,,2026-02-05 22:06:00.000,2026-02-05 22:06:00.000,,,1.0,34306235-5f31-305f-3834-343135383936.raw_data.json,UTC-0300,yeLoKu9/uD,com.sec.android.app.shealth,2026-02-05 22:06:00.000,34306235-5f31-305f-3834-343135383936,
2026-02-05 22:07:00.000,,2026-02-05 22:07:00.000,2026-02-05 22:07:00.000,,,1.0,34626435-5f31-305f-3438-343135383936.raw_data.json,UTC-0300,yeLoKu9/uD,com.sec.android.app.shealth,2026-02-05 22:07:00.000,34626435-5f31-305f-3438-343135383936,
2026-02-06 21:49:00.000,,2026-02-06 21:49:00.000,2026-02-06 21:49:00.000,,,1.0,64323466-5f31-305f-6363-313636383936.raw_data.json,UTC-0300,yeLoKu9/uD,com.sec.android.app.shealth,2026-02-06 21:49:00.000,64323466-5f31-305f-6363-313636383936,
2026-02-07 10:42:00.000,,2026-02-07 10:42:00.000,2026-02-07 10:42:00.000,,,1.0,36343666-5f31-305f-3866-363137383936.raw_data.json,UTC-0300,yeLoKu9/uD,com.sec.android.app.shealth,2026-02-07 10:42:00.000,36343666-5f31-305f-3866-363137383936,
2026-02-07 10:44:00.000,,2026-02-07 10:44:00.000,2026-02-07 10:44:00.000,,,1.0,39323133-5f31-305f-3037-373137383936.raw_data.json,UTC-0300,yeLoKu9/uD,com.sec.android.app.shealth,2026-02-07 10:44:00.000,39323133-5f31-305f-3037-373137383936,
2026-02-07 12:30:00.000,,2026-02-07 12:30:00.000,2026-02-07 12:30:00.000,,,1.0,34306235-5f31-305f-3834-303337383936.raw_data.json,UTC-0300,yeLoKu9/uD,com.sec.android.app.shealth,2026-02-07 12:30:00.000,34306235-5f31-305f-3834-303337383936,
2026-02-07 12:32:00.000,,2026-02-07 12:32:00.000,2026-02-07 12:32:00.000,,,1.0,34626435-5f31-305f-3063-303337383936.raw_data.json,UTC-0300,yeLoKu9/uD,com.sec.android.app.shealth,2026-02-07 12:32:00.000,34626435-5f31-305f-3063-303337383936,
2026-02-07 12:54:00.000,,2026-02-07 12:54:00.000,2026-02-07 12:54:00.000,,,2.0,38376637-5f32-305f-3865-353337383936.raw_data.json,UTC-0300,yeLoKu9/uD,com.sec.android.app.shealth,2026-02-07 12:54:00.000,38376637-5f32-305f-3865-353337383936,
2026-02-08 00:10:00.000,,2026-02-08 00:10:00.000,2026-02-08 00:10:00.000,,,1.0,64323466-5f31-305f-3835-346437383936.raw_data.json,UTC-0300,yeLoKu9/uD,com.sec.android.app.shealth,2026-02-08 00:10:00.000,64323466-5f31-305f-3835-346437383936,
2026-02-08 14:17:00.000,,2026-02-08 14:17:00.000,2026-02-08 14:17:00.000,,,1.0,66636338-5f31-305f-6364-613938383936.raw_data.json,UTC-0300,yeLoKu9/uD,com.sec.android.app.shealth,2026-02-08 14:17:00.000,66636338-5f31-305f-6364-613938383936,
2026-02-08 14:41:00.000,,2026-02-08 14:41:00.000,2026-02-08 14:41:00.000,,,1.0,36343666-5f31-305f-6337-306138383936.raw_data.json,UTC-0300,yeLoKu9/uD,com.sec.android.app.shealth,2026-02-08 14:41:00.000,36343666-5f31-305f-6337-306138383936,
2026-02-08 15:02:00.000,,2026-02-08 15:02:00.000,2026-02-08 15:02:00.000,,,1.0,39323133-5f31-305f-3836-356138383936.raw_data.json,UTC-0300,yeLoKu9/uD,com.sec.android.app.shealth,2026-02-08 15:02:00.000,39323133-5f31-305f-3836-356138383936,
2026-02-08 15:25:00.000,,2026-02-08 15:25:00.000,2026-02-08 15:25:00.000,,,1.0,34306235-5f31-305f-6363-616138383936.raw_data.json,UTC-0300,yeLoKu9/uD,com.sec.android.app.shealth,2026-02-08 15:25:00.000,34306235-5f31-305f-6363-616138383936,
2026-02-08 16:07:00.000,,2026-02-08 16:07:00.000,2026-02-08 16:07:00.000,,,1.0,34626435-5f31-305f-3461-346238383936.raw_data.json,UTC-0300,yeLoKu9/uD,com.sec.android.app.shealth,2026-02-08 16:07:00.000,34626435-5f31-305f-3461-346238383936,
2026-02-09 12:35:00.000,,2026-02-09 12:35:00.000,2026-02-09 12:35:00.000,,,1.0,38376637-5f31-305f-3437-346439383936.raw_data.json,UTC-0300,yeLoKu9/uD,com.sec.android.app.shealth,2026-02-09 12:35:00.000,38376637-5f31-305f-3437-346439383936,
2026-02-09 12:42:00.000,,2026-02-09 12:42:00.000,2026-02-09 12:42:00.000,,,1.0,38643935-5f31-305f-3831-366439383936.raw_data.json,UTC-0300,yeLoKu9/uD,com.sec.android.app.shealth,2026-02-09 12:42:00.000,38643935-5f31-305f-3831-366439383936,
2026-02-09 20:32:00.000,,2026-02-09 20:32:00.000,2026-02-09 20:32:00.000,,,1.0,38363834-5f31-305f-3034-343461383936.raw_data.json,UTC-0300,yeLoKu9/uD,com.sec.android.app.shealth,2026-02-09 20:32:00.000,38363834-5f31-305f-3034-343461383936,
2026-02-10 00:12:00.000,,2026-02-10 00:12:00.000,2026-02-10 00:12:00.000,,,1.0,37613635-5f31-305f-3064-373761383936.raw_data.json,UTC-0300,yeLoKu9/uD,com.sec.android.app.shealth,2026-02-10 00:12:00.000,37613635-5f31-305f-3064-373761383936,
2026-02-10 02:09:00.000,,2026-02-10 02:09:00.000,2026-02-10 02:09:00.000,,,2.0,66663762-5f32-305f-6333-333961383936.raw_data.json,UTC-0300,yeLoKu9/uD,com.sec.android.app.shealth,2026-02-10 02:09:00.000,66663762-5f32-305f-6333-333961383936,
2026-02-10 11:56:00.000,,2026-02-10 11:56:00.000,2026-02-10 11:56:00.000,,,1.0,66333464-5f31-305f-3064-633162383936.raw_data.json,UTC-0300,yeLoKu9/uD,com.sec.android.app.shealth,2026-02-10 11:56:00.000,66333464-5f31-305f-3064-633162383936,
2026-02-10 12:16:00.000,,2026-02-10 12:16:00.000,2026-02-10 12:16:00.000,,,1.0,62323561-5f31-305f-3038-313262383936.raw_data.json,UTC-0300,yeLoKu9/uD,com.sec.android.app.shealth,2026-02-10 12:16:00.000,62323561-5f31-305f-3038-313262383936,
2026-02-10 12:19:00.000,,2026-02-10 12:19:00.000,2026-02-10 12:19:00.000,,,1.0,31666162-5f31-305f-3433-323262383936.raw_data.json,UTC-0300,yeLoKu9/uD,com.sec.android.app.shealth,2026-02-10 12:19:00.000,31666162-5f31-305f-3433-323262383936,
2026-02-10 16:14:00.000,,2026-02-10 16:14:00.000,2026-02-10 16:14:00.000,,,1.0,63663134-5f31-305f-3834-393562383936.raw_data.json,UTC-0300,yeLoKu9/uD,com.sec.android.app.shealth,2026-02-10 16:14:00.000,63663134-5f31-305f-3834-393562383936,
2026-02-10 22:36:00.000,,2026-02-10 22:36:00.000,2026-02-10 22:36:00.000,,,2.0,39646636-5f32-305f-3064-326262383936.raw_data.json,UTC-0300,yeLoKu9/uD,com.sec.android.app.shealth,2026-02-10 22:36:00.000,39646636-5f32-305f-3064-326262383936,
2026-02-10 22:37:00.000,,2026-02-10 22:37:00.000,2026-02-10 22:37:00.000,,,1.0,61376632-5f31-305f-6330-336262383936.raw_data.json,UTC-0300,yeLoKu9/uD,com.sec.android.app.shealth,2026-02-10 22:37:00.000,61376632-5f31-305f-6330-336262383936,
2026-02-10 22:41:00.000,,2026-02-10 22:41:00.000,2026-02-10 22:41:00.000,,,2.0,36393730-5f32-305f-6366-336262383936.raw_data.json,UTC-0300,yeLoKu9/uD,com.sec.android.app.shealth,2026-02-10 22:41:00.000,36393730-5f32-305f-6366-336262383936,
2026-02-11 00:02:00.000,,2026-02-11 00:02:00.000,2026-02-11 00:02:00.000,,,1.0,39306535-5f31-305f-3866-366362383936.raw_data.json,UTC-0300,yeLoKu9/uD,com.sec.android.app.shealth,2026-02-11 00:02:00.000,39306535-5f31-305f-3866-366362383936,
2026-02-11 22:37:00.000,,2026-02-11 22:37:00.000,2026-02-11 22:37:00.000,,,1.0,64323466-5f31-305f-6338-343064383936.raw_data.json,UTC-0300,yeLoKu9/uD,com.sec.android.app.shealth,2026-02-11 22:37:00.000,64323466-5f31-305f-6338-343064383936,
2026-02-13 17:57:00.000,,2026-02-13 17:57:00.000,2026-02-13 17:57:00.000,,,1.0,36343666-5f31-305f-6365-353666383936.raw_data.json,UTC-0300,yeLoKu9/uD,com.sec.android.app.shealth,2026-02-13 17:57:00.000,36343666-5f31-305f-6365-353666383936,
2026-02-13 17:58:00.000,,2026-02-13 17:58:00.000,2026-02-13 17:58:00.000,,,1.0,39323133-5f31-305f-3832-363666383936.raw_data.json,UTC-0300,yeLoKu9/uD,com.sec.android.app.shealth,2026-02-13 17:58:00.000,39323133-5f31-305f-3832-363666383936,
2026-02-13 18:05:00.000,,2026-02-13 18:05:00.000,2026-02-13 18:05:00.000,,,1.0,34306235-5f31-305f-6363-373666383936.raw_data.json,UTC-0300,yeLoKu9/uD,com.sec.android.app.shealth,2026-02-13 18:05:00.000,34306235-5f31-305f-6363-373666383936,
2026-02-13 18:12:00.000,,2026-02-13 18:12:00.000,2026-02-13 18:12:00.000,,,1.0,34626435-5f31-305f-3037-393666383936.raw_data.json,UTC-0300,yeLoKu9/uD,com.sec.android.app.shealth,2026-02-13 18:12:00.000,34626435-5f31-305f-3037-393666383936,
2026-02-13 19:35:00.000,,2026-02-13 19:35:00.000,2026-02-13 19:35:00.000,,,1.0,38363834-5f31-305f-3465-633766383936.raw_data.json,UTC-0300,yeLoKu9/uD,com.sec.android.app.shealth,2026-02-13 19:35:00.000,38363834-5f31-305f-3465-633766383936,
2026-02-13 19:36:00.000,,2026-02-13 19:36:00.000,2026-02-13 19:36:00.000,,,1.0,37613635-5f31-305f-3032-643766383936.raw_data.json,UTC-0300,yeLoKu9/uD,com.sec.android.app.shealth,2026-02-13 19:36:00.000,37613635-5f31-305f-3032-643766383936,
2026-02-13 20:12:00.000,,2026-02-13 20:12:00.000,2026-02-13 20:12:00.000,,,1.0,66663762-5f31-305f-3039-353866383936.raw_data.json,UTC-0300,yeLoKu9/uD,com.sec.android.app.shealth,2026-02-13 20:12:00.000,66663762-5f31-305f-3039-353866383936,
2026-02-13 23:37:00.000,,2026-02-13 23:37:00.000,2026-02-13 23:37:00.000,,,1.0,66333464-5f31-305f-6339-356266383936.raw_data.json,UTC-0300,yeLoKu9/uD,com.sec.android.app.shealth,2026-02-13 23:37:00.000,66333464-5f31-305f-6339-356266383936,
2026-02-14 00:46:00.000,,2026-02-14 00:46:00.000,2026-02-14 00:46:00.000,,,1.0,62323561-5f31-305f-3863-356366383936.raw_data.json,UTC-0300,yeLoKu9/uD,com.sec.android.app.shealth,2026-02-14 00:46:00.000,62323561-5f31-305f-3863-356366383936,
2026-02-14 01:20:00.000,,2026-02-14 01:20:00.000,2026-02-14 01:20:00.000,,,1.0,31666162-5f31-305f-3063-646366383936.raw_data.json,UTC-0300,yeLoKu9/uD,com.sec.android.app.shealth,2026-02-14 01:20:00.000,31666162-5f31-305f-3063-646366383936,
2026-02-14 14:52:00.000,,2026-02-14 14:52:00.000,2026-02-14 14:52:00.000,,,1.0,63663134-5f31-305f-3031-633830393936.raw_data.json,UTC-0300,yeLoKu9/uD,com.sec.android.app.shealth,2026-02-14 14:52:00.000,63663134-5f31-305f-3031-633830393936,
2026-02-14 15:08:00.000,,2026-02-14 15:08:00.000,2026-02-14 15:08:00.000,,,1.0,39646636-5f31-305f-3064-663830393936.raw_data.json,UTC-0300,yeLoKu9/uD,com.sec.android.app.shealth,2026-02-14 15:08:00.000,39646636-5f31-305f-3064-663830393936,
2026-02-14 17:50:00.000,,2026-02-14 17:50:00.000,2026-02-14 17:50:00.000,,,1.0,61376632-5f31-305f-3863-356230393936.raw_data.json,UTC-0300,yeLoKu9/uD,com.sec.android.app.shealth,2026-02-14 17:50:00.000,61376632-5f31-305f-3863-356230393936,
2026-02-14 17:59:00.000,,2026-02-14 17:59:00.000,2026-02-14 17:59:00.000,,,1.0,36393730-5f31-305f-3465-376230393936.raw_data.json,UTC-0300,yeLoKu9/uD,com.sec.android.app.shealth,2026-02-14 17:59:00.000,36393730-5f31-305f-3465-376230393936,
2026-02-14 18:01:00.000,,2026-02-14 18:01:00.000,2026-02-14 18:01:00.000,,,1.0,39306535-5f31-305f-6335-386230393936.raw_data.json,UTC-0300,yeLoKu9/uD,com.sec.android.app.shealth,2026-02-14 18:01:00.000,39306535-5f31-305f-6335-386230393936,
2026-02-14 18:09:00.000,,2026-02-14 18:09:00.000,2026-02-14 18:09:00.000,,,1.0,63323037-5f31-305f-6333-616230393936.raw_data.json,UTC-0300,yeLoKu9/uD,com.sec.android.app.shealth,2026-02-14 18:09:00.000,63323037-5f31-305f-6333-616230393936,
2026-02-14 21:07:00.000,,2026-02-14 21:07:00.000,2026-02-14 21:07:00.000,,,1.0,35616332-5f31-305f-3466-336530393936.raw_data.json,UTC-0300,yeLoKu9/uD,com.sec.android.app.shealth,2026-02-14 21:07:00.000,35616332-5f31-305f-3466-336530393936,
2026-02-15 01:02:00.000,,2026-02-15 01:02:00.000,2026-02-15 01:02:00.000,,,1.0,37353134-5f31-305f-3830-623131393936.raw_data.json,UTC-0300,yeLoKu9/uD,com.sec.android.app.shealth,2026-02-15 01:02:00.000,37353134-5f31-305f-3830-623131393936,
2026-02-16 18:24:00.000,,2026-02-16 18:24:00.000,2026-02-16 18:24:00.000,,,1.0,64323466-5f31-305f-3063-303633393936.raw_data.json,UTC-0300,yeLoKu9/uD,com.sec.android.app.shealth,2026-02-16 18:24:00.000,64323466-5f31-305f-3063-303633393936,
2026-02-17 22:44:00.000,,2026-02-17 22:44:00.000,2026-02-17 22:44:00.000,,,1.0,66636338-5f31-305f-3033-666534393936.raw_data.json,UTC-0300,yeLoKu9/uD,com.sec.android.app.shealth,2026-02-17 22:44:00.000,66636338-5f31-305f-3033-666534393936,
2026-02-18 00:23:00.000,,2026-02-18 00:23:00.000,2026-02-18 00:23:00.000,,,1.0,36343666-5f31-305f-3436-363035393936.raw_data.json,UTC-0300,yeLoKu9/uD,com.sec.android.app.shealth,2026-02-18 00:23:00.000,36343666-5f31-305f-3436-363035393936,
2026-02-18 11:15:00.000,,2026-02-18 11:15:00.000,2026-02-18 11:15:00.000,,,2.0,39323133-5f32-305f-3433-663935393936.raw_data.json,UTC-0300,yeLoKu9/uD,com.sec.android.app.shealth,2026-02-18 11:15:00.000,39323133-5f32-305f-3433-663935393936,
2026-02-19 22:29:00.000,,2026-02-19 22:29:00.000,2026-02-19 22:29:00.000,,,1.0,34306235-5f31-305f-6361-653837393936.raw_data.json,UTC-0300,yeLoKu9/uD,com.sec.android.app.shealth,2026-02-19 22:29:00.000,34306235-5f31-305f-6361-653837393936,
2026-02-19 22:33:00.000,,2026-02-19 22:33:00.000,2026-02-19 22:33:00.000,,,3.0,34626435-5f33-305f-6339-663837393936.raw_data.json,UTC-0300,yeLoKu9/uD,com.sec.android.app.shealth,2026-02-19 22:33:00.000,34626435-5f33-305f-6339-663837393936,
2026-02-20 00:19:00.000,,2026-02-20 00:19:00.000,2026-02-20 00:19:00.000,,,1.0,38376637-5f31-305f-3437-386137393936.raw_data.json,UTC-0300,yeLoKu9/uD,com.sec.android.app.shealth,2026-02-20 00:19:00.000,38376637-5f31-305f-3437-386137393936,
2026-02-20 01:34:00.000,,2026-02-20 01:34:00.000,2026-02-20 01:34:00.000,,,1.0,38643935-5f31-305f-3830-616237393936.raw_data.json,UTC-0300,yeLoKu9/uD,com.sec.android.app.shealth,2026-02-20 01:34:00.000,38643935-5f31-305f-3830-616237393936,
2026-02-20 18:12:00.000,,2026-02-20 18:12:00.000,2026-02-20 18:12:00.000,,,1.0,38363834-5f31-305f-3066-336138393936.raw_data.json,UTC-0300,yeLoKu9/uD,com.sec.android.app.shealth,2026-02-20 18:12:00.000,38363834-5f31-305f-3066-336138393936,
2026-02-20 18:13:00.000,,2026-02-20 18:13:00.000,2026-02-20 18:13:00.000,,,1.0,37613635-5f31-305f-6332-346138393936.raw_data.json,UTC-0300,yeLoKu9/uD,com.sec.android.app.shealth,2026-02-20 18:13:00.000,37613635-5f31-305f-6332-346138393936,
2026-02-20 18:15:00.000,,2026-02-20 18:15:00.000,2026-02-20 18:15:00.000,,,1.0,66663762-5f31-305f-3461-346138393936.raw_data.json,UTC-0300,yeLoKu9/uD,com.sec.android.app.shealth,2026-02-20 18:15:00.000,66663762-5f31-305f-3461-346138393936,
2026-02-20 19:12:00.000,,2026-02-20 19:12:00.000,2026-02-20 19:12:00.000,,,1.0,66333464-5f31-305f-3030-326238393936.raw_data.json,UTC-0300,yeLoKu9/uD,com.sec.android.app.shealth,2026-02-20 19:12:00.000,66333464-5f31-305f-3030-326238393936,
2026-02-20 23:38:00.000,,2026-02-20 23:38:00.000,2026-02-20 23:38:00.000,,,1.0,62323561-5f31-305f-3835-306638393936.raw_data.json,UTC-0300,yeLoKu9/uD,com.sec.android.app.shealth,2026-02-20 23:38:00.000,62323561-5f31-305f-3835-306638393936,
2026-02-21 01:11:00.000,,2026-02-21 01:11:00.000,2026-02-21 01:11:00.000,,,1.0,31666162-5f31-305f-3432-363039393936.raw_data.json,UTC-0300,yeLoKu9/uD,com.sec.android.app.shealth,2026-02-21 01:11:00.000,31666162-5f31-305f-3432-363039393936,
2026-02-21 17:14:00.000,,2026-02-21 17:14:00.000,2026-02-21 17:14:00.000,,,1.0,63663134-5f31-305f-3864-376539393936.raw_data.json,UTC-0300,yeLoKu9/uD,com.sec.android.app.shealth,2026-02-21 17:14:00.000,63663134-5f31-305f-3864-376539393936,
2026-02-22 10:06:00.000,,2026-02-22 10:06:00.000,2026-02-22 10:06:00.000,,,2.0,39646636-5f32-305f-3830-356461393936.raw_data.json,UTC-0300,yeLoKu9/uD,com.sec.android.app.shealth,2026-02-22 10:06:00.000,39646636-5f32-305f-3830-356461393936,
2026-02-22 10:15:00.000,,2026-02-22 10:15:00.000,2026-02-22 10:15:00.000,,,1.0,61376632-5f31-305f-3432-376461393936.raw_data.json,UTC-0300,yeLoKu9/uD,com.sec.android.app.shealth,2026-02-22 10:15:00.000,61376632-5f31-305f-3432-376461393936,
2026-02-22 10:20:00.000,,2026-02-22 10:20:00.000,2026-02-22 10:20:00.000,,,1.0,36393730-5f31-305f-3035-386461393936.raw_data.json,UTC-0300,yeLoKu9/uD,com.sec.android.app.shealth,2026-02-22 10:20:00.000,36393730-5f31-305f-3035-386461393936,
2026-02-22 10:23:00.000,,2026-02-22 10:23:00.000,2026-02-22 10:23:00.000,,,2.0,39306535-5f32-305f-3430-396461393936.raw_data.json,UTC-0300,yeLoKu9/uD,com.sec.android.app.shealth,2026-02-22 10:23:00.000,39306535-5f32-305f-3430-396461393936,
2026-02-22 13:18:00.000,,2026-02-22 13:18:00.000,2026-02-22 13:18:00.000,,,1.0,63323037-5f31-305f-3830-323062393936.raw_data.json,UTC-0300,yeLoKu9/uD,com.sec.android.app.shealth,2026-02-22 13:18:00.000,63323037-5f31-305f-3830-323062393936,
2026-02-22 21:06:00.000,,2026-02-22 21:06:00.000,2026-02-22 21:06:00.000,,,1.0,35616332-5f31-305f-3862-663662393936.raw_data.json,UTC-0300,yeLoKu9/uD,com.sec.android.app.shealth,2026-02-22 21:06:00.000,35616332-5f31-305f-3862-663662393936,
2026-02-23 10:41:00.000,,2026-02-23 10:41:00.000,2026-02-23 10:41:00.000,,,1.0,34376664-5f31-305f-6362-653263393936.raw_data.json,UTC-0300,yeLoKu9/uD,com.sec.android.app.shealth,2026-02-23 10:41:00.000,34376664-5f31-305f-6362-653263393936,
2026-02-23 11:55:00.000,,2026-02-23 11:55:00.000,2026-02-23 11:55:00.000,,,1.0,66616635-5f31-305f-3431-303463393936.raw_data.json,UTC-0300,yeLoKu9/uD,com.sec.android.app.shealth,2026-02-23 11:55:00.000,66616635-5f31-305f-3431-303463393936,
2026-02-23 11:56:00.000,,2026-02-23 11:56:00.000,2026-02-23 11:56:00.000,,,1.0,35313162-5f31-305f-3035-303463393936.raw_data.json,UTC-0300,yeLoKu9/uD,com.sec.android.app.shealth,2026-02-23 11:56:00.000,35313162-5f31-305f-3035-303463393936,
2026-02-24 02:12:00.000,,2026-02-24 02:12:00.000,2026-02-24 02:12:00.000,,,2.0,38323638-5f32-305f-3066-383064393936.raw_data.json,UTC-0300,yeLoKu9/uD,com.sec.android.app.shealth,2026-02-24 02:12:00.000,38323638-5f32-305f-3066-383064393936,
2026-02-24 09:41:00.000,,2026-02-24 09:41:00.000,2026-02-24 09:41:00.000,,,1.0,34616662-5f31-305f-6332-323764393936.raw_data.json,UTC-0300,yeLoKu9/uD,com.sec.android.app.shealth,2026-02-24 09:41:00.000,34616662-5f31-305f-6332-323764393936,
2026-02-24 21:55:00.000,,2026-02-24 21:55:00.000,2026-02-24 21:55:00.000,,,1.0,39653035-5f31-305f-3433-653165393936.raw_data.json,UTC-0300,yeLoKu9/uD,com.sec.android.app.shealth,2026-02-24 21:55:00.000,39653035-5f31-305f-3433-653165393936,
2026-02-24 22:11:00.000,,2026-02-24 22:11:00.000,2026-02-24 22:11:00.000,,,1.0,37353631-5f31-305f-3466-313265393936.raw_data.json,UTC-0300,yeLoKu9/uD,com.sec.android.app.shealth,2026-02-24 22:11:00.000,37353631-5f31-305f-3466-313265393936,
2026-02-24 22:34:00.000,,2026-02-24 22:34:00.000,2026-02-24 22:34:00.000,,,1.0,62646632-5f31-305f-3835-373265393936.raw_data.json,UTC-0300,yeLoKu9/uD,com.sec.android.app.shealth,2026-02-24 22:34:00.000,62646632-5f31-305f-3835-373265393936,
2026-02-24 22:39:00.000,,2026-02-24 22:39:00.000,2026-02-24 22:39:00.000,,,2.0,65353236-5f32-305f-3438-383265393936.raw_data.json,UTC-0300,yeLoKu9/uD,com.sec.android.app.shealth,2026-02-24 22:39:00.000,65353236-5f32-305f-3438-383265393936,
2026-02-24 22:42:00.000,,2026-02-24 22:42:00.000,2026-02-24 22:42:00.000,,,1.0,30323035-5f31-305f-3833-393265393936.raw_data.json,UTC-0300,yeLoKu9/uD,com.sec.android.app.shealth,2026-02-24 22:42:00.000,30323035-5f31-305f-3833-393265393936,
2026-02-25 22:26:00.000,,2026-02-25 22:26:00.000,2026-02-25 22:26:00.000,,,1.0,62663435-5f31-305f-3866-363766393936.raw_data.json,UTC-0300,yeLoKu9/uD,com.sec.android.app.shealth,2026-02-25 22:26:00.000,62663435-5f31-305f-3866-363766393936,
2026-02-25 22:29:00.000,,2026-02-25 22:29:00.000,2026-02-25 22:29:00.000,,,1.0,38333063-5f31-305f-6361-373766393936.raw_data.json,UTC-0300,yeLoKu9/uD,com.sec.android.app.shealth,2026-02-25 22:29:00.000,38333063-5f31-305f-6361-373766393936,
2026-02-25 23:44:00.000,,2026-02-25 23:44:00.000,2026-02-25 23:44:00.000,,,1.0,38613564-5f31-305f-3034-393866393936.raw_data.json,UTC-0300,yeLoKu9/uD,com.sec.android.app.shealth,2026-02-25 23:44:00.000,38613564-5f31-305f-3034-393866393936,
2026-02-26 00:36:00.000,,2026-02-26 00:36:00.000,2026-02-26 00:36:00.000,,,1.0,65343030-5f31-305f-3037-353966393936.raw_data.json,UTC-0300,yeLoKu9/uD,com.sec.android.app.shealth,2026-02-26 00:36:00.000,65343030-5f31-305f-3037-353966393936,
2026-02-26 01:16:00.000,,2026-02-26 01:16:00.000,2026-02-26 01:16:00.000,,,2.0,36613738-5f32-305f-3064-653966393936.raw_data.json,UTC-0300,yeLoKu9/uD,com.sec.android.app.shealth,2026-02-26 01:16:00.000,36613738-5f32-305f-3064-653966393936,
2026-02-26 11:34:00.000,,2026-02-26 11:34:00.000,2026-02-26 11:34:00.000,,,1.0,34313763-5f31-305f-3861-663230613936.raw_data.json,UTC-0300,yeLoKu9/uD,com.sec.android.app.shealth,2026-02-26 11:34:00.000,34313763-5f31-305f-3861-663230613936,
2026-02-26 21:52:00.000,,2026-02-26 21:52:00.000,2026-02-26 21:52:00.000,,,1.0,33396438-5f31-305f-3038-306330613936.raw_data.json,UTC-0300,yeLoKu9/uD,com.sec.android.app.shealth,2026-02-26 21:52:00.000,33396438-5f31-305f-3038-306330613936,
2026-02-26 22:28:00.000,,2026-02-26 22:28:00.000,2026-02-26 22:28:00.000,,,1.0,35323764-5f31-305f-3066-386330613936.raw_data.json,UTC-0300,yeLoKu9/uD,com.sec.android.app.shealth,2026-02-26 22:28:00.000,35323764-5f31-305f-3066-386330613936,
2026-02-26 22:33:00.000,,2026-02-26 22:33:00.000,2026-02-26 22:33:00.000,,,1.0,36353439-5f31-305f-6331-616330613936.raw_data.json,UTC-0300,yeLoKu9/uD,com.sec.android.app.shealth,2026-02-26 22:33:00.000,36353439-5f31-305f-6331-616330613936,
2026-02-26 22:36:00.000,,2026-02-26 22:36:00.000,2026-02-26 22:36:00.000,,,1.0,34323638-5f31-305f-3064-616330613936.raw_data.json,UTC-0300,yeLoKu9/uD,com.sec.android.app.shealth,2026-02-26 22:36:00.000,34323638-5f31-305f-3064-616330613936,
2026-02-27 10:01:00.000,,2026-02-27 10:01:00.000,2026-02-27 10:01:00.000,,,1.0,34343665-5f31-305f-6335-623631613936.raw_data.json,UTC-0300,yeLoKu9/uD,com.sec.android.app.shealth,2026-02-27 10:01:00.000,34343665-5f31-305f-6335-623631613936,
2026-02-27 21:45:00.000,,2026-02-27 21:45:00.000,2026-02-27 21:45:00.000,,,1.0,66643233-5f31-305f-6335-303132613936.raw_data.json,UTC-0300,yeLoKu9/uD,com.sec.android.app.shealth,2026-02-27 21:45:00.000,66643233-5f31-305f-6335-303132613936,
2026-02-27 21:47:00.000,,2026-02-27 21:47:00.000,2026-02-27 21:47:00.000,,,1.0,39353530-5f31-305f-3464-303132613936.raw_data.json,UTC-0300,yeLoKu9/uD,com.sec.android.app.shealth,2026-02-27 21:47:00.000,39353530-5f31-305f-3464-303132613936,
2026-02-27 21:48:00.000,,2026-02-27 21:48:00.000,2026-02-27 21:48:00.000,,,1.0,64386437-5f31-305f-3031-313132613936.raw_data.json,UTC-0300,yeLoKu9/uD,com.sec.android.app.shealth,2026-02-27 21:48:00.000,64386437-5f31-305f-3031-313132613936,
2026-02-27 21:59:00.000,,2026-02-27 21:59:00.000,2026-02-27 21:59:00.000,,,1.0,33346465-5f31-305f-3461-333132613936.raw_data.json,UTC-0300,yeLoKu9/uD,com.sec.android.app.shealth,2026-02-27 21:59:00.000,33346465-5f31-305f-3461-333132613936,
2026-02-27 23:49:00.000,,2026-02-27 23:49:00.000,2026-02-27 23:49:00.000,,,1.0,62373739-5f31-305f-6336-643232613936.raw_data.json,UTC-0300,yeLoKu9/uD,com.sec.android.app.shealth,2026-02-27 23:49:00.000,62373739-5f31-305f-6336-643232613936,
2026-02-28 01:09:00.000,,2026-02-28 01:09:00.000,2026-02-28 01:09:00.000,,,1.0,65626262-5f31-305f-6332-303432613936.raw_data.json,UTC-0300,yeLoKu9/uD,com.sec.android.app.shealth,2026-02-28 01:09:00.000,65626262-5f31-305f-6332-303432613936,
2026-02-28 02:07:00.000,,2026-02-28 02:07:00.000,2026-02-28 02:07:00.000,,,1.0,30396234-5f31-305f-3463-643432613936.raw_data.json,UTC-0300,yeLoKu9/uD,com.sec.android.app.shealth,2026-02-28 02:07:00.000,30396234-5f31-305f-3463-643432613936,
2026-02-28 18:24:00.000,,2026-02-28 18:24:00.000,2026-02-28 18:24:00.000,,,1.0,36313739-5f31-305f-3063-323333613936.raw_data.json,UTC-0300,yeLoKu9/uD,com.sec.android.app.shealth,2026-02-28 18:24:00.000,36313739-5f31-305f-3063-323333613936,
2026-02-28 20:51:00.000,,2026-02-28 20:51:00.000,2026-02-28 20:51:00.000,,,1.0,39383539-5f31-305f-3433-353533613936.raw_data.json,UTC-0300,yeLoKu9/uD,com.sec.android.app.shealth,2026-02-28 20:51:00.000,39383539-5f31-305f-3433-353533613936,
2026-02-28 21:14:00.000,,2026-02-28 21:14:00.000,2026-02-28 21:14:00.000,,,1.0,64393835-5f31-305f-3839-613533613936.raw_data.json,UTC-0300,yeLoKu9/uD,com.sec.android.app.shealth,2026-02-28 21:14:00.000,64393835-5f31-305f-3839-613533613936,
2026-03-02 22:31:00.000,,2026-03-02 22:31:00.000,2026-03-02 22:31:00.000,,,5.0,64323466-5f35-305f-3461-663036613936.raw_data.json,UTC-0300,yeLoKu9/uD,com.sec.android.app.shealth,2026-03-02 22:31:00.000,64323466-5f35-305f-3461-663036613936,
2026-03-03 00:07:00.000,,2026-03-03 00:07:00.000,2026-03-03 00:07:00.000,,,1.0,66636338-5f31-305f-3432-363236613936.raw_data.json,UTC-0300,yeLoKu9/uD,com.sec.android.app.shealth,2026-03-03 00:07:00.000,66636338-5f31-305f-3432-363236613936,
2026-03-03 22:27:00.000,,2026-03-03 22:27:00.000,2026-03-03 22:27:00.000,,,1.0,36343666-5f31-305f-3433-303637613936.raw_data.json,UTC-0300,yeLoKu9/uD,com.sec.android.app.shealth,2026-03-03 22:27:00.000,36343666-5f31-305f-3433-303637613936,
2026-03-03 22:36:00.000,,2026-03-03 22:36:00.000,2026-03-03 22:36:00.000,,,1.0,39323133-5f31-305f-3035-323637613936.raw_data.json,UTC-0300,yeLoKu9/uD,com.sec.android.app.shealth,2026-03-03 22:36:00.000,39323133-5f31-305f-3035-323637613936,
2026-03-04 00:19:00.000,,2026-03-04 00:19:00.000,2026-03-04 00:19:00.000,,,1.0,34306235-5f31-305f-3437-613737613936.raw_data.json,UTC-0300,yeLoKu9/uD,com.sec.android.app.shealth,2026-03-04 00:19:00.000,34306235-5f31-305f-3437-613737613936,
2026-03-04 20:26:00.000,,2026-03-04 20:26:00.000,2026-03-04 20:26:00.000,,,1.0,34626435-5f31-305f-3835-353938613936.raw_data.json,UTC-0300,yeLoKu9/uD,com.sec.android.app.shealth,2026-03-04 20:26:00.000,34626435-5f31-305f-3835-353938613936,
2026-03-05 01:23:00.000,,2026-03-05 01:23:00.000,2026-03-05 01:23:00.000,,,1.0,38376637-5f31-305f-3466-616438613936.raw_data.json,UTC-0300,yeLoKu9/uD,com.sec.android.app.shealth,2026-03-05 01:23:00.000,38376637-5f31-305f-3466-616438613936,
2026-03-05 13:01:00.000,,2026-03-05 13:01:00.000,2026-03-05 13:01:00.000,,,1.0,38643935-5f31-305f-6338-653739613936.raw_data.json,UTC-0300,yeLoKu9/uD,com.sec.android.app.shealth,2026-03-05 13:01:00.000,38643935-5f31-305f-6338-653739613936,
2026-03-06 02:23:00.000,,2026-03-06 02:23:00.000,2026-03-06 02:23:00.000,,,1.0,38363834-5f31-305f-3438-613361613936.raw_data.json,UTC-0300,yeLoKu9/uD,com.sec.android.app.shealth,2026-03-06 02:23:00.000,38363834-5f31-305f-3438-613361613936,
2026-03-07 01:21:00.000,,2026-03-07 01:21:00.000,2026-03-07 01:21:00.000,,,1.0,64323466-5f31-305f-6337-643762613936.raw_data.json,UTC-0300,yeLoKu9/uD,com.sec.android.app.shealth,2026-03-07 01:21:00.000,64323466-5f31-305f-6337-643762613936,
2026-03-07 01:30:00.000,,2026-03-07 01:30:00.000,2026-03-07 01:30:00.000,,,1.0,66636338-5f31-305f-3839-663762613936.raw_data.json,UTC-0300,yeLoKu9/uD,com.sec.android.app.shealth,2026-03-07 01:30:00.000,66636338-5f31-305f-3839-663762613936,
2026-03-07 13:21:00.000,,2026-03-07 13:21:00.000,2026-03-07 13:21:00.000,,,1.0,36343666-5f31-305f-6333-363263613936.raw_data.json,UTC-0300,yeLoKu9/uD,com.sec.android.app.shealth,2026-03-07 13:21:00.000,36343666-5f31-305f-6333-363263613936,
2026-03-07 19:14:00.000,,2026-03-07 19:14:00.000,2026-03-07 19:14:00.000,,,1.0,39323133-5f31-305f-3866-383763613936.raw_data.json,UTC-0300,yeLoKu9/uD,com.sec.android.app.shealth,2026-03-07 19:14:00.000,39323133-5f31-305f-3866-383763613936,
2026-03-08 10:11:00.000,,2026-03-08 10:11:00.000,2026-03-08 10:11:00.000,,,1.0,34306235-5f31-305f-3433-623464613936.raw_data.json,UTC-0300,yeLoKu9/uD,com.sec.android.app.shealth,2026-03-08 10:11:00.000,34306235-5f31-305f-3433-623464613936,
2026-03-08 11:44:00.000,,2026-03-08 11:44:00.000,2026-03-08 11:44:00.000,,,1.0,34626435-5f31-305f-3030-313664613936.raw_data.json,UTC-0300,yeLoKu9/uD,com.sec.android.app.shealth,2026-03-08 11:44:00.000,34626435-5f31-305f-3030-313664613936,
2026-03-08 15:46:00.000,,2026-03-08 15:46:00.000,2026-03-08 15:46:00.000,,,2.0,38376637-5f32-305f-3862-393964613936.raw_data.json,UTC-0300,yeLoKu9/uD,com.sec.android.app.shealth,2026-03-08 15:46:00.000,38376637-5f32-305f-3862-393964613936,
2026-03-08 15:48:00.000,,2026-03-08 15:48:00.000,2026-03-08 15:48:00.000,,,1.0,38643935-5f31-305f-3033-613964613936.raw_data.json,UTC-0300,yeLoKu9/uD,com.sec.android.app.shealth,2026-03-08 15:48:00.000,38643935-5f31-305f-3033-613964613936,
2026-03-09 23:29:00.000,,2026-03-09 23:29:00.000,2026-03-09 23:29:00.000,,,1.0,38363834-5f31-305f-6362-373566613936.raw_data.json,UTC-0300,yeLoKu9/uD,com.sec.android.app.shealth,2026-03-09 23:29:00.000,38363834-5f31-305f-6362-373566613936,
2026-03-10 00:05:00.000,,2026-03-10 00:05:00.000,2026-03-10 00:05:00.000,,,1.0,37613635-5f31-305f-6332-303666613936.raw_data.json,UTC-0300,yeLoKu9/uD,com.sec.android.app.shealth,2026-03-10 00:05:00.000,37613635-5f31-305f-6332-303666613936,
2026-03-10 20:22:00.000,,2026-03-10 20:22:00.000,2026-03-10 20:22:00.000,,,1.0,66663762-5f31-305f-3836-643730623936.raw_data.json,UTC-0300,yeLoKu9/uD,com.sec.android.app.shealth,2026-03-10 20:22:00.000,66663762-5f31-305f-3836-643730623936,
2026-03-11 01:14:00.000,,2026-03-11 01:14:00.000,2026-03-11 01:14:00.000,,,1.0,66333464-5f31-305f-3864-316330623936.raw_data.json,UTC-0300,yeLoKu9/uD,com.sec.android.app.shealth,2026-03-11 01:14:00.000,66333464-5f31-305f-3864-316330623936,
2026-03-11 23:44:00.000,,2026-03-11 23:44:00.000,2026-03-11 23:44:00.000,,,1.0,64323466-5f31-305f-3034-656631623936.raw_data.json,UTC-0300,yeLoKu9/uD,com.sec.android.app.shealth,2026-03-11 23:44:00.000,64323466-5f31-305f-3034-656631623936,
2026-03-12 15:09:00.000,,2026-03-12 15:09:00.000,2026-03-12 15:09:00.000,,,1.0,66636338-5f31-305f-6330-376432623936.raw_data.json,UTC-0300,yeLoKu9/uD,com.sec.android.app.shealth,2026-03-12 15:09:00.000,66636338-5f31-305f-6330-376432623936,
2026-03-13 23:52:00.000,,2026-03-13 23:52:00.000,2026-03-13 23:52:00.000,,,1.0,36343666-5f31-305f-3032-336134623936.raw_data.json,UTC-0300,yeLoKu9/uD,com.sec.android.app.shealth,2026-03-13 23:52:00.000,36343666-5f31-305f-3032-336134623936,
2026-03-14 01:04:00.000,,2026-03-14 01:04:00.000,2026-03-14 01:04:00.000,,,2.0,39323133-5f32-305f-3030-346234623936.raw_data.json,UTC-0300,yeLoKu9/uD,com.sec.android.app.shealth,2026-03-14 01:04:00.000,39323133-5f32-305f-3030-346234623936,
2026-03-14 01:55:00.000,,2026-03-14 01:55:00.000,2026-03-14 01:55:00.000,,,1.0,34306235-5f31-305f-3466-666234623936.raw_data.json,UTC-0300,yeLoKu9/uD,com.sec.android.app.shealth,2026-03-14 01:55:00.000,34306235-5f31-305f-3466-666234623936,
2026-03-14 01:56:00.000,,2026-03-14 01:56:00.000,2026-03-14 01:56:00.000,,,1.0,34626435-5f31-305f-3033-306334623936.raw_data.json,UTC-0300,yeLoKu9/uD,com.sec.android.app.shealth,2026-03-14 01:56:00.000,34626435-5f31-305f-3033-306334623936,
2026-03-14 14:27:00.000,,2026-03-14 14:27:00.000,2026-03-14 14:27:00.000,,,1.0,38376637-5f31-305f-3433-303735623936.raw_data.json,UTC-0300,yeLoKu9/uD,com.sec.android.app.shealth,2026-03-14 14:27:00.000,38376637-5f31-305f-3433-303735623936,
2026-03-14 16:42:00.000,,2026-03-14 16:42:00.000,2026-03-14 16:42:00.000,,,2.0,38643935-5f32-305f-3864-663835623936.raw_data.json,UTC-0300,yeLoKu9/uD,com.sec.android.app.shealth,2026-03-14 16:42:00.000,38643935-5f32-305f-3864-663835623936,
2026-03-14 20:16:00.000,,2026-03-14 20:16:00.000,2026-03-14 20:16:00.000,,,1.0,38363834-5f31-305f-3030-326335623936.raw_data.json,UTC-0300,yeLoKu9/uD,com.sec.android.app.shealth,2026-03-14 20:16:00.000,38363834-5f31-305f-3030-326335623936,
2026-03-14 20:17:00.000,,2026-03-14 20:17:00.000,2026-03-14 20:17:00.000,,,1.0,37613635-5f31-305f-6333-326335623936.raw_data.json,UTC-0300,yeLoKu9/uD,com.sec.android.app.shealth,2026-03-14 20:17:00.000,37613635-5f31-305f-6333-326335623936,
2026-03-14 20:18:00.000,,2026-03-14 20:18:00.000,2026-03-14 20:18:00.000,,,1.0,66663762-5f31-305f-3837-326335623936.raw_data.json,UTC-0300,yeLoKu9/uD,com.sec.android.app.shealth,2026-03-14 20:18:00.000,66663762-5f31-305f-3837-326335623936,
2026-03-14 20:20:00.000,,2026-03-14 20:20:00.000,2026-03-14 20:20:00.000,,,1.0,66333464-5f31-305f-3066-326335623936.raw_data.json,UTC-0300,yeLoKu9/uD,com.sec.android.app.shealth,2026-03-14 20:20:00.000,66333464-5f31-305f-3066-326335623936,
2026-03-15 00:16:00.000,,2026-03-15 00:16:00.000,2026-03-15 00:16:00.000,,,1.0,62323561-5f31-305f-3034-616635623936.raw_data.json,UTC-0300,yeLoKu9/uD,com.sec.android.app.shealth,2026-03-15 00:16:00.000,62323561-5f31-305f-3034-616635623936,
2026-03-15 00:40:00.000,,2026-03-15 00:40:00.000,2026-03-15 00:40:00.000,,,1.0,31666162-5f31-305f-3065-666635623936.raw_data.json,UTC-0300,yeLoKu9/uD,com.sec.android.app.shealth,2026-03-15 00:40:00.000,31666162-5f31-305f-3065-666635623936,
2026-03-16 21:19:00.000,,2026-03-16 21:19:00.000,2026-03-16 21:19:00.000,,,1.0,63663134-5f31-305f-3463-333738623936.raw_data.json,UTC-0300,yeLoKu9/uD,com.sec.android.app.shealth,2026-03-16 21:19:00.000,63663134-5f31-305f-3463-333738623936,
2026-03-16 22:30:00.000,,2026-03-16 22:30:00.000,2026-03-16 22:30:00.000,,,1.0,39646636-5f31-305f-3836-343838623936.raw_data.json,UTC-0300,yeLoKu9/uD,com.sec.android.app.shealth,2026-03-16 22:30:00.000,39646636-5f31-305f-3836-343838623936,
2026-03-16 23:35:00.000,,2026-03-16 23:35:00.000,2026-03-16 23:35:00.000,,,1.0,61376632-5f31-305f-3461-333938623936.raw_data.json,UTC-0300,yeLoKu9/uD,com.sec.android.app.shealth,2026-03-16 23:35:00.000,61376632-5f31-305f-3461-333938623936,
2026-03-17 12:05:00.000,,2026-03-17 12:05:00.000,2026-03-17 12:05:00.000,,,1.0,36393730-5f31-305f-6336-333439623936.raw_data.json,UTC-0300,yeLoKu9/uD,com.sec.android.app.shealth,2026-03-17 12:05:00.000,36393730-5f31-305f-6336-333439623936,
2026-03-17 22:33:00.000,,2026-03-17 22:33:00.000,2026-03-17 22:33:00.000,,,1.0,64323466-5f31-305f-6339-366439623936.raw_data.json,UTC-0300,yeLoKu9/uD,com.sec.android.app.shealth,2026-03-17 22:33:00.000,64323466-5f31-305f-6339-366439623936,
2026-03-18 14:35:00.000,,2026-03-18 14:35:00.000,2026-03-18 14:35:00.000,,,1.0,66636338-5f31-305f-3431-386261623936.raw_data.json,UTC-0300,yeLoKu9/uD,com.sec.android.app.shealth,2026-03-18 14:35:00.000,66636338-5f31-305f-3431-386261623936,
2026-03-18 14:58:00.000,,2026-03-18 14:58:00.000,2026-03-18 14:58:00.000,,,1.0,36343666-5f31-305f-3837-646261623936.raw_data.json,UTC-0300,yeLoKu9/uD,com.sec.android.app.shealth,2026-03-18 14:58:00.000,36343666-5f31-305f-3837-646261623936,
2026-03-18 15:16:00.000,,2026-03-18 15:16:00.000,2026-03-18 15:16:00.000,,,1.0,39323133-5f31-305f-3062-316361623936.raw_data.json,UTC-0300,yeLoKu9/uD,com.sec.android.app.shealth,2026-03-18 15:16:00.000,39323133-5f31-305f-3062-316361623936,
2026-03-18 23:53:00.000,,2026-03-18 23:53:00.000,2026-03-18 23:53:00.000,,,1.0,34306235-5f31-305f-6364-613362623936.raw_data.json,UTC-0300,yeLoKu9/uD,com.sec.android.app.shealth,2026-03-18 23:53:00.000,34306235-5f31-305f-6364-613362623936,
2026-03-19 18:08:00.000,,2026-03-19 18:08:00.000,2026-03-19 18:08:00.000,,,1.0,34626435-5f31-305f-3038-623363623936.raw_data.json,UTC-0300,yeLoKu9/uD,com.sec.android.app.shealth,2026-03-19 18:08:00.000,34626435-5f31-305f-3038-623363623936,
2026-03-20 00:17:00.000,,2026-03-20 00:17:00.000,2026-03-20 00:17:00.000,,,1.0,38376637-5f31-305f-6366-313963623936.raw_data.json,UTC-0300,yeLoKu9/uD,com.sec.android.app.shealth,2026-03-20 00:17:00.000,38376637-5f31-305f-6366-313963623936,
2026-03-20 01:12:00.000,,2026-03-20 01:12:00.000,2026-03-20 01:12:00.000,,,1.0,38643935-5f31-305f-3065-653963623936.raw_data.json,UTC-0300,yeLoKu9/uD,com.sec.android.app.shealth,2026-03-20 01:12:00.000,38643935-5f31-305f-3065-653963623936,
2026-03-20 01:59:00.000,,2026-03-20 01:59:00.000,2026-03-20 01:59:00.000,,,1.0,38363834-5f31-305f-3465-396163623936.raw_data.json,UTC-0300,yeLoKu9/uD,com.sec.android.app.shealth,2026-03-20 01:59:00.000,38363834-5f31-305f-3465-396163623936,
2026-03-22 10:31:00.000,,2026-03-22 10:31:00.000,2026-03-22 10:31:00.000,,,1.0,64323466-5f31-305f-3465-346366623936.raw_data.json,UTC-0300,yeLoKu9/uD,com.sec.android.app.shealth,2026-03-22 10:31:00.000,64323466-5f31-305f-3465-346366623936,
2026-03-22 11:24:00.000,,2026-03-22 11:24:00.000,2026-03-22 11:24:00.000,,,1.0,66636338-5f31-305f-3035-316466623936.raw_data.json,UTC-0300,yeLoKu9/uD,com.sec.android.app.shealth,2026-03-22 11:24:00.000,66636338-5f31-305f-3035-316466623936,
2026-03-22 15:06:00.000,,2026-03-22 15:06:00.000,2026-03-22 15:06:00.000,,,2.0,36343666-5f32-305f-3835-353030633936.raw_data.json,UTC-0300,yeLoKu9/uD,com.sec.android.app.shealth,2026-03-22 15:06:00.000,36343666-5f32-305f-3835-353030633936,
2026-03-22 15:11:00.000,,2026-03-22 15:11:00.000,2026-03-22 15:11:00.000,,,1.0,39323133-5f31-305f-3438-363030633936.raw_data.json,UTC-0300,yeLoKu9/uD,com.sec.android.app.shealth,2026-03-22 15:11:00.000,39323133-5f31-305f-3438-363030633936,
2026-03-23 20:28:00.000,,2026-03-23 20:28:00.000,2026-03-23 20:28:00.000,,,1.0,64323466-5f31-305f-3035-326131633936.raw_data.json,UTC-0300,yeLoKu9/uD,com.sec.android.app.shealth,2026-03-23 20:28:00.000,64323466-5f31-305f-3035-326131633936,
2026-03-23 23:15:00.000,,2026-03-23 23:15:00.000,2026-03-23 23:15:00.000,,,1.0,66636338-5f31-305f-3437-396331633936.raw_data.json,UTC-0300,yeLoKu9/uD,com.sec.android.app.shealth,2026-03-23 23:15:00.000,66636338-5f31-305f-3437-396331633936,
2026-03-24 00:04:00.000,,2026-03-24 00:04:00.000,2026-03-24 00:04:00.000,,,1.0,36343666-5f31-305f-3066-346431633936.raw_data.json,UTC-0300,yeLoKu9/uD,com.sec.android.app.shealth,2026-03-24 00:04:00.000,36343666-5f31-305f-3066-346431633936,
2026-03-24 02:19:00.000,,2026-03-24 02:19:00.000,2026-03-24 02:19:00.000,,,2.0,39323133-5f32-305f-3439-346631633936.raw_data.json,UTC-0300,yeLoKu9/uD,com.sec.android.app.shealth,2026-03-24 02:19:00.000,39323133-5f32-305f-3439-346631633936,
2026-03-24 03:14:00.000,,2026-03-24 03:14:00.000,2026-03-24 03:14:00.000,,,1.0,34306235-5f31-305f-3837-313032633936.raw_data.json,UTC-0300,yeLoKu9/uD,com.sec.android.app.shealth,2026-03-24 03:14:00.000,34306235-5f31-305f-3837-313032633936,
2026-03-24 21:43:00.000,,2026-03-24 21:43:00.000,2026-03-24 21:43:00.000,,,1.0,34626435-5f31-305f-3436-353033633936.raw_data.json,UTC-0300,yeLoKu9/uD,com.sec.android.app.shealth,2026-03-24 21:43:00.000,34626435-5f31-305f-3436-353033633936,
2026-03-24 22:33:00.000,,2026-03-24 22:33:00.000,2026-03-24 22:33:00.000,,,1.0,38376637-5f31-305f-6331-313133633936.raw_data.json,UTC-0300,yeLoKu9/uD,com.sec.android.app.shealth,2026-03-24 22:33:00.000,38376637-5f31-305f-6331-313133633936,
2026-03-25 00:17:00.000,,2026-03-25 00:17:00.000,2026-03-25 00:17:00.000,,,1.0,38643935-5f31-305f-6337-393233633936.raw_data.json,UTC-0300,yeLoKu9/uD,com.sec.android.app.shealth,2026-03-25 00:17:00.000,38643935-5f31-305f-6337-393233633936,
2026-03-26 00:00:00.000,,2026-03-26 00:00:00.000,2026-03-26 00:00:00.000,,,1.0,38363834-5f31-305f-3030-373734633936.raw_data.json,UTC-0300,yeLoKu9/uD,com.sec.android.app.shealth,2026-03-26 00:00:00.000,38363834-5f31-305f-3030-373734633936,
2026-03-26 02:16:00.000,,2026-03-26 02:16:00.000,2026-03-26 02:16:00.000,,,1.0,37613635-5f31-305f-3065-363934633936.raw_data.json,UTC-0300,yeLoKu9/uD,com.sec.android.app.shealth,2026-03-26 02:16:00.000,37613635-5f31-305f-3065-363934633936,
2026-03-26 22:34:00.000,,2026-03-26 22:34:00.000,2026-03-26 22:34:00.000,,,1.0,66663762-5f31-305f-3835-346235633936.raw_data.json,UTC-0300,yeLoKu9/uD,com.sec.android.app.shealth,2026-03-26 22:34:00.000,66663762-5f31-305f-3835-346235633936,
2026-03-27 19:09:00.000,,2026-03-27 19:09:00.000,2026-03-27 19:09:00.000,,,1.0,66333464-5f31-305f-6363-356436633936.raw_data.json,UTC-0300,yeLoKu9/uD,com.sec.android.app.shealth,2026-03-27 19:09:00.000,66333464-5f31-305f-6363-356436633936,
2026-03-27 22:04:00.000,,2026-03-27 22:04:00.000,2026-03-27 22:04:00.000,,,1.0,62323561-5f31-305f-3064-656636633936.raw_data.json,UTC-0300,yeLoKu9/uD,com.sec.android.app.shealth,2026-03-27 22:04:00.000,62323561-5f31-305f-3064-656636633936,
2026-03-28 01:10:00.000,,2026-03-28 01:10:00.000,2026-03-28 01:10:00.000,,,1.0,31666162-5f31-305f-3836-613237633936.raw_data.json,UTC-0300,yeLoKu9/uD,com.sec.android.app.shealth,2026-03-28 01:10:00.000,31666162-5f31-305f-3836-613237633936,
2026-03-28 13:35:00.000,,2026-03-28 13:35:00.000,2026-03-28 13:35:00.000,,,1.0,63663134-5f31-305f-3430-396437633936.raw_data.json,UTC-0300,yeLoKu9/uD,com.sec.android.app.shealth,2026-03-28 13:35:00.000,63663134-5f31-305f-3430-396437633936,
2026-03-28 16:13:00.000,,2026-03-28 16:13:00.000,2026-03-28 16:13:00.000,,,1.0,39646636-5f31-305f-6330-656637633936.raw_data.json,UTC-0300,yeLoKu9/uD,com.sec.android.app.shealth,2026-03-28 16:13:00.000,39646636-5f31-305f-6330-656637633936,
2026-03-28 16:22:00.000,,2026-03-28 16:22:00.000,2026-03-28 16:22:00.000,,,1.0,61376632-5f31-305f-3832-303038633936.raw_data.json,UTC-0300,yeLoKu9/uD,com.sec.android.app.shealth,2026-03-28 16:22:00.000,61376632-5f31-305f-3832-303038633936,
2026-03-28 16:25:00.000,,2026-03-28 16:25:00.000,2026-03-28 16:25:00.000,,,1.0,36393730-5f31-305f-6364-303038633936.raw_data.json,UTC-0300,yeLoKu9/uD,com.sec.android.app.shealth,2026-03-28 16:25:00.000,36393730-5f31-305f-6364-303038633936,
2026-03-29 21:53:00.000,,2026-03-29 21:53:00.000,2026-03-29 21:53:00.000,,,1.0,39306535-5f31-305f-6333-663939633936.raw_data.json,UTC-0300,yeLoKu9/uD,com.sec.android.app.shealth,2026-03-29 21:53:00.000,39306535-5f31-305f-6333-663939633936,
2026-03-30 17:56:00.000,,2026-03-30 17:56:00.000,2026-03-30 17:56:00.000,,,1.0,63323037-5f31-305f-3033-396261633936.raw_data.json,UTC-0300,yeLoKu9/uD,com.sec.android.app.shealth,2026-03-30 17:56:00.000,63323037-5f31-305f-3033-396261633936,
2026-03-30 22:08:00.000,,2026-03-30 22:08:00.000,2026-03-30 22:08:00.000,,,1.0,35616332-5f31-305f-3034-346661633936.raw_data.json,UTC-0300,yeLoKu9/uD,com.sec.android.app.shealth,2026-03-30 22:08:00.000,35616332-5f31-305f-3034-346661633936,
2026-03-30 22:09:00.000,,2026-03-30 22:09:00.000,2026-03-30 22:09:00.000,,,1.0,37353134-5f31-305f-6337-346661633936.raw_data.json,UTC-0300,yeLoKu9/uD,com.sec.android.app.shealth,2026-03-30 22:09:00.000,37353134-5f31-305f-6337-346661633936,
2026-03-30 22:24:00.000,,2026-03-30 22:24:00.000,2026-03-30 22:24:00.000,,,1.0,34376664-5f31-305f-3030-386661633936.raw_data.json,UTC-0300,yeLoKu9/uD,com.sec.android.app.shealth,2026-03-30 22:24:00.000,34376664-5f31-305f-3030-386661633936,
2026-03-30 23:28:00.000,,2026-03-30 23:28:00.000,2026-03-30 23:28:00.000,,,1.0,34363330-5f31-305f-3030-373062633936.raw_data.json,UTC-0300,yeLoKu9/uD,com.sec.android.app.shealth,2026-03-30 23:28:00.000,34363330-5f31-305f-3030-373062633936,
2026-03-30 23:57:00.000,,2026-03-30 23:57:00.000,2026-03-30 23:57:00.000,,,1.0,34636333-5f31-305f-6363-643062633936.raw_data.json,UTC-0300,yeLoKu9/uD,com.sec.android.app.shealth,2026-03-30 23:57:00.000,34636333-5f31-305f-6363-643062633936,
2026-04-01 02:10:00.000,,2026-04-01 02:10:00.000,2026-04-01 02:10:00.000,,,2.0,66616635-5f32-305f-3837-653763633936.raw_data.json,UTC-0300,yeLoKu9/uD,com.sec.android.app.shealth,2026-04-01 02:10:00.000,66616635-5f32-305f-3837-653763633936,
2026-04-01 16:35:00.000,,2026-04-01 16:35:00.000,2026-04-01 16:35:00.000,,,1.0,64323466-5f31-305f-3433-393464633936.raw_data.json,UTC-0300,yeLoKu9/uD,com.sec.android.app.shealth,2026-04-01 16:35:00.000,64323466-5f31-305f-3433-393464633936,
2026-04-02 16:57:00.000,,2026-04-02 16:57:00.000,2026-04-02 16:57:00.000,,,1.0,66636338-5f31-305f-6364-663965633936.raw_data.json,UTC-0300,yeLoKu9/uD,com.sec.android.app.shealth,2026-04-02 16:57:00.000,66636338-5f31-305f-6364-663965633936,
2026-04-03 20:44:00.000,,2026-04-03 20:44:00.000,2026-04-03 20:44:00.000,,,1.0,36343666-5f31-305f-3039-363230643936.raw_data.json,UTC-0300,yeLoKu9/uD,com.sec.android.app.shealth,2026-04-03 20:44:00.000,36343666-5f31-305f-3039-363230643936,
2026-04-03 20:46:00.000,,2026-04-03 20:46:00.000,2026-04-03 20:46:00.000,,,2.0,39323133-5f32-305f-3830-373230643936.raw_data.json,UTC-0300,yeLoKu9/uD,com.sec.android.app.shealth,2026-04-03 20:46:00.000,39323133-5f32-305f-3830-373230643936,
2026-04-04 18:00:00.000,,2026-04-04 18:00:00.000,2026-04-04 18:00:00.000,,,1.0,34306235-5f31-305f-3061-313531643936.raw_data.json,UTC-0300,yeLoKu9/uD,com.sec.android.app.shealth,2026-04-04 18:00:00.000,34306235-5f31-305f-3061-313531643936,
2026-04-04 18:05:00.000,,2026-04-04 18:05:00.000,2026-04-04 18:05:00.000,,,1.0,34626435-5f31-305f-6363-323531643936.raw_data.json,UTC-0300,yeLoKu9/uD,com.sec.android.app.shealth,2026-04-04 18:05:00.000,34626435-5f31-305f-6363-323531643936,
2026-04-04 20:09:00.000,,2026-04-04 20:09:00.000,2026-04-04 20:09:00.000,,,1.0,38376637-5f31-305f-6364-663631643936.raw_data.json,UTC-0300,yeLoKu9/uD,com.sec.android.app.shealth,2026-04-04 20:09:00.000,38376637-5f31-305f-6364-663631643936,
2026-04-05 01:29:00.000,,2026-04-05 01:29:00.000,2026-04-05 01:29:00.000,,,1.0,38643935-5f31-305f-6364-616231643936.raw_data.json,UTC-0300,yeLoKu9/uD,com.sec.android.app.shealth,2026-04-05 01:29:00.000,38643935-5f31-305f-6364-616231643936,
2026-04-05 01:38:00.000,,2026-04-05 01:38:00.000,2026-04-05 01:38:00.000,,,1.0,38363834-5f31-305f-3866-636231643936.raw_data.json,UTC-0300,yeLoKu9/uD,com.sec.android.app.shealth,2026-04-05 01:38:00.000,38363834-5f31-305f-3866-636231643936,
2026-04-05 02:09:00.000,,2026-04-05 02:09:00.000,2026-04-05 02:09:00.000,,,1.0,37613635-5f31-305f-6333-346331643936.raw_data.json,UTC-0300,yeLoKu9/uD,com.sec.android.app.shealth,2026-04-05 02:09:00.000,37613635-5f31-305f-6333-346331643936,
2026-04-05 15:40:00.000,,2026-04-05 15:40:00.000,2026-04-05 15:40:00.000,,,1.0,64323466-5f31-305f-3035-323832643936.raw_data.json,UTC-0300,yeLoKu9/uD,com.sec.android.app.shealth,2026-04-05 15:40:00.000,64323466-5f31-305f-3035-323832643936,
2026-04-05 15:42:00.000,,2026-04-05 15:42:00.000,2026-04-05 15:42:00.000,,,2.0,66636338-5f32-305f-3863-323832643936.raw_data.json,UTC-0300,yeLoKu9/uD,com.sec.android.app.shealth,2026-04-05 15:42:00.000,66636338-5f32-305f-3863-323832643936,
2026-04-05 16:06:00.000,,2026-04-05 16:06:00.000,2026-04-05 16:06:00.000,,,3.0,36343666-5f33-305f-3836-383832643936.raw_data.json,UTC-0300,yeLoKu9/uD,com.sec.android.app.shealth,2026-04-05 16:06:00.000,36343666-5f33-305f-3836-383832643936,
2026-04-05 16:08:00.000,,2026-04-05 16:08:00.000,2026-04-05 16:08:00.000,,,1.0,39323133-5f31-305f-3065-383832643936.raw_data.json,UTC-0300,yeLoKu9/uD,com.sec.android.app.shealth,2026-04-05 16:08:00.000,39323133-5f31-305f-3065-383832643936,
2026-04-05 16:15:00.000,,2026-04-05 16:15:00.000,2026-04-05 16:15:00.000,,,1.0,34306235-5f31-305f-3438-613832643936.raw_data.json,UTC-0300,yeLoKu9/uD,com.sec.android.app.shealth,2026-04-05 16:15:00.000,34306235-5f31-305f-3438-613832643936,
2026-04-05 16:16:00.000,,2026-04-05 16:16:00.000,2026-04-05 16:16:00.000,,,1.0,34626435-5f31-305f-3063-613832643936.raw_data.json,UTC-0300,yeLoKu9/uD,com.sec.android.app.shealth,2026-04-05 16:16:00.000,34626435-5f31-305f-3063-613832643936,
2026-04-05 16:22:00.000,,2026-04-05 16:22:00.000,2026-04-05 16:22:00.000,,,1.0,38376637-5f31-305f-3832-633832643936.raw_data.json,UTC-0300,yeLoKu9/uD,com.sec.android.app.shealth,2026-04-05 16:22:00.000,38376637-5f31-305f-3832-633832643936,
2026-04-05 17:28:00.000,,2026-04-05 17:28:00.000,2026-04-05 17:28:00.000,,,1.0,38643935-5f31-305f-3061-623932643936.raw_data.json,UTC-0300,yeLoKu9/uD,com.sec.android.app.shealth,2026-04-05 17:28:00.000,38643935-5f31-305f-3061-623932643936,
2026-04-05 17:36:00.000,,2026-04-05 17:36:00.000,2026-04-05 17:36:00.000,,,1.0,38363834-5f31-305f-3038-643932643936.raw_data.json,UTC-0300,yeLoKu9/uD,com.sec.android.app.shealth,2026-04-05 17:36:00.000,38363834-5f31-305f-3038-643932643936,
2026-04-05 18:24:00.000,,2026-04-05 18:24:00.000,2026-04-05 18:24:00.000,,,1.0,37613635-5f31-305f-3063-386132643936.raw_data.json,UTC-0300,yeLoKu9/uD,com.sec.android.app.shealth,2026-04-05 18:24:00.000,37613635-5f31-305f-3063-386132643936,
2026-04-05 18:40:00.000,,2026-04-05 18:40:00.000,2026-04-05 18:40:00.000,,,2.0,66663762-5f32-305f-3038-636132643936.raw_data.json,UTC-0300,yeLoKu9/uD,com.sec.android.app.shealth,2026-04-05 18:40:00.000,66663762-5f32-305f-3038-636132643936,
2026-04-05 18:54:00.000,,2026-04-05 18:54:00.000,2026-04-05 18:54:00.000,,,3.0,66333464-5f33-305f-3863-666132643936.raw_data.json,UTC-0300,yeLoKu9/uD,com.sec.android.app.shealth,2026-04-05 18:54:00.000,66333464-5f33-305f-3863-666132643936,
2026-04-05 19:01:00.000,,2026-04-05 19:01:00.000,2026-04-05 19:01:00.000,,,1.0,62323561-5f31-305f-6336-316232643936.raw_data.json,UTC-0300,yeLoKu9/uD,com.sec.android.app.shealth,2026-04-05 19:01:00.000,62323561-5f31-305f-6336-316232643936,
2026-04-05 19:13:00.000,,2026-04-05 19:13:00.000,2026-04-05 19:13:00.000,,,1.0,31666162-5f31-305f-6333-346232643936.raw_data.json,UTC-0300,yeLoKu9/uD,com.sec.android.app.shealth,2026-04-05 19:13:00.000,31666162-5f31-305f-6333-346232643936,
2026-04-05 19:16:00.000,,2026-04-05 19:16:00.000,2026-04-05 19:16:00.000,,,1.0,63663134-5f31-305f-3066-346232643936.raw_data.json,UTC-0300,yeLoKu9/uD,com.sec.android.app.shealth,2026-04-05 19:16:00.000,63663134-5f31-305f-3066-346232643936,
2026-04-05 19:19:00.000,,2026-04-05 19:19:00.000,2026-04-05 19:19:00.000,,,1.0,39646636-5f31-305f-3461-356232643936.raw_data.json,UTC-0300,yeLoKu9/uD,com.sec.android.app.shealth,2026-04-05 19:19:00.000,39646636-5f31-305f-3461-356232643936,
2026-04-05 19:21:00.000,,2026-04-05 19:21:00.000,2026-04-05 19:21:00.000,,,1.0,61376632-5f31-305f-6331-366232643936.raw_data.json,UTC-0300,yeLoKu9/uD,com.sec.android.app.shealth,2026-04-05 19:21:00.000,61376632-5f31-305f-6331-366232643936,
2026-04-05 19:33:00.000,,2026-04-05 19:33:00.000,2026-04-05 19:33:00.000,,,1.0,36393730-5f31-305f-6365-386232643936.raw_data.json,UTC-0300,yeLoKu9/uD,com.sec.android.app.shealth,2026-04-05 19:33:00.000,36393730-5f31-305f-6365-386232643936,
2026-04-05 19:34:00.000,,2026-04-05 19:34:00.000,2026-04-05 19:34:00.000,,,1.0,39306535-5f31-305f-3832-396232643936.raw_data.json,UTC-0300,yeLoKu9/uD,com.sec.android.app.shealth,2026-04-05 19:34:00.000,39306535-5f31-305f-3832-396232643936,
2026-04-05 19:58:00.000,,2026-04-05 19:58:00.000,2026-04-05 19:58:00.000,,,1.0,63323037-5f31-305f-3863-656232643936.raw_data.json,UTC-0300,yeLoKu9/uD,com.sec.android.app.shealth,2026-04-05 19:58:00.000,63323037-5f31-305f-3863-656232643936,
2026-04-05 20:00:00.000,,2026-04-05 20:00:00.000,2026-04-05 20:00:00.000,,,1.0,35616332-5f31-305f-3034-666232643936.raw_data.json,UTC-0300,yeLoKu9/uD,com.sec.android.app.shealth,2026-04-05 20:00:00.000,35616332-5f31-305f-3034-666232643936,
2026-04-05 20:14:00.000,,2026-04-05 20:14:00.000,2026-04-05 20:14:00.000,,,6.0,37353134-5f36-305f-3838-326332643936.raw_data.json,UTC-0300,yeLoKu9/uD,com.sec.android.app.shealth,2026-04-05 20:14:00.000,37353134-5f36-305f-3838-326332643936,
2026-04-05 20:23:00.000,,2026-04-05 20:23:00.000,2026-04-05 20:23:00.000,,,1.0,34376664-5f31-305f-3461-346332643936.raw_data.json,UTC-0300,yeLoKu9/uD,com.sec.android.app.shealth,2026-04-05 20:23:00.000,34376664-5f31-305f-3461-346332643936,
2026-04-06 13:18:00.000,,2026-04-06 13:18:00.000,2026-04-06 13:18:00.000,,,1.0,34363330-5f31-305f-3838-326233643936.raw_data.json,UTC-0300,yeLoKu9/uD,com.sec.android.app.shealth,2026-04-06 13:18:00.000,34363330-5f31-305f-3838-326233643936,
2026-04-06 22:49:00.000,,2026-04-06 22:49:00.000,2026-04-06 22:49:00.000,,,1.0,34636333-5f31-305f-6335-383334643936.raw_data.json,UTC-0300,yeLoKu9/uD,com.sec.android.app.shealth,2026-04-06 22:49:00.000,34636333-5f31-305f-6335-383334643936,
2026-04-06 23:33:00.000,,2026-04-06 23:33:00.000,2026-04-06 23:33:00.000,,,1.0,66616635-5f31-305f-6361-323434643936.raw_data.json,UTC-0300,yeLoKu9/uD,com.sec.android.app.shealth,2026-04-06 23:33:00.000,66616635-5f31-305f-6361-323434643936,
2026-04-07 00:08:00.000,,2026-04-07 00:08:00.000,2026-04-07 00:08:00.000,,,1.0,35313162-5f31-305f-3065-613434643936.raw_data.json,UTC-0300,yeLoKu9/uD,com.sec.android.app.shealth,2026-04-07 00:08:00.000,35313162-5f31-305f-3065-613434643936,
2026-04-07 22:28:00.000,,2026-04-07 22:28:00.000,2026-04-07 22:28:00.000,,,1.0,38323638-5f31-305f-3066-343835643936.raw_data.json,UTC-0300,yeLoKu9/uD,com.sec.android.app.shealth,2026-04-07 22:28:00.000,38323638-5f31-305f-3066-343835643936,
2026-04-08 00:09:00.000,,2026-04-08 00:09:00.000,2026-04-08 00:09:00.000,,,1.0,34616662-5f31-305f-6339-633935643936.raw_data.json,UTC-0300,yeLoKu9/uD,com.sec.android.app.shealth,2026-04-08 00:09:00.000,34616662-5f31-305f-6339-633935643936,
2026-04-08 21:48:00.000,,2026-04-08 21:48:00.000,2026-04-08 21:48:00.000,,,1.0,39653035-5f31-305f-3031-646336643936.raw_data.json,UTC-0300,yeLoKu9/uD,com.sec.android.app.shealth,2026-04-08 21:48:00.000,39653035-5f31-305f-3031-646336643936,
2026-04-09 21:35:00.000,,2026-04-09 21:35:00.000,2026-04-09 21:35:00.000,,,1.0,37353631-5f31-305f-3438-623138643936.raw_data.json,UTC-0300,yeLoKu9/uD,com.sec.android.app.shealth,2026-04-09 21:35:00.000,37353631-5f31-305f-3438-623138643936,
2026-04-09 22:36:00.000,,2026-04-09 22:36:00.000,2026-04-09 22:36:00.000,,,1.0,62646632-5f31-305f-3064-393238643936.raw_data.json,UTC-0300,yeLoKu9/uD,com.sec.android.app.shealth,2026-04-09 22:36:00.000,62646632-5f31-305f-3064-393238643936,
2026-04-10 00:44:00.000,,2026-04-10 00:44:00.000,2026-04-10 00:44:00.000,,,1.0,65353236-5f31-305f-3064-373438643936.raw_data.json,UTC-0300,yeLoKu9/uD,com.sec.android.app.shealth,2026-04-10 00:44:00.000,65353236-5f31-305f-3064-373438643936,
2026-04-10 12:50:00.000,,2026-04-10 12:50:00.000,2026-04-10 12:50:00.000,,,1.0,30323035-5f31-305f-3866-316638643936.raw_data.json,UTC-0300,yeLoKu9/uD,com.sec.android.app.shealth,2026-04-10 12:50:00.000,30323035-5f31-305f-3866-316638643936,
2026-04-10 19:33:00.000,,2026-04-10 19:33:00.000,2026-04-10 19:33:00.000,,,1.0,38333063-5f31-305f-6336-303539643936.raw_data.json,UTC-0300,yeLoKu9/uD,com.sec.android.app.shealth,2026-04-10 19:33:00.000,38333063-5f31-305f-6336-303539643936,
2026-04-10 23:51:00.000,,2026-04-10 23:51:00.000,2026-04-10 23:51:00.000,,,1.0,38613564-5f31-305f-3465-633839643936.raw_data.json,UTC-0300,yeLoKu9/uD,com.sec.android.app.shealth,2026-04-10 23:51:00.000,38613564-5f31-305f-3465-633839643936,
2026-04-11 00:55:00.000,,2026-04-11 00:55:00.000,2026-04-11 00:55:00.000,,,1.0,65343030-5f31-305f-3465-623939643936.raw_data.json,UTC-0300,yeLoKu9/uD,com.sec.android.app.shealth,2026-04-11 00:55:00.000,65343030-5f31-305f-3465-623939643936,
2026-04-11 21:07:00.000,,2026-04-11 21:07:00.000,2026-04-11 21:07:00.000,,,1.0,36613738-5f31-305f-3466-376261643936.raw_data.json,UTC-0300,yeLoKu9/uD,com.sec.android.app.shealth,2026-04-11 21:07:00.000,36613738-5f31-305f-3466-376261643936,
2026-04-12 00:29:00.000,,2026-04-12 00:29:00.000,2026-04-12 00:29:00.000,,,2.0,34313763-5f32-305f-6334-376561643936.raw_data.json,UTC-0300,yeLoKu9/uD,com.sec.android.app.shealth,2026-04-12 00:29:00.000,34313763-5f32-305f-6334-376561643936,
2026-04-12 00:30:00.000,,2026-04-12 00:30:00.000,2026-04-12 00:30:00.000,,,1.0,33396438-5f31-305f-3838-376561643936.raw_data.json,UTC-0300,yeLoKu9/uD,com.sec.android.app.shealth,2026-04-12 00:30:00.000,33396438-5f31-305f-3838-376561643936,
2026-04-12 01:08:00.000,,2026-04-12 01:08:00.000,2026-04-12 01:08:00.000,,,1.0,35323764-5f31-305f-3037-306661643936.raw_data.json,UTC-0300,yeLoKu9/uD,com.sec.android.app.shealth,2026-04-12 01:08:00.000,35323764-5f31-305f-3037-306661643936,
2026-04-12 01:10:00.000,,2026-04-12 01:10:00.000,2026-04-12 01:10:00.000,,,2.0,36353439-5f32-305f-3865-306661643936.raw_data.json,UTC-0300,yeLoKu9/uD,com.sec.android.app.shealth,2026-04-12 01:10:00.000,36353439-5f32-305f-3865-306661643936,
2026-04-12 02:18:00.000,,2026-04-12 02:18:00.000,2026-04-12 02:18:00.000,,,1.0,34323638-5f31-305f-3864-303062643936.raw_data.json,UTC-0300,yeLoKu9/uD,com.sec.android.app.shealth,2026-04-12 02:18:00.000,34323638-5f31-305f-3864-303062643936,
2026-04-12 02:55:00.000,,2026-04-12 02:55:00.000,2026-04-12 02:55:00.000,,,1.0,34343665-5f31-305f-3438-393062643936.raw_data.json,UTC-0300,yeLoKu9/uD,com.sec.android.app.shealth,2026-04-12 02:55:00.000,34343665-5f31-305f-3438-393062643936,
2026-04-12 19:18:00.000,,2026-04-12 19:18:00.000,2026-04-12 19:18:00.000,,,1.0,66643233-5f31-305f-3865-666562643936.raw_data.json,UTC-0300,yeLoKu9/uD,com.sec.android.app.shealth,2026-04-12 19:18:00.000,66643233-5f31-305f-3865-666562643936,
2026-04-12 20:27:00.000,,2026-04-12 20:27:00.000,2026-04-12 20:27:00.000,,,1.0,39353530-5f31-305f-3431-303063643936.raw_data.json,UTC-0300,yeLoKu9/uD,com.sec.android.app.shealth,2026-04-12 20:27:00.000,39353530-5f31-305f-3431-303063643936,
2026-04-13 09:25:00.000,,2026-04-13 09:25:00.000,2026-04-13 09:25:00.000,,,1.0,64386437-5f31-305f-6336-366263643936.raw_data.json,UTC-0300,yeLoKu9/uD,com.sec.android.app.shealth,2026-04-13 09:25:00.000,64386437-5f31-305f-6336-366263643936,
2026-04-14 17:51:00.000,,2026-04-14 17:51:00.000,2026-04-14 17:51:00.000,,,1.0,33346465-5f31-305f-3438-653765643936.raw_data.json,UTC-0300,yeLoKu9/uD,com.sec.android.app.shealth,2026-04-14 17:51:00.000,33346465-5f31-305f-3438-653765643936,
2026-04-14 22:26:00.000,,2026-04-14 22:26:00.000,2026-04-14 22:26:00.000,,,1.0,62373739-5f31-305f-3866-656265643936.raw_data.json,UTC-0300,yeLoKu9/uD,com.sec.android.app.shealth,2026-04-14 22:26:00.000,62373739-5f31-305f-3866-656265643936,
2026-04-14 22:35:00.000,,2026-04-14 22:35:00.000,2026-04-14 22:35:00.000,,,2.0,65626262-5f32-305f-3431-316365643936.raw_data.json,UTC-0300,yeLoKu9/uD,com.sec.android.app.shealth,2026-04-14 22:35:00.000,65626262-5f32-305f-3431-316365643936,
2026-04-14 23:15:00.000,,2026-04-14 23:15:00.000,2026-04-14 23:15:00.000,,,1.0,30396234-5f31-305f-3437-616365643936.raw_data.json,UTC-0300,yeLoKu9/uD,com.sec.android.app.shealth,2026-04-14 23:15:00.000,30396234-5f31-305f-3437-616365643936,
2026-04-14 23:38:00.000,,2026-04-14 23:38:00.000,2026-04-14 23:38:00.000,,,1.0,36313739-5f31-305f-3864-666365643936.raw_data.json,UTC-0300,yeLoKu9/uD,com.sec.android.app.shealth,2026-04-14 23:38:00.000,36313739-5f31-305f-3864-666365643936,
2026-04-14 23:39:00.000,,2026-04-14 23:39:00.000,2026-04-14 23:39:00.000,,,1.0,39383539-5f31-305f-3431-306465643936.raw_data.json,UTC-0300,yeLoKu9/uD,com.sec.android.app.shealth,2026-04-14 23:39:00.000,39383539-5f31-305f-3431-306465643936,
2026-04-15 02:19:00.000,,2026-04-15 02:19:00.000,2026-04-15 02:19:00.000,,,2.0,64393835-5f32-305f-3439-356665643936.raw_data.json,UTC-0300,yeLoKu9/uD,com.sec.android.app.shealth,2026-04-15 02:19:00.000,64393835-5f32-305f-3439-356665643936,
2026-04-16 22:27:00.000,,2026-04-16 22:27:00.000,2026-04-16 22:27:00.000,,,1.0,65373065-5f31-305f-3433-323631653936.raw_data.json,UTC-0300,yeLoKu9/uD,com.sec.android.app.shealth,2026-04-16 22:27:00.000,65373065-5f31-305f-3433-323631653936,
2026-04-17 00:12:00.000,,2026-04-17 00:12:00.000,2026-04-17 00:12:00.000,,,1.0,37376262-5f31-305f-3064-613731653936.raw_data.json,UTC-0300,yeLoKu9/uD,com.sec.android.app.shealth,2026-04-17 00:12:00.000,37376262-5f31-305f-3064-613731653936,
2026-04-18 18:46:00.000,,2026-04-18 18:46:00.000,2026-04-18 18:46:00.000,,,1.0,64323466-5f31-305f-3836-316433653936.raw_data.json,UTC-0300,yeLoKu9/uD,com.sec.android.app.shealth,2026-04-18 18:46:00.000,64323466-5f31-305f-3836-316433653936,
2026-04-19 01:10:00.000,,2026-04-19 01:10:00.000,2026-04-19 01:10:00.000,,,1.0,66636338-5f31-305f-3836-623234653936.raw_data.json,UTC-0300,yeLoKu9/uD,com.sec.android.app.shealth,2026-04-19 01:10:00.000,66636338-5f31-305f-3836-623234653936,
2026-04-19 01:13:00.000,,2026-04-19 01:13:00.000,2026-04-19 01:13:00.000,,,1.0,36343666-5f31-305f-6331-633234653936.raw_data.json,UTC-0300,yeLoKu9/uD,com.sec.android.app.shealth,2026-04-19 01:13:00.000,36343666-5f31-305f-6331-633234653936,
2026-04-19 01:14:00.000,,2026-04-19 01:14:00.000,2026-04-19 01:14:00.000,,,1.0,39323133-5f31-305f-3835-633234653936.raw_data.json,UTC-0300,yeLoKu9/uD,com.sec.android.app.shealth,2026-04-19 01:14:00.000,39323133-5f31-305f-3835-633234653936,
2026-04-19 20:15:00.000,,2026-04-19 20:15:00.000,2026-04-19 20:15:00.000,,,1.0,34306235-5f31-305f-3463-373335653936.raw_data.json,UTC-0300,yeLoKu9/uD,com.sec.android.app.shealth,2026-04-19 20:15:00.000,34306235-5f31-305f-3463-373335653936,
2026-04-20 16:58:00.000,,2026-04-20 16:58:00.000,2026-04-20 16:58:00.000,,,1.0,38376637-5f31-305f-3831-623536653936.raw_data.json,UTC-0300,yeLoKu9/uD,com.sec.android.app.shealth,2026-04-20 16:58:00.000,38376637-5f31-305f-3831-623536653936,
2026-04-20 23:24:00.000,,2026-04-20 23:24:00.000,2026-04-20 23:24:00.000,,,1.0,38643935-5f31-305f-3039-356236653936.raw_data.json,UTC-0300,yeLoKu9/uD,com.sec.android.app.shealth,2026-04-20 23:24:00.000,38643935-5f31-305f-3039-356236653936,
2026-04-21 14:22:00.000,,2026-04-21 14:22:00.000,2026-04-21 14:22:00.000,,,1.0,38363834-5f31-305f-3830-383837653936.raw_data.json,UTC-0300,yeLoKu9/uD,com.sec.android.app.shealth,2026-04-21 14:22:00.000,38363834-5f31-305f-3830-383837653936,
2026-04-21 16:01:00.000,,2026-04-21 16:01:00.000,2026-04-21 16:01:00.000,,,1.0,37613635-5f31-305f-6333-663937653936.raw_data.json,UTC-0300,yeLoKu9/uD,com.sec.android.app.shealth,2026-04-21 16:01:00.000,37613635-5f31-305f-6333-663937653936,
2026-04-21 18:35:00.000,,2026-04-21 18:35:00.000,2026-04-21 18:35:00.000,,,1.0,66663762-5f31-305f-3435-336337653936.raw_data.json,UTC-0300,yeLoKu9/uD,com.sec.android.app.shealth,2026-04-21 18:35:00.000,66663762-5f31-305f-3435-336337653936,
2026-04-21 18:36:00.000,,2026-04-21 18:36:00.000,2026-04-21 18:36:00.000,,,1.0,66333464-5f31-305f-3039-336337653936.raw_data.json,UTC-0300,yeLoKu9/uD,com.sec.android.app.shealth,2026-04-21 18:36:00.000,66333464-5f31-305f-3039-336337653936,
2026-04-21 18:37:00.000,,2026-04-21 18:37:00.000,2026-04-21 18:37:00.000,,,1.0,62323561-5f31-305f-6363-336337653936.raw_data.json,UTC-0300,yeLoKu9/uD,com.sec.android.app.shealth,2026-04-21 18:37:00.000,62323561-5f31-305f-6363-336337653936,
2026-04-21 18:38:00.000,,2026-04-21 18:38:00.000,2026-04-21 18:38:00.000,,,1.0,31666162-5f31-305f-3830-346337653936.raw_data.json,UTC-0300,yeLoKu9/uD,com.sec.android.app.shealth,2026-04-21 18:38:00.000,31666162-5f31-305f-3830-346337653936,
2026-04-21 18:54:00.000,,2026-04-21 18:54:00.000,2026-04-21 18:54:00.000,,,1.0,63663134-5f31-305f-3863-376337653936.raw_data.json,UTC-0300,yeLoKu9/uD,com.sec.android.app.shealth,2026-04-21 18:54:00.000,63663134-5f31-305f-3863-376337653936,
2026-04-21 23:32:00.000,,2026-04-21 23:32:00.000,2026-04-21 23:32:00.000,,,4.0,39646636-5f34-305f-3066-383038653936.raw_data.json,UTC-0300,yeLoKu9/uD,com.sec.android.app.shealth,2026-04-21 23:32:00.000,39646636-5f34-305f-3066-383038653936,
2026-04-22 21:47:00.000,,2026-04-22 21:47:00.000,2026-04-22 21:47:00.000,,,1.0,61376632-5f31-305f-3464-313439653936.raw_data.json,UTC-0300,yeLoKu9/uD,com.sec.android.app.shealth,2026-04-22 21:47:00.000,61376632-5f31-305f-3464-313439653936,
2026-04-23 02:10:00.000,,2026-04-23 02:10:00.000,2026-04-23 02:10:00.000,,,3.0,36393730-5f33-305f-3837-663739653936.raw_data.json,UTC-0300,yeLoKu9/uD,com.sec.android.app.shealth,2026-04-23 02:10:00.000,36393730-5f33-305f-3837-663739653936,
2026-04-23 22:19:00.000,,2026-04-23 22:19:00.000,2026-04-23 22:19:00.000,,,1.0,64323466-5f31-305f-3464-613961653936.raw_data.json,UTC-0300,yeLoKu9/uD,com.sec.android.app.shealth,2026-04-23 22:19:00.000,64323466-5f31-305f-3464-613961653936,
2026-04-23 22:31:00.000,,2026-04-23 22:31:00.000,2026-04-23 22:31:00.000,,,1.0,66636338-5f31-305f-3461-643961653936.raw_data.json,UTC-0300,yeLoKu9/uD,com.sec.android.app.shealth,2026-04-23 22:31:00.000,66636338-5f31-305f-3461-643961653936,
2026-04-24 01:05:00.000,,2026-04-24 01:05:00.000,2026-04-24 01:05:00.000,,,1.0,36343666-5f31-305f-6362-316361653936.raw_data.json,UTC-0300,yeLoKu9/uD,com.sec.android.app.shealth,2026-04-24 01:05:00.000,36343666-5f31-305f-6362-316361653936,
2026-04-24 02:00:00.000,,2026-04-24 02:00:00.000,2026-04-24 02:00:00.000,,,1.0,39323133-5f31-305f-3061-656361653936.raw_data.json,UTC-0300,yeLoKu9/uD,com.sec.android.app.shealth,2026-04-24 02:00:00.000,39323133-5f31-305f-3061-656361653936,
2026-04-25 00:07:00.000,,2026-04-25 00:07:00.000,2026-04-25 00:07:00.000,,,1.0,34306235-5f31-305f-3461-353063653936.raw_data.json,UTC-0300,yeLoKu9/uD,com.sec.android.app.shealth,2026-04-25 00:07:00.000,34306235-5f31-305f-3461-353063653936,
2026-04-25 15:36:00.000,,2026-04-25 15:36:00.000,2026-04-25 15:36:00.000,,,1.0,64323466-5f31-305f-3036-666463653936.raw_data.json,UTC-0300,yeLoKu9/uD,com.sec.android.app.shealth,2026-04-25 15:36:00.000,64323466-5f31-305f-3036-666463653936,
2026-04-25 18:08:00.000,,2026-04-25 18:08:00.000,2026-04-25 18:08:00.000,,,1.0,66636338-5f31-305f-3030-333064653936.raw_data.json,UTC-0300,yeLoKu9/uD,com.sec.android.app.shealth,2026-04-25 18:08:00.000,66636338-5f31-305f-3030-333064653936,
2026-04-26 09:36:00.000,,2026-04-26 09:36:00.000,2026-04-26 09:36:00.000,,,2.0,36343666-5f32-305f-3038-636464653936.raw_data.json,UTC-0300,yeLoKu9/uD,com.sec.android.app.shealth,2026-04-26 09:36:00.000,36343666-5f32-305f-3038-636464653936,
2026-04-26 09:42:00.000,,2026-04-26 09:42:00.000,2026-04-26 09:42:00.000,,,6.0,39323133-5f36-305f-3865-646464653936.raw_data.json,UTC-0300,yeLoKu9/uD,com.sec.android.app.shealth,2026-04-26 09:42:00.000,39323133-5f36-305f-3865-646464653936,
2026-04-26 09:47:00.000,,2026-04-26 09:47:00.000,2026-04-26 09:47:00.000,,,6.0,34306235-5f36-305f-3431-666464653936.raw_data.json,UTC-0300,yeLoKu9/uD,com.sec.android.app.shealth,2026-04-26 09:47:00.000,34306235-5f36-305f-3431-666464653936,
2026-04-26 09:48:00.000,,2026-04-26 09:48:00.000,2026-04-26 09:48:00.000,,,1.0,34626435-5f31-305f-3035-666464653936.raw_data.json,UTC-0300,yeLoKu9/uD,com.sec.android.app.shealth,2026-04-26 09:48:00.000,34626435-5f31-305f-3035-666464653936,
2026-04-26 10:30:00.000,,2026-04-26 10:30:00.000,2026-04-26 10:30:00.000,,,2.0,38376637-5f32-305f-3832-396564653936.raw_data.json,UTC-0300,yeLoKu9/uD,com.sec.android.app.shealth,2026-04-26 10:30:00.000,38376637-5f32-305f-3832-396564653936,
2026-04-26 10:43:00.000,,2026-04-26 10:43:00.000,2026-04-26 10:43:00.000,,,1.0,38643935-5f31-305f-3433-636564653936.raw_data.json,UTC-0300,yeLoKu9/uD,com.sec.android.app.shealth,2026-04-26 10:43:00.000,38643935-5f31-305f-3433-636564653936,
2026-04-26 10:56:00.000,,2026-04-26 10:56:00.000,2026-04-26 10:56:00.000,,,3.0,38363834-5f33-305f-3034-666564653936.raw_data.json,UTC-0300,yeLoKu9/uD,com.sec.android.app.shealth,2026-04-26 10:56:00.000,38363834-5f33-305f-3034-666564653936,
2026-04-26 11:21:00.000,,2026-04-26 11:21:00.000,2026-04-26 11:21:00.000,,,1.0,37613635-5f31-305f-6331-356664653936.raw_data.json,UTC-0300,yeLoKu9/uD,com.sec.android.app.shealth,2026-04-26 11:21:00.000,37613635-5f31-305f-6331-356664653936,
2026-04-26 13:41:00.000,,2026-04-26 13:41:00.000,2026-04-26 13:41:00.000,,,1.0,66663762-5f31-305f-6365-353165653936.raw_data.json,UTC-0300,yeLoKu9/uD,com.sec.android.app.shealth,2026-04-26 13:41:00.000,66663762-5f31-305f-6365-353165653936,
2026-04-26 13:51:00.000,,2026-04-26 13:51:00.000,2026-04-26 13:51:00.000,,,1.0,66333464-5f31-305f-3434-383165653936.raw_data.json,UTC-0300,yeLoKu9/uD,com.sec.android.app.shealth,2026-04-26 13:51:00.000,66333464-5f31-305f-3434-383165653936,
2026-04-26 14:18:00.000,,2026-04-26 14:18:00.000,2026-04-26 14:18:00.000,,,1.0,62323561-5f31-305f-3839-653165653936.raw_data.json,UTC-0300,yeLoKu9/uD,com.sec.android.app.shealth,2026-04-26 14:18:00.000,62323561-5f31-305f-3839-653165653936,
2026-04-26 14:30:00.000,,2026-04-26 14:30:00.000,2026-04-26 14:30:00.000,,,2.0,31666162-5f32-305f-3836-313265653936.raw_data.json,UTC-0300,yeLoKu9/uD,com.sec.android.app.shealth,2026-04-26 14:30:00.000,31666162-5f32-305f-3836-313265653936,
2026-04-27 01:09:00.000,,2026-04-27 01:09:00.000,2026-04-27 01:09:00.000,,,1.0,64323466-5f31-305f-6332-376265653936.raw_data.json,UTC-0300,yeLoKu9/uD,com.sec.android.app.shealth,2026-04-27 01:09:00.000,64323466-5f31-305f-6332-376265653936,
2026-04-27 10:38:00.000,,2026-04-27 10:38:00.000,2026-04-27 10:38:00.000,,,1.0,66636338-5f31-305f-3838-633366653936.raw_data.json,UTC-0300,yeLoKu9/uD,com.sec.android.app.shealth,2026-04-27 10:38:00.000,66636338-5f31-305f-3838-633366653936,
2026-04-27 12:01:00.000,,2026-04-27 12:01:00.000,2026-04-27 12:01:00.000,,,1.0,36343666-5f31-305f-6366-663466653936.raw_data.json,UTC-0300,yeLoKu9/uD,com.sec.android.app.shealth,2026-04-27 12:01:00.000,36343666-5f31-305f-6366-663466653936,
2026-04-27 12:25:00.000,,2026-04-27 12:25:00.000,2026-04-27 12:25:00.000,,,8.0,39323133-5f38-305f-6339-353566653936.raw_data.json,UTC-0300,yeLoKu9/uD,com.sec.android.app.shealth,2026-04-27 12:25:00.000,39323133-5f38-305f-6339-353566653936,
2026-04-28 00:06:00.000,,2026-04-28 00:06:00.000,2026-04-28 00:06:00.000,,,1.0,34306235-5f31-305f-3865-396666653936.raw_data.json,UTC-0300,yeLoKu9/uD,com.sec.android.app.shealth,2026-04-28 00:06:00.000,34306235-5f31-305f-3865-396666653936,
2026-04-28 21:48:00.000,,2026-04-28 21:48:00.000,2026-04-28 21:48:00.000,,,1.0,64323466-5f31-305f-3031-623231663936.raw_data.json,UTC-0300,yeLoKu9/uD,com.sec.android.app.shealth,2026-04-28 21:48:00.000,64323466-5f31-305f-3031-623231663936,
2026-04-28 22:26:00.000,,2026-04-28 22:26:00.000,2026-04-28 22:26:00.000,,,1.0,66636338-5f31-305f-3866-333331663936.raw_data.json,UTC-0300,yeLoKu9/uD,com.sec.android.app.shealth,2026-04-28 22:26:00.000,66636338-5f31-305f-3866-333331663936,
2026-04-28 22:28:00.000,,2026-04-28 22:28:00.000,2026-04-28 22:28:00.000,,,1.0,36343666-5f31-305f-3037-343331663936.raw_data.json,UTC-0300,yeLoKu9/uD,com.sec.android.app.shealth,2026-04-28 22:28:00.000,36343666-5f31-305f-3037-343331663936,
2026-04-28 22:32:00.000,,2026-04-28 22:32:00.000,2026-04-28 22:32:00.000,,,2.0,39323133-5f32-305f-3036-353331663936.raw_data.json,UTC-0300,yeLoKu9/uD,com.sec.android.app.shealth,2026-04-28 22:32:00.000,39323133-5f32-305f-3036-353331663936,
2026-04-28 22:38:00.000,,2026-04-28 22:38:00.000,2026-04-28 22:38:00.000,,,1.0,34306235-5f31-305f-3863-363331663936.raw_data.json,UTC-0300,yeLoKu9/uD,com.sec.android.app.shealth,2026-04-28 22:38:00.000,34306235-5f31-305f-3863-363331663936,
2026-04-29 00:10:00.000,,2026-04-29 00:10:00.000,2026-04-29 00:10:00.000,,,1.0,34626435-5f31-305f-3835-633431663936.raw_data.json,UTC-0300,yeLoKu9/uD,com.sec.android.app.shealth,2026-04-29 00:10:00.000,34626435-5f31-305f-3835-633431663936,
2026-04-29 01:53:00.000,,2026-04-29 01:53:00.000,2026-04-29 01:53:00.000,,,1.0,38376637-5f31-305f-6337-343631663936.raw_data.json,UTC-0300,yeLoKu9/uD,com.sec.android.app.shealth,2026-04-29 01:53:00.000,38376637-5f31-305f-6337-343631663936,
2026-04-29 15:26:00.000,,2026-04-29 15:26:00.000,2026-04-29 15:26:00.000,,,1.0,38643935-5f31-305f-3830-333232663936.raw_data.json,UTC-0300,yeLoKu9/uD,com.sec.android.app.shealth,2026-04-29 15:26:00.000,38643935-5f31-305f-3830-333232663936,
2026-04-29 23:33:00.000,,2026-04-29 23:33:00.000,2026-04-29 23:33:00.000,,,1.0,38363834-5f31-305f-6332-353932663936.raw_data.json,UTC-0300,yeLoKu9/uD,com.sec.android.app.shealth,2026-04-29 23:33:00.000,38363834-5f31-305f-6332-353932663936,
2026-04-30 14:49:00.000,,2026-04-30 14:49:00.000,2026-04-30 14:49:00.000,,,1.0,37613635-5f31-305f-6364-623633663936.raw_data.json,UTC-0300,yeLoKu9/uD,com.sec.android.app.shealth,2026-04-30 14:49:00.000,37613635-5f31-305f-6364-623633663936,
2026-04-30 20:43:00.000,,2026-04-30 20:43:00.000,2026-04-30 20:43:00.000,,,1.0,66663762-5f31-305f-3464-656233663936.raw_data.json,UTC-0300,yeLoKu9/uD,com.sec.android.app.shealth,2026-04-30 20:43:00.000,66663762-5f31-305f-3464-656233663936,
2026-04-30 23:35:00.000,,2026-04-30 23:35:00.000,2026-04-30 23:35:00.000,,,1.0,66333464-5f31-305f-3432-376533663936.raw_data.json,UTC-0300,yeLoKu9/uD,com.sec.android.app.shealth,2026-04-30 23:35:00.000,66333464-5f31-305f-3432-376533663936,
2026-05-01 00:11:00.000,,2026-05-01 00:11:00.000,2026-05-01 00:11:00.000,,,1.0,62323561-5f31-305f-3439-666533663936.raw_data.json,UTC-0300,yeLoKu9/uD,com.sec.android.app.shealth,2026-05-01 00:11:00.000,62323561-5f31-305f-3439-666533663936,
2026-05-01 04:23:00.000,,2026-05-01 04:23:00.000,2026-05-01 04:23:00.000,,,1.0,31666162-5f31-305f-3461-613234663936.raw_data.json,UTC-0300,yeLoKu9/uD,com.sec.android.app.shealth,2026-05-01 04:23:00.000,31666162-5f31-305f-3461-613234663936,
2026-05-01 17:23:00.000,,2026-05-01 17:23:00.000,2026-05-01 17:23:00.000,,,1.0,63663134-5f31-305f-3437-316534663936.raw_data.json,UTC-0300,yeLoKu9/uD,com.sec.android.app.shealth,2026-05-01 17:23:00.000,63663134-5f31-305f-3437-316534663936,
2026-05-02 12:54:00.000,,2026-05-02 12:54:00.000,2026-05-02 12:54:00.000,,,1.0,36393730-5f31-305f-3865-336635663936.raw_data.json,UTC-0300,yeLoKu9/uD,com.sec.android.app.shealth,2026-05-02 12:54:00.000,36393730-5f31-305f-3865-336635663936,
2026-05-02 13:10:00.000,,2026-05-02 13:10:00.000,2026-05-02 13:10:00.000,,,1.0,39306535-5f31-305f-3861-376635663936.raw_data.json,UTC-0300,yeLoKu9/uD,com.sec.android.app.shealth,2026-05-02 13:10:00.000,39306535-5f31-305f-3861-376635663936,
2026-05-02 15:36:00.000,,2026-05-02 15:36:00.000,2026-05-02 15:36:00.000,,,1.0,63323037-5f31-305f-3065-393136663936.raw_data.json,UTC-0300,yeLoKu9/uD,com.sec.android.app.shealth,2026-05-02 15:36:00.000,63323037-5f31-305f-3065-393136663936,
2026-05-02 15:45:00.000,,2026-05-02 15:45:00.000,2026-05-02 15:45:00.000,,,2.0,35616332-5f32-305f-6366-623136663936.raw_data.json,UTC-0300,yeLoKu9/uD,com.sec.android.app.shealth,2026-05-02 15:45:00.000,35616332-5f32-305f-6366-623136663936,
2026-05-02 15:49:00.000,,2026-05-02 15:49:00.000,2026-05-02 15:49:00.000,,,1.0,37353134-5f31-305f-6365-633136663936.raw_data.json,UTC-0300,yeLoKu9/uD,com.sec.android.app.shealth,2026-05-02 15:49:00.000,37353134-5f31-305f-6365-633136663936,
2026-05-02 15:59:00.000,,2026-05-02 15:59:00.000,2026-05-02 15:59:00.000,,,3.0,34376664-5f33-305f-3434-663136663936.raw_data.json,UTC-0300,yeLoKu9/uD,com.sec.android.app.shealth,2026-05-02 15:59:00.000,34376664-5f33-305f-3434-663136663936,
2026-05-02 16:02:00.000,,2026-05-02 16:02:00.000,2026-05-02 16:02:00.000,,,1.0,34363330-5f31-305f-3866-663136663936.raw_data.json,UTC-0300,yeLoKu9/uD,com.sec.android.app.shealth,2026-05-02 16:02:00.000,34363330-5f31-305f-3866-663136663936,
2026-05-02 16:19:00.000,,2026-05-02 16:19:00.000,2026-05-02 16:19:00.000,,,1.0,34636333-5f31-305f-3466-333236663936.raw_data.json,UTC-0300,yeLoKu9/uD,com.sec.android.app.shealth,2026-05-02 16:19:00.000,34636333-5f31-305f-3466-333236663936,
2026-05-02 17:17:00.000,,2026-05-02 17:17:00.000,2026-05-02 17:17:00.000,,,1.0,66616635-5f31-305f-6338-313336663936.raw_data.json,UTC-0300,yeLoKu9/uD,com.sec.android.app.shealth,2026-05-02 17:17:00.000,66616635-5f31-305f-6338-313336663936,
2026-05-03 05:33:00.000,,2026-05-03 05:33:00.000,2026-05-03 05:33:00.000,,,2.0,35313162-5f32-305f-6330-656436663936.raw_data.json,UTC-0300,yeLoKu9/uD,com.sec.android.app.shealth,2026-05-03 05:33:00.000,35313162-5f32-305f-6330-656436663936,
2026-05-03 12:32:00.000,,2026-05-03 12:32:00.000,2026-05-03 12:32:00.000,,,4.0,38323638-5f34-305f-3034-303437663936.raw_data.json,UTC-0300,yeLoKu9/uD,com.sec.android.app.shealth,2026-05-03 12:32:00.000,38323638-5f34-305f-3034-303437663936,
2026-05-03 12:33:00.000,,2026-05-03 12:33:00.000,2026-05-03 12:33:00.000,,,2.0,34616662-5f32-305f-6337-303437663936.raw_data.json,UTC-0300,yeLoKu9/uD,com.sec.android.app.shealth,2026-05-03 12:33:00.000,34616662-5f32-305f-6337-303437663936,
2026-05-03 12:45:00.000,,2026-05-03 12:45:00.000,2026-05-03 12:45:00.000,,,1.0,39653035-5f31-305f-6334-333437663936.raw_data.json,UTC-0300,yeLoKu9/uD,com.sec.android.app.shealth,2026-05-03 12:45:00.000,39653035-5f31-305f-6334-333437663936,
2026-05-03 21:52:00.000,,2026-05-03 21:52:00.000,2026-05-03 21:52:00.000,,,1.0,37353631-5f31-305f-3038-336337663936.raw_data.json,UTC-0300,yeLoKu9/uD,com.sec.android.app.shealth,2026-05-03 21:52:00.000,37353631-5f31-305f-3038-336337663936,
2026-05-05 02:02:00.000,,2026-05-05 02:02:00.000,2026-05-05 02:02:00.000,,,2.0,65353236-5f32-305f-3839-663439663936.raw_data.json,UTC-0300,yeLoKu9/uD,com.sec.android.app.shealth,2026-05-05 02:02:00.000,65353236-5f32-305f-3839-663439663936,
2026-05-05 22:27:00.000,,2026-05-05 22:27:00.000,2026-05-05 22:27:00.000,,,1.0,30323035-5f31-305f-3462-653661663936.raw_data.json,UTC-0300,yeLoKu9/uD,com.sec.android.app.shealth,2026-05-05 22:27:00.000,30323035-5f31-305f-3462-653661663936,
2026-05-06 00:07:00.000,,2026-05-06 00:07:00.000,2026-05-06 00:07:00.000,,,1.0,62663435-5f31-305f-3432-363861663936.raw_data.json,UTC-0300,yeLoKu9/uD,com.sec.android.app.shealth,2026-05-06 00:07:00.000,62663435-5f31-305f-3432-363861663936,
2026-05-07 02:08:00.000,,2026-05-07 02:08:00.000,2026-05-07 02:08:00.000,,,2.0,64323466-5f32-305f-3030-346662663936.raw_data.json,UTC-0300,yeLoKu9/uD,com.sec.android.app.shealth,2026-05-07 02:08:00.000,64323466-5f32-305f-3030-346662663936,
2026-05-08 21:27:00.000,,2026-05-08 21:27:00.000,2026-05-08 21:27:00.000,,,1.0,66636338-5f31-305f-3432-353565663936.raw_data.json,UTC-0300,yeLoKu9/uD,com.sec.android.app.shealth,2026-05-08 21:27:00.000,66636338-5f31-305f-3432-353565663936,
2026-05-08 21:31:00.000,,2026-05-08 21:31:00.000,2026-05-08 21:31:00.000,,,1.0,36343666-5f31-305f-3431-363565663936.raw_data.json,UTC-0300,yeLoKu9/uD,com.sec.android.app.shealth,2026-05-08 21:31:00.000,36343666-5f31-305f-3431-363565663936,
2026-05-08 21:36:00.000,,2026-05-08 21:36:00.000,2026-05-08 21:36:00.000,,,1.0,39323133-5f31-305f-3034-373565663936.raw_data.json,UTC-0300,yeLoKu9/uD,com.sec.android.app.shealth,2026-05-08 21:36:00.000,39323133-5f31-305f-3034-373565663936,
2026-05-08 23:47:00.000,,2026-05-08 23:47:00.000,2026-05-08 23:47:00.000,,,1.0,34306235-5f31-305f-3466-353765663936.raw_data.json,UTC-0300,yeLoKu9/uD,com.sec.android.app.shealth,2026-05-08 23:47:00.000,34306235-5f31-305f-3466-353765663936,
2026-05-09 01:10:00.000,,2026-05-09 01:10:00.000,2026-05-09 01:10:00.000,,,1.0,34626435-5f31-305f-3836-393865663936.raw_data.json,UTC-0300,yeLoKu9/uD,com.sec.android.app.shealth,2026-05-09 01:10:00.000,34626435-5f31-305f-3836-393865663936,
2026-05-09 01:46:00.000,,2026-05-09 01:46:00.000,2026-05-09 01:46:00.000,,,1.0,38376637-5f31-305f-3864-313965663936.raw_data.json,UTC-0300,yeLoKu9/uD,com.sec.android.app.shealth,2026-05-09 01:46:00.000,38376637-5f31-305f-3864-313965663936,
2026-05-09 12:27:00.000,,2026-05-09 12:27:00.000,2026-05-09 12:27:00.000,,,1.0,38643935-5f31-305f-3431-383266663936.raw_data.json,UTC-0300,yeLoKu9/uD,com.sec.android.app.shealth,2026-05-09 12:27:00.000,38643935-5f31-305f-3431-383266663936,
2026-05-09 12:30:00.000,,2026-05-09 12:30:00.000,2026-05-09 12:30:00.000,,,1.0,38363834-5f31-305f-3863-383266663936.raw_data.json,UTC-0300,yeLoKu9/uD,com.sec.android.app.shealth,2026-05-09 12:30:00.000,38363834-5f31-305f-3863-383266663936,
2026-05-09 16:20:00.000,,2026-05-09 16:20:00.000,2026-05-09 16:20:00.000,,,1.0,37613635-5f31-305f-3062-653566663936.raw_data.json,UTC-0300,yeLoKu9/uD,com.sec.android.app.shealth,2026-05-09 16:20:00.000,37613635-5f31-305f-3062-653566663936,
2026-05-09 21:47:00.000,,2026-05-09 21:47:00.000,2026-05-09 21:47:00.000,,,1.0,66663762-5f31-305f-3435-626166663936.raw_data.json,UTC-0300,yeLoKu9/uD,com.sec.android.app.shealth,2026-05-09 21:47:00.000,66663762-5f31-305f-3435-626166663936,
2026-05-10 02:12:00.000,,2026-05-10 02:12:00.000,2026-05-10 02:12:00.000,,,1.0,66333464-5f31-305f-3037-396566663936.raw_data.json,UTC-0300,yeLoKu9/uD,com.sec.android.app.shealth,2026-05-10 02:12:00.000,66333464-5f31-305f-3037-396566663936,
2026-05-10 17:21:00.000,,2026-05-10 17:21:00.000,2026-05-10 17:21:00.000,,,1.0,62323561-5f31-305f-6337-656230306136.raw_data.json,UTC-0300,yeLoKu9/uD,com.sec.android.app.shealth,2026-05-10 17:21:00.000,62323561-5f31-305f-6337-656230306136,
2026-05-12 22:29:00.000,,2026-05-12 22:29:00.000,2026-05-12 22:29:00.000,,,2.0,64323466-5f32-305f-6361-396133306136.raw_data.json,UTC-0300,yeLoKu9/uD,com.sec.android.app.shealth,2026-05-12 22:29:00.000,64323466-5f32-305f-6361-396133306136,
2026-05-13 00:16:00.000,,2026-05-13 00:16:00.000,2026-05-13 00:16:00.000,,,1.0,66636338-5f31-305f-3063-326333306136.raw_data.json,UTC-0300,yeLoKu9/uD,com.sec.android.app.shealth,2026-05-13 00:16:00.000,66636338-5f31-305f-3063-326333306136,
2026-05-13 20:29:00.000,,2026-05-13 20:29:00.000,2026-05-13 20:29:00.000,,,1.0,36343666-5f31-305f-6330-666434306136.raw_data.json,UTC-0300,yeLoKu9/uD,com.sec.android.app.shealth,2026-05-13 20:29:00.000,36343666-5f31-305f-6330-666434306136,
2026-05-13 20:36:00.000,,2026-05-13 20:36:00.000,2026-05-13 20:36:00.000,,,1.0,39323133-5f31-305f-3062-306534306136.raw_data.json,UTC-0300,yeLoKu9/uD,com.sec.android.app.shealth,2026-05-13 20:36:00.000,39323133-5f31-305f-3062-306534306136,
2026-05-13 20:48:00.000,,2026-05-13 20:48:00.000,2026-05-13 20:48:00.000,,,1.0,34306235-5f31-305f-3038-336534306136.raw_data.json,UTC-0300,yeLoKu9/uD,com.sec.android.app.shealth,2026-05-13 20:48:00.000,34306235-5f31-305f-3038-336534306136,
2026-05-14 20:32:00.000,,2026-05-14 20:32:00.000,2026-05-14 20:32:00.000,,,1.0,34626435-5f31-305f-3034-313336306136.raw_data.json,UTC-0300,yeLoKu9/uD,com.sec.android.app.shealth,2026-05-14 20:32:00.000,34626435-5f31-305f-3034-313336306136,
2026-05-14 22:57:00.000,,2026-05-14 22:57:00.000,2026-05-14 22:57:00.000,,,1.0,38376637-5f31-305f-6333-333536306136.raw_data.json,UTC-0300,yeLoKu9/uD,com.sec.android.app.shealth,2026-05-14 22:57:00.000,38376637-5f31-305f-6333-333536306136,
2026-05-14 22:59:00.000,,2026-05-14 22:59:00.000,2026-05-14 22:59:00.000,,,2.0,38643935-5f32-305f-3462-333536306136.raw_data.json,UTC-0300,yeLoKu9/uD,com.sec.android.app.shealth,2026-05-14 22:59:00.000,38643935-5f32-305f-3462-333536306136,
2026-05-14 23:06:00.000,,2026-05-14 23:06:00.000,2026-05-14 23:06:00.000,,,1.0,38363834-5f31-305f-3835-353536306136.raw_data.json,UTC-0300,yeLoKu9/uD,com.sec.android.app.shealth,2026-05-14 23:06:00.000,38363834-5f31-305f-3835-353536306136,
2026-05-16 15:35:00.000,,2026-05-16 15:35:00.000,2026-05-16 15:35:00.000,,,1.0,64323466-5f31-305f-3461-653838306136.raw_data.json,UTC-0300,yeLoKu9/uD,com.sec.android.app.shealth,2026-05-16 15:35:00.000,64323466-5f31-305f-3461-653838306136,
2026-05-16 17:39:00.000,,2026-05-16 17:39:00.000,2026-05-16 17:39:00.000,,,1.0,66636338-5f31-305f-3462-626138306136.raw_data.json,UTC-0300,yeLoKu9/uD,com.sec.android.app.shealth,2026-05-16 17:39:00.000,66636338-5f31-305f-3462-626138306136,
2026-05-16 17:53:00.000,,2026-05-16 17:53:00.000,2026-05-16 17:53:00.000,,,2.0,36343666-5f32-305f-6366-656138306136.raw_data.json,UTC-0300,yeLoKu9/uD,com.sec.android.app.shealth,2026-05-16 17:53:00.000,36343666-5f32-305f-6366-656138306136,
2026-05-17 14:53:00.000,,2026-05-17 14:53:00.000,2026-05-17 14:53:00.000,,,1.0,39323133-5f31-305f-6334-366439306136.raw_data.json,UTC-0300,yeLoKu9/uD,com.sec.android.app.shealth,2026-05-17 14:53:00.000,39323133-5f31-305f-6334-366439306136,
2026-05-17 16:05:00.000,,2026-05-17 16:05:00.000,2026-05-17 16:05:00.000,,,3.0,34306235-5f33-305f-6332-376539306136.raw_data.json,UTC-0300,yeLoKu9/uD,com.sec.android.app.shealth,2026-05-17 16:05:00.000,34306235-5f33-305f-6332-376539306136,
2026-05-18 15:20:00.000,,2026-05-18 15:20:00.000,2026-05-18 15:20:00.000,,,1.0,34626435-5f31-305f-3032-653262306136.raw_data.json,UTC-0300,yeLoKu9/uD,com.sec.android.app.shealth,2026-05-18 15:20:00.000,34626435-5f31-305f-3032-653262306136,
2026-05-18 15:21:00.000,,2026-05-18 15:21:00.000,2026-05-18 15:21:00.000,,,1.0,38376637-5f31-305f-6335-653262306136.raw_data.json,UTC-0300,yeLoKu9/uD,com.sec.android.app.shealth,2026-05-18 15:21:00.000,38376637-5f31-305f-6335-653262306136,
2026-05-18 15:23:00.000,,2026-05-18 15:23:00.000,2026-05-18 15:23:00.000,,,2.0,38643935-5f32-305f-3464-653262306136.raw_data.json,UTC-0300,yeLoKu9/uD,com.sec.android.app.shealth,2026-05-18 15:23:00.000,38643935-5f32-305f-3464-653262306136,
2026-05-19 15:08:00.000,,2026-05-19 15:08:00.000,2026-05-19 15:08:00.000,,,2.0,38363834-5f32-305f-3064-633763306136.raw_data.json,UTC-0300,yeLoKu9/uD,com.sec.android.app.shealth,2026-05-19 15:08:00.000,38363834-5f32-305f-3064-633763306136,
2026-05-20 00:05:00.000,,2026-05-20 00:05:00.000,2026-05-20 00:05:00.000,,,1.0,37613635-5f31-305f-6361-616663306136.raw_data.json,UTC-0300,yeLoKu9/uD,com.sec.android.app.shealth,2026-05-20 00:05:00.000,37613635-5f31-305f-6361-616663306136,
2026-05-20 21:47:00.000,,2026-05-20 21:47:00.000,2026-05-20 21:47:00.000,,,1.0,66663762-5f31-305f-3464-623265306136.raw_data.json,UTC-0300,yeLoKu9/uD,com.sec.android.app.shealth,2026-05-20 21:47:00.000,66663762-5f31-305f-3464-623265306136,
2026-05-21 00:32:00.000,,2026-05-21 00:32:00.000,2026-05-21 00:32:00.000,,,2.0,66333464-5f32-305f-3038-323565306136.raw_data.json,UTC-0300,yeLoKu9/uD,com.sec.android.app.shealth,2026-05-21 00:32:00.000,66333464-5f32-305f-3038-323565306136,
2026-05-21 00:33:00.000,,2026-05-21 00:33:00.000,2026-05-21 00:33:00.000,,,1.0,62323561-5f31-305f-6362-323565306136.raw_data.json,UTC-0300,yeLoKu9/uD,com.sec.android.app.shealth,2026-05-21 00:33:00.000,62323561-5f31-305f-6362-323565306136,
2026-05-21 00:42:00.000,,2026-05-21 00:42:00.000,2026-05-21 00:42:00.000,,,1.0,31666162-5f31-305f-3864-343565306136.raw_data.json,UTC-0300,yeLoKu9/uD,com.sec.android.app.shealth,2026-05-21 00:42:00.000,31666162-5f31-305f-3864-343565306136,
2026-05-21 00:52:00.000,,2026-05-21 00:52:00.000,2026-05-21 00:52:00.000,,,1.0,63663134-5f31-305f-3033-373565306136.raw_data.json,UTC-0300,yeLoKu9/uD,com.sec.android.app.shealth,2026-05-21 00:52:00.000,63663134-5f31-305f-3033-373565306136,
2026-05-21 22:20:00.000,,2026-05-21 22:20:00.000,2026-05-21 22:20:00.000,,,1.0,64323466-5f31-305f-3031-353866306136.raw_data.json,UTC-0300,yeLoKu9/uD,com.sec.android.app.shealth,2026-05-21 22:20:00.000,64323466-5f31-305f-3031-353866306136,
2026-05-22 21:34:00.000,,2026-05-22 21:34:00.000,2026-05-22 21:34:00.000,,,1.0,66636338-5f31-305f-3863-626330316136.raw_data.json,UTC-0300,yeLoKu9/uD,com.sec.android.app.shealth,2026-05-22 21:34:00.000,66636338-5f31-305f-3863-626330316136,
2026-05-22 21:38:00.000,,2026-05-22 21:38:00.000,2026-05-22 21:38:00.000,,,1.0,36343666-5f31-305f-3862-636330316136.raw_data.json,UTC-0300,yeLoKu9/uD,com.sec.android.app.shealth,2026-05-22 21:38:00.000,36343666-5f31-305f-3862-636330316136,
2026-05-22 22:11:00.000,,2026-05-22 22:11:00.000,2026-05-22 22:11:00.000,,,1.0,39323133-5f31-305f-3437-346430316136.raw_data.json,UTC-0300,yeLoKu9/uD,com.sec.android.app.shealth,2026-05-22 22:11:00.000,39323133-5f31-305f-3437-346430316136,
2026-05-23 01:12:00.000,,2026-05-23 01:12:00.000,2026-05-23 01:12:00.000,,,2.0,34306235-5f32-305f-3065-656630316136.raw_data.json,UTC-0300,yeLoKu9/uD,com.sec.android.app.shealth,2026-05-23 01:12:00.000,34306235-5f32-305f-3065-656630316136,
2026-05-23 01:18:00.000,,2026-05-23 01:18:00.000,2026-05-23 01:18:00.000,,,1.0,34626435-5f31-305f-3834-303031316136.raw_data.json,UTC-0300,yeLoKu9/uD,com.sec.android.app.shealth,2026-05-23 01:18:00.000,34626435-5f31-305f-3834-303031316136,
2026-05-24 00:48:00.000,,2026-05-24 00:48:00.000,2026-05-24 00:48:00.000,,,1.0,38376637-5f31-305f-3063-613432316136.raw_data.json,UTC-0300,yeLoKu9/uD,com.sec.android.app.shealth,2026-05-24 00:48:00.000,38376637-5f31-305f-3063-613432316136,
2026-05-25 22:58:00.000,,2026-05-25 22:58:00.000,2026-05-25 22:58:00.000,,,1.0,64323466-5f31-305f-3866-336434316136.raw_data.json,UTC-0300,yeLoKu9/uD,com.sec.android.app.shealth,2026-05-25 22:58:00.000,64323466-5f31-305f-3866-336434316136,
2026-05-26 22:25:00.000,,2026-05-26 22:25:00.000,2026-05-26 22:25:00.000,,,2.0,66636338-5f32-305f-6362-643136316136.raw_data.json,UTC-0300,yeLoKu9/uD,com.sec.android.app.shealth,2026-05-26 22:25:00.000,66636338-5f32-305f-6362-643136316136,
2026-05-26 22:27:00.000,,2026-05-26 22:27:00.000,2026-05-26 22:27:00.000,,,1.0,36343666-5f31-305f-3433-653136316136.raw_data.json,UTC-0300,yeLoKu9/uD,com.sec.android.app.shealth,2026-05-26 22:27:00.000,36343666-5f31-305f-3433-653136316136,
2026-05-26 22:33:00.000,,2026-05-26 22:33:00.000,2026-05-26 22:33:00.000,,,1.0,39323133-5f31-305f-6339-663136316136.raw_data.json,UTC-0300,yeLoKu9/uD,com.sec.android.app.shealth,2026-05-26 22:33:00.000,39323133-5f31-305f-6339-663136316136,
2026-05-27 02:01:00.000,,2026-05-27 02:01:00.000,2026-05-27 02:01:00.000,,,2.0,34306235-5f32-305f-6335-303536316136.raw_data.json,UTC-0300,yeLoKu9/uD,com.sec.android.app.shealth,2026-05-27 02:01:00.000,34306235-5f32-305f-6335-303536316136,
2026-05-27 22:12:00.000,,2026-05-27 22:12:00.000,2026-05-27 22:12:00.000,,,1.0,34626435-5f31-305f-3033-633637316136.raw_data.json,UTC-0300,yeLoKu9/uD,com.sec.android.app.shealth,2026-05-27 22:12:00.000,34626435-5f31-305f-3033-633637316136,
2026-05-28 01:53:00.000,,2026-05-28 01:53:00.000,2026-05-28 01:53:00.000,,,1.0,38376637-5f31-305f-6366-663937316136.raw_data.json,UTC-0300,yeLoKu9/uD,com.sec.android.app.shealth,2026-05-28 01:53:00.000,38376637-5f31-305f-6366-663937316136,
2026-05-28 19:14:00.000,,2026-05-28 19:14:00.000,2026-05-28 19:14:00.000,,,1.0,38643935-5f31-305f-3866-333938316136.raw_data.json,UTC-0300,yeLoKu9/uD,com.sec.android.app.shealth,2026-05-28 19:14:00.000,38643935-5f31-305f-3866-333938316136,
2026-05-28 22:25:00.000,,2026-05-28 22:25:00.000,2026-05-28 22:25:00.000,,,1.0,38363834-5f31-305f-6362-306338316136.raw_data.json,UTC-0300,yeLoKu9/uD,com.sec.android.app.shealth,2026-05-28 22:25:00.000,38363834-5f31-305f-6362-306338316136,
2026-05-29 01:45:00.000,,2026-05-29 01:45:00.000,2026-05-29 01:45:00.000,,,1.0,37613635-5f31-305f-6339-666538316136.raw_data.json,UTC-0300,yeLoKu9/uD,com.sec.android.app.shealth,2026-05-29 01:45:00.000,37613635-5f31-305f-6339-666538316136,
2026-05-29 01:46:00.000,,2026-05-29 01:46:00.000,2026-05-29 01:46:00.000,,,1.0,66663762-5f31-305f-3864-666538316136.raw_data.json,UTC-0300,yeLoKu9/uD,com.sec.android.app.shealth,2026-05-29 01:46:00.000,66663762-5f31-305f-3864-666538316136,
2026-05-29 21:38:00.000,,2026-05-29 21:38:00.000,2026-05-29 21:38:00.000,,,1.0,64323466-5f31-305f-3833-373061316136.raw_data.json,UTC-0300,yeLoKu9/uD,com.sec.android.app.shealth,2026-05-29 21:38:00.000,64323466-5f31-305f-3833-373061316136,
2026-05-31 12:49:00.000,,2026-05-31 12:49:00.000,2026-05-31 12:49:00.000,,,1.0,64323466-5f31-305f-6333-653263316136.raw_data.json,UTC-0300,yeLoKu9/uD,com.sec.android.app.shealth,2026-05-31 12:49:00.000,64323466-5f31-305f-6333-653263316136,
2026-05-31 16:05:00.000,,2026-05-31 16:05:00.000,2026-05-31 16:05:00.000,,,1.0,66636338-5f31-305f-6332-633563316136.raw_data.json,UTC-0300,yeLoKu9/uD,com.sec.android.app.shealth,2026-05-31 16:05:00.000,66636338-5f31-305f-6332-633563316136,
2026-06-01 15:42:00.000,,2026-06-01 15:42:00.000,2026-06-01 15:42:00.000,,,1.0,36343666-5f31-305f-3834-386164316136.raw_data.json,UTC-0300,yeLoKu9/uD,com.sec.android.app.shealth,2026-06-01 15:42:00.000,36343666-5f31-305f-3834-386164316136,
2026-06-01 20:23:00.000,,2026-06-01 20:23:00.000,2026-06-01 20:23:00.000,,,1.0,39323133-5f31-305f-3432-616564316136.raw_data.json,UTC-0300,yeLoKu9/uD,com.sec.android.app.shealth,2026-06-01 20:23:00.000,39323133-5f31-305f-3432-616564316136,
2026-06-02 01:59:00.000,,2026-06-02 01:59:00.000,2026-06-02 01:59:00.000,,,1.0,34306235-5f31-305f-3465-383365316136.raw_data.json,UTC-0300,yeLoKu9/uD,com.sec.android.app.shealth,2026-06-02 01:59:00.000,34306235-5f31-305f-3465-383365316136,
2026-06-02 02:06:00.000,,2026-06-02 02:06:00.000,2026-06-02 02:06:00.000,,,2.0,34626435-5f32-305f-3838-613365316136.raw_data.json,UTC-0300,yeLoKu9/uD,com.sec.android.app.shealth,2026-06-02 02:06:00.000,34626435-5f32-305f-3838-613365316136,
2026-06-02 21:33:00.000,,2026-06-02 21:33:00.000,2026-06-02 21:33:00.000,,,1.0,38376637-5f31-305f-6330-633466316136.raw_data.json,UTC-0300,yeLoKu9/uD,com.sec.android.app.shealth,2026-06-02 21:33:00.000,38376637-5f31-305f-6330-633466316136,
2026-06-02 22:06:00.000,,2026-06-02 22:06:00.000,2026-06-02 22:06:00.000,,,1.0,38643935-5f31-305f-3863-333566316136.raw_data.json,UTC-0300,yeLoKu9/uD,com.sec.android.app.shealth,2026-06-02 22:06:00.000,38643935-5f31-305f-3863-333566316136,
2026-06-04 02:09:00.000,,2026-06-04 02:09:00.000,2026-06-04 02:09:00.000,,,1.0,38363834-5f31-305f-6333-656430326136.raw_data.json,UTC-0300,yeLoKu9/uD,com.sec.android.app.shealth,2026-06-04 02:09:00.000,38363834-5f31-305f-6333-656430326136,
2026-06-04 15:22:00.000,,2026-06-04 15:22:00.000,2026-06-04 15:22:00.000,,,1.0,37613635-5f31-305f-3831-383931326136.raw_data.json,UTC-0300,yeLoKu9/uD,com.sec.android.app.shealth,2026-06-04 15:22:00.000,37613635-5f31-305f-3831-383931326136,
2026-06-04 15:23:00.000,,2026-06-04 15:23:00.000,2026-06-04 15:23:00.000,,,1.0,66663762-5f31-305f-3435-383931326136.raw_data.json,UTC-0300,yeLoKu9/uD,com.sec.android.app.shealth,2026-06-04 15:23:00.000,66663762-5f31-305f-3435-383931326136,
2026-06-04 15:24:00.000,,2026-06-04 15:24:00.000,2026-06-04 15:24:00.000,,,2.0,66333464-5f32-305f-3039-383931326136.raw_data.json,UTC-0300,yeLoKu9/uD,com.sec.android.app.shealth,2026-06-04 15:24:00.000,66333464-5f32-305f-3039-383931326136,
2026-06-04 21:18:00.000,,2026-06-04 21:18:00.000,2026-06-04 21:18:00.000,,,1.0,62323561-5f31-305f-3838-626531326136.raw_data.json,UTC-0300,yeLoKu9/uD,com.sec.android.app.shealth,2026-06-04 21:18:00.000,62323561-5f31-305f-3838-626531326136,
2026-06-05 14:24:00.000,,2026-06-05 14:24:00.000,2026-06-05 14:24:00.000,,,1.0,31666162-5f31-305f-3030-636432326136.raw_data.json,UTC-0300,yeLoKu9/uD,com.sec.android.app.shealth,2026-06-05 14:24:00.000,31666162-5f31-305f-3030-636432326136,
2026-06-05 14:30:00.000,,2026-06-05 14:30:00.000,2026-06-05 14:30:00.000,,,1.0,63663134-5f31-305f-3836-646432326136.raw_data.json,UTC-0300,yeLoKu9/uD,com.sec.android.app.shealth,2026-06-05 14:30:00.000,63663134-5f31-305f-3836-646432326136,
2026-06-06 20:23:00.000,,2026-06-06 20:23:00.000,2026-06-06 20:23:00.000,,,1.0,39646636-5f31-305f-3461-313834326136.raw_data.json,UTC-0300,yeLoKu9/uD,com.sec.android.app.shealth,2026-06-06 20:23:00.000,39646636-5f31-305f-3461-313834326136,
2026-06-06 22:46:00.000,,2026-06-06 22:46:00.000,2026-06-06 22:46:00.000,,,1.0,61376632-5f31-305f-3832-336134326136.raw_data.json,UTC-0300,yeLoKu9/uD,com.sec.android.app.shealth,2026-06-06 22:46:00.000,61376632-5f31-305f-3832-336134326136,
2026-06-09 21:36:00.000,,2026-06-09 21:36:00.000,2026-06-09 21:36:00.000,,,1.0,64323466-5f31-305f-3034-373838326136.raw_data.json,UTC-0300,yeLoKu9/uD,com.sec.android.app.shealth,2026-06-09 21:36:00.000,64323466-5f31-305f-3034-373838326136,
2026-06-09 23:44:00.000,,2026-06-09 23:44:00.000,2026-06-09 23:44:00.000,,,1.0,66636338-5f31-305f-3034-356138326136.raw_data.json,UTC-0300,yeLoKu9/uD,com.sec.android.app.shealth,2026-06-09 23:44:00.000,66636338-5f31-305f-3034-356138326136,
2026-06-10 13:04:00.000,,2026-06-10 13:04:00.000,2026-06-10 13:04:00.000,,,1.0,36343666-5f31-305f-3063-303639326136.raw_data.json,UTC-0300,yeLoKu9/uD,com.sec.android.app.shealth,2026-06-10 13:04:00.000,36343666-5f31-305f-3063-303639326136,
2026-06-10 13:13:00.000,,2026-06-10 13:13:00.000,2026-06-10 13:13:00.000,,,1.0,39323133-5f31-305f-6364-323639326136.raw_data.json,UTC-0300,yeLoKu9/uD,com.sec.android.app.shealth,2026-06-10 13:13:00.000,39323133-5f31-305f-6364-323639326136,
2026-06-10 22:25:00.000,,2026-06-10 22:25:00.000,2026-06-10 22:25:00.000,,,1.0,34306235-5f31-305f-6333-346539326136.raw_data.json,UTC-0300,yeLoKu9/uD,com.sec.android.app.shealth,2026-06-10 22:25:00.000,34306235-5f31-305f-6333-346539326136,
2026-06-10 22:58:00.000,,2026-06-10 22:58:00.000,2026-06-10 22:58:00.000,,,1.0,34626435-5f31-305f-3866-626539326136.raw_data.json,UTC-0300,yeLoKu9/uD,com.sec.android.app.shealth,2026-06-10 22:58:00.000,34626435-5f31-305f-3866-626539326136,
2026-06-11 00:31:00.000,,2026-06-11 00:31:00.000,2026-06-11 00:31:00.000,,,1.0,38376637-5f31-305f-3463-313061326136.raw_data.json,UTC-0300,yeLoKu9/uD,com.sec.android.app.shealth,2026-06-11 00:31:00.000,38376637-5f31-305f-3463-313061326136,
2026-06-11 21:36:00.000,,2026-06-11 21:36:00.000,2026-06-11 21:36:00.000,,,1.0,64323466-5f31-305f-3034-613262326136.raw_data.json,UTC-0300,yeLoKu9/uD,com.sec.android.app.shealth,2026-06-11 21:36:00.000,64323466-5f31-305f-3034-613262326136,
2026-06-11 21:37:00.000,,2026-06-11 21:37:00.000,2026-06-11 21:37:00.000,,,1.0,66636338-5f31-305f-6337-613262326136.raw_data.json,UTC-0300,yeLoKu9/uD,com.sec.android.app.shealth,2026-06-11 21:37:00.000,66636338-5f31-305f-6337-613262326136,
2026-06-11 22:00:00.000,,2026-06-11 22:00:00.000,2026-06-11 22:00:00.000,,,1.0,36343666-5f31-305f-3065-663262326136.raw_data.json,UTC-0300,yeLoKu9/uD,com.sec.android.app.shealth,2026-06-11 22:00:00.000,36343666-5f31-305f-3065-663262326136,
2026-06-12 21:47:00.000,,2026-06-12 21:47:00.000,2026-06-12 21:47:00.000,,,1.0,64323466-5f31-305f-3435-653763326136.raw_data.json,UTC-0300,yeLoKu9/uD,com.sec.android.app.shealth,2026-06-12 21:47:00.000,64323466-5f31-305f-3435-653763326136,
2026-06-13 00:33:00.000,,2026-06-13 00:33:00.000,2026-06-13 00:33:00.000,,,1.0,66636338-5f31-305f-6333-356163326136.raw_data.json,UTC-0300,yeLoKu9/uD,com.sec.android.app.shealth,2026-06-13 00:33:00.000,66636338-5f31-305f-6333-356163326136,
2026-06-13 12:29:00.000,,2026-06-13 12:29:00.000,2026-06-13 12:29:00.000,,,2.0,36343666-5f32-305f-6330-643464326136.raw_data.json,UTC-0300,yeLoKu9/uD,com.sec.android.app.shealth,2026-06-13 12:29:00.000,36343666-5f32-305f-6330-643464326136,
2026-06-13 12:40:00.000,,2026-06-13 12:40:00.000,2026-06-13 12:40:00.000,,,1.0,39323133-5f31-305f-3061-663464326136.raw_data.json,UTC-0300,yeLoKu9/uD,com.sec.android.app.shealth,2026-06-13 12:40:00.000,39323133-5f31-305f-3061-663464326136,
2026-06-13 13:20:00.000,,2026-06-13 13:20:00.000,2026-06-13 13:20:00.000,,,1.0,34306235-5f31-305f-3030-393564326136.raw_data.json,UTC-0300,yeLoKu9/uD,com.sec.android.app.shealth,2026-06-13 13:20:00.000,34306235-5f31-305f-3030-393564326136,
2026-06-16 21:45:00.000,,2026-06-16 21:45:00.000,2026-06-16 21:45:00.000,,,1.0,34626435-5f31-305f-6364-336331336136.raw_data.json,UTC-0300,yeLoKu9/uD,com.sec.android.app.shealth,2026-06-16 21:45:00.000,34626435-5f31-305f-6364-336331336136,
2026-06-16 21:47:00.000,,2026-06-16 21:47:00.000,2026-06-16 21:47:00.000,,,1.0,38376637-5f31-305f-3435-346331336136.raw_data.json,UTC-0300,yeLoKu9/uD,com.sec.android.app.shealth,2026-06-16 21:47:00.000,38376637-5f31-305f-3435-346331336136,
2026-06-17 00:01:00.000,,2026-06-17 00:01:00.000,2026-06-17 00:01:00.000,,,1.0,38643935-5f31-305f-6362-336531336136.raw_data.json,UTC-0300,yeLoKu9/uD,com.sec.android.app.shealth,2026-06-17 00:01:00.000,38643935-5f31-305f-6362-336531336136,
2026-06-17 16:33:00.000,,2026-06-17 16:33:00.000,2026-06-17 16:33:00.000,,,1.0,38363834-5f31-305f-6333-636332336136.raw_data.json,UTC-0300,yeLoKu9/uD,com.sec.android.app.shealth,2026-06-17 16:33:00.000,38363834-5f31-305f-6333-636332336136,
2026-06-18 15:23:00.000,,2026-06-18 15:23:00.000,2026-06-18 15:23:00.000,,,1.0,37613635-5f31-305f-3435-643034336136.raw_data.json,UTC-0300,yeLoKu9/uD,com.sec.android.app.shealth,2026-06-18 15:23:00.000,37613635-5f31-305f-3435-643034336136,
2026-06-19 18:33:00.000,,2026-06-19 18:33:00.000,2026-06-19 18:33:00.000,,,1.0,66663762-5f31-305f-6335-623835336136.raw_data.json,UTC-0300,yeLoKu9/uD,com.sec.android.app.shealth,2026-06-19 18:33:00.000,66663762-5f31-305f-6335-623835336136,
2026-06-19 19:05:00.000,,2026-06-19 19:05:00.000,2026-06-19 19:05:00.000,,,2.0,66333464-5f32-305f-6364-323935336136.raw_data.json,UTC-0300,yeLoKu9/uD,com.sec.android.app.shealth,2026-06-19 19:05:00.000,66333464-5f32-305f-6364-323935336136,
2026-06-19 19:07:00.000,,2026-06-19 19:07:00.000,2026-06-19 19:07:00.000,,,2.0,62323561-5f32-305f-3435-333935336136.raw_data.json,UTC-0300,yeLoKu9/uD,com.sec.android.app.shealth,2026-06-19 19:07:00.000,62323561-5f32-305f-3435-333935336136,
2026-06-19 19:09:00.000,,2026-06-19 19:09:00.000,2026-06-19 19:09:00.000,,,1.0,31666162-5f31-305f-6363-333935336136.raw_data.json,UTC-0300,yeLoKu9/uD,com.sec.android.app.shealth,2026-06-19 19:09:00.000,31666162-5f31-305f-6363-333935336136,
2026-06-19 19:10:00.000,,2026-06-19 19:10:00.000,2026-06-19 19:10:00.000,,,1.0,63663134-5f31-305f-3830-343935336136.raw_data.json,UTC-0300,yeLoKu9/uD,com.sec.android.app.shealth,2026-06-19 19:10:00.000,63663134-5f31-305f-3830-343935336136,
2026-06-20 13:38:00.000,,2026-06-20 13:38:00.000,2026-06-20 13:38:00.000,,,1.0,64323466-5f31-305f-3862-373936336136.raw_data.json,UTC-0300,yeLoKu9/uD,com.sec.android.app.shealth,2026-06-20 13:38:00.000,64323466-5f31-305f-3862-373936336136,
2026-06-20 14:28:00.000,,2026-06-20 14:28:00.000,2026-06-20 14:28:00.000,,,1.0,66636338-5f31-305f-3037-336136336136.raw_data.json,UTC-0300,yeLoKu9/uD,com.sec.android.app.shealth,2026-06-20 14:28:00.000,66636338-5f31-305f-3037-336136336136,
2026-06-20 14:29:00.000,,2026-06-20 14:29:00.000,2026-06-20 14:29:00.000,,,1.0,36343666-5f31-305f-6361-336136336136.raw_data.json,UTC-0300,yeLoKu9/uD,com.sec.android.app.shealth,2026-06-20 14:29:00.000,36343666-5f31-305f-6361-336136336136,
2026-06-20 15:36:00.000,,2026-06-20 15:36:00.000,2026-06-20 15:36:00.000,,,1.0,39323133-5f31-305f-3036-336236336136.raw_data.json,UTC-0300,yeLoKu9/uD,com.sec.android.app.shealth,2026-06-20 15:36:00.000,39323133-5f31-305f-3036-336236336136,
2026-06-22 02:04:00.000,,2026-06-22 02:04:00.000,2026-06-22 02:04:00.000,,,1.0,34306235-5f31-305f-3031-383938336136.raw_data.json,UTC-0300,yeLoKu9/uD,com.sec.android.app.shealth,2026-06-22 02:04:00.000,34306235-5f31-305f-3031-383938336136,
2026-06-22 22:53:00.000,,2026-06-22 22:53:00.000,2026-06-22 22:53:00.000,,,1.0,34626435-5f31-305f-6363-636239336136.raw_data.json,UTC-0300,yeLoKu9/uD,com.sec.android.app.shealth,2026-06-22 22:53:00.000,34626435-5f31-305f-6363-636239336136,
2026-06-24 20:30:00.000,,2026-06-24 20:30:00.000,2026-06-24 20:30:00.000,,,4.0,38376637-5f34-305f-3834-653363336136.raw_data.json,UTC-0300,yeLoKu9/uD,com.sec.android.app.shealth,2026-06-24 20:30:00.000,38376637-5f34-305f-3834-653363336136,
2026-06-25 20:45:00.000,,2026-06-25 20:45:00.000,2026-06-25 20:45:00.000,,,1.0,38643935-5f31-305f-6334-333964336136.raw_data.json,UTC-0300,yeLoKu9/uD,com.sec.android.app.shealth,2026-06-25 20:45:00.000,38643935-5f31-305f-6334-333964336136,
2026-06-27 19:53:00.000,,2026-06-27 19:53:00.000,2026-06-27 19:53:00.000,,,1.0,64323466-5f31-305f-6331-613230346136.raw_data.json,UTC-0300,yeLoKu9/uD,com.sec.android.app.shealth,2026-06-27 19:53:00.000,64323466-5f31-305f-6331-613230346136,
2026-06-28 03:52:00.000,,2026-06-28 03:52:00.000,2026-06-28 03:52:00.000,,,1.0,66636338-5f31-305f-3036-613930346136.raw_data.json,UTC-0300,yeLoKu9/uD,com.sec.android.app.shealth,2026-06-28 03:52:00.000,66636338-5f31-305f-3036-613930346136,
2026-06-28 14:30:00.000,,2026-06-28 14:30:00.000,2026-06-28 14:30:00.000,,,1.0,36343666-5f31-305f-3865-663231346136.raw_data.json,UTC-0300,yeLoKu9/uD,com.sec.android.app.shealth,2026-06-28 14:30:00.000,36343666-5f31-305f-3865-663231346136,
2026-06-28 14:53:00.000,,2026-06-28 14:53:00.000,2026-06-28 14:53:00.000,,,1.0,39323133-5f31-305f-6334-353331346136.raw_data.json,UTC-0300,yeLoKu9/uD,com.sec.android.app.shealth,2026-06-28 14:53:00.000,39323133-5f31-305f-6334-353331346136,
2026-06-28 15:51:00.000,,2026-06-28 15:51:00.000,2026-06-28 15:51:00.000,,,1.0,34306235-5f31-305f-3465-323431346136.raw_data.json,UTC-0300,yeLoKu9/uD,com.sec.android.app.shealth,2026-06-28 15:51:00.000,34306235-5f31-305f-3465-323431346136,
2026-06-29 19:12:00.000,,2026-06-29 19:12:00.000,2026-06-29 19:12:00.000,,,1.0,34626435-5f31-305f-3038-336332346136.raw_data.json,UTC-0300,yeLoKu9/uD,com.sec.android.app.shealth,2026-06-29 19:12:00.000,34626435-5f31-305f-3038-336332346136,
2026-07-01 19:09:00.000,,2026-07-01 19:09:00.000,2026-07-01 19:09:00.000,,,1.0,64323466-5f31-305f-6363-353635346136.raw_data.json,UTC-0300,yeLoKu9/uD,com.sec.android.app.shealth,2026-07-01 19:09:00.000,64323466-5f31-305f-6363-353635346136,
2026-07-02 12:39:00.000,,2026-07-02 12:39:00.000,2026-07-02 12:39:00.000,,,1.0,66636338-5f31-305f-3465-623536346136.raw_data.json,UTC-0300,yeLoKu9/uD,com.sec.android.app.shealth,2026-07-02 12:39:00.000,66636338-5f31-305f-3465-623536346136,
2026-07-02 21:06:00.000,,2026-07-02 21:06:00.000,2026-07-02 21:06:00.000,,,1.0,36343666-5f31-305f-3862-326436346136.raw_data.json,UTC-0300,yeLoKu9/uD,com.sec.android.app.shealth,2026-07-02 21:06:00.000,36343666-5f31-305f-3862-326436346136,
2026-07-03 10:31:00.000,,2026-07-03 10:31:00.000,2026-07-03 10:31:00.000,,,1.0,39323133-5f31-305f-3436-663837346136.raw_data.json,UTC-0300,yeLoKu9/uD,com.sec.android.app.shealth,2026-07-03 10:31:00.000,39323133-5f31-305f-3436-663837346136,
2026-07-03 22:25:00.000,,2026-07-03 22:25:00.000,2026-07-03 22:25:00.000,,,1.0,34306235-5f31-305f-6362-363338346136.raw_data.json,UTC-0300,yeLoKu9/uD,com.sec.android.app.shealth,2026-07-03 22:25:00.000,34306235-5f31-305f-6362-363338346136,
2026-07-03 22:34:00.000,,2026-07-03 22:34:00.000,2026-07-03 22:34:00.000,,,2.0,34626435-5f32-305f-3864-383338346136.raw_data.json,UTC-0300,yeLoKu9/uD,com.sec.android.app.shealth,2026-07-03 22:34:00.000,34626435-5f32-305f-3864-383338346136,
2026-07-03 22:46:00.000,,2026-07-03 22:46:00.000,2026-07-03 22:46:00.000,,,1.0,38376637-5f31-305f-3861-623338346136.raw_data.json,UTC-0300,yeLoKu9/uD,com.sec.android.app.shealth,2026-07-03 22:46:00.000,38376637-5f31-305f-3861-623338346136,
2026-07-03 23:04:00.000,,2026-07-03 23:04:00.000,2026-07-03 23:04:00.000,,,1.0,38643935-5f31-305f-3065-663338346136.raw_data.json,UTC-0300,yeLoKu9/uD,com.sec.android.app.shealth,2026-07-03 23:04:00.000,38643935-5f31-305f-3065-663338346136,
2026-07-03 23:33:00.000,,2026-07-03 23:33:00.000,2026-07-03 23:33:00.000,,,1.0,38363834-5f31-305f-6361-363438346136.raw_data.json,UTC-0300,yeLoKu9/uD,com.sec.android.app.shealth,2026-07-03 23:33:00.000,38363834-5f31-305f-6361-363438346136,
2026-07-04 00:47:00.000,,2026-07-04 00:47:00.000,2026-07-04 00:47:00.000,,,3.0,37613635-5f33-305f-3430-383538346136.raw_data.json,UTC-0300,yeLoKu9/uD,com.sec.android.app.shealth,2026-07-04 00:47:00.000,37613635-5f33-305f-3430-383538346136,
2026-07-04 03:45:00.000,,2026-07-04 03:45:00.000,2026-07-04 03:45:00.000,,,1.0,66663762-5f31-305f-6362-313838346136.raw_data.json,UTC-0300,yeLoKu9/uD,com.sec.android.app.shealth,2026-07-04 03:45:00.000,66663762-5f31-305f-6362-313838346136,
2026-07-04 03:52:00.000,,2026-07-04 03:52:00.000,2026-07-04 03:52:00.000,,,1.0,66333464-5f31-305f-3036-333838346136.raw_data.json,UTC-0300,yeLoKu9/uD,com.sec.android.app.shealth,2026-07-04 03:52:00.000,66333464-5f31-305f-3036-333838346136,
2026-07-04 08:09:00.000,,2026-07-04 08:09:00.000,2026-07-04 08:09:00.000,,,2.0,62323561-5f32-305f-6339-666238346136.raw_data.json,UTC-0300,yeLoKu9/uD,com.sec.android.app.shealth,2026-07-04 08:09:00.000,62323561-5f32-305f-6339-666238346136,
2026-07-04 09:21:00.000,,2026-07-04 09:21:00.000,2026-07-04 09:21:00.000,,,5.0,31666162-5f35-305f-6337-306438346136.raw_data.json,UTC-0300,yeLoKu9/uD,com.sec.android.app.shealth,2026-07-04 09:21:00.000,31666162-5f35-305f-6337-306438346136,
2026-07-04 09:36:00.000,,2026-07-04 09:36:00.000,2026-07-04 09:36:00.000,,,1.0,63663134-5f31-305f-3030-346438346136.raw_data.json,UTC-0300,yeLoKu9/uD,com.sec.android.app.shealth,2026-07-04 09:36:00.000,63663134-5f31-305f-3030-346438346136,
2026-07-04 10:38:00.000,,2026-07-04 10:38:00.000,2026-07-04 10:38:00.000,,,1.0,39646636-5f31-305f-3838-326538346136.raw_data.json,UTC-0300,yeLoKu9/uD,com.sec.android.app.shealth,2026-07-04 10:38:00.000,39646636-5f31-305f-3838-326538346136,
2026-07-04 10:42:00.000,,2026-07-04 10:42:00.000,2026-07-04 10:42:00.000,,,1.0,61376632-5f31-305f-3837-336538346136.raw_data.json,UTC-0300,yeLoKu9/uD,com.sec.android.app.shealth,2026-07-04 10:42:00.000,61376632-5f31-305f-3837-336538346136,
2026-07-04 10:53:00.000,,2026-07-04 10:53:00.000,2026-07-04 10:53:00.000,,,1.0,36393730-5f31-305f-6330-366538346136.raw_data.json,UTC-0300,yeLoKu9/uD,com.sec.android.app.shealth,2026-07-04 10:53:00.000,36393730-5f31-305f-6330-366538346136,
2026-07-04 10:54:00.000,,2026-07-04 10:54:00.000,2026-07-04 10:54:00.000,,,1.0,39306535-5f31-305f-3834-366538346136.raw_data.json,UTC-0300,yeLoKu9/uD,com.sec.android.app.shealth,2026-07-04 10:54:00.000,39306535-5f31-305f-3834-366538346136,
2026-07-04 10:55:00.000,,2026-07-04 10:55:00.000,2026-07-04 10:55:00.000,,,1.0,63323037-5f31-305f-3438-366538346136.raw_data.json,UTC-0300,yeLoKu9/uD,com.sec.android.app.shealth,2026-07-04 10:55:00.000,63323037-5f31-305f-3438-366538346136,
2026-07-04 11:00:00.000,,2026-07-04 11:00:00.000,2026-07-04 11:00:00.000,,,1.0,35616332-5f31-305f-3062-376538346136.raw_data.json,UTC-0300,yeLoKu9/uD,com.sec.android.app.shealth,2026-07-04 11:00:00.000,35616332-5f31-305f-3062-376538346136,
2026-07-04 11:21:00.000,,2026-07-04 11:21:00.000,2026-07-04 11:21:00.000,,,1.0,37353134-5f31-305f-6339-636538346136.raw_data.json,UTC-0300,yeLoKu9/uD,com.sec.android.app.shealth,2026-07-04 11:21:00.000,37353134-5f31-305f-6339-636538346136,
2026-07-04 11:23:00.000,,2026-07-04 11:23:00.000,2026-07-04 11:23:00.000,,,1.0,34376664-5f31-305f-3431-646538346136.raw_data.json,UTC-0300,yeLoKu9/uD,com.sec.android.app.shealth,2026-07-04 11:23:00.000,34376664-5f31-305f-3431-646538346136,
2026-07-04 12:03:00.000,,2026-07-04 12:03:00.000,2026-07-04 12:03:00.000,,,1.0,34363330-5f31-305f-3437-366638346136.raw_data.json,UTC-0300,yeLoKu9/uD,com.sec.android.app.shealth,2026-07-04 12:03:00.000,34363330-5f31-305f-3437-366638346136,
2026-07-04 12:37:00.000,,2026-07-04 12:37:00.000,2026-07-04 12:37:00.000,,,1.0,34636333-5f31-305f-6336-656638346136.raw_data.json,UTC-0300,yeLoKu9/uD,com.sec.android.app.shealth,2026-07-04 12:37:00.000,34636333-5f31-305f-6336-656638346136,
2026-07-04 12:59:00.000,,2026-07-04 12:59:00.000,2026-07-04 12:59:00.000,,,1.0,66616635-5f31-305f-3439-333039346136.raw_data.json,UTC-0300,yeLoKu9/uD,com.sec.android.app.shealth,2026-07-04 12:59:00.000,66616635-5f31-305f-3439-333039346136,
2026-07-04 13:07:00.000,,2026-07-04 13:07:00.000,2026-07-04 13:07:00.000,,,1.0,35313162-5f31-305f-3437-353039346136.raw_data.json,UTC-0300,yeLoKu9/uD,com.sec.android.app.shealth,2026-07-04 13:07:00.000,35313162-5f31-305f-3437-353039346136,
2026-07-04 13:52:00.000,,2026-07-04 13:52:00.000,2026-07-04 13:52:00.000,,,1.0,38323638-5f31-305f-3030-303139346136.raw_data.json,UTC-0300,yeLoKu9/uD,com.sec.android.app.shealth,2026-07-04 13:52:00.000,38323638-5f31-305f-3030-303139346136,
2026-07-04 14:09:00.000,,2026-07-04 14:09:00.000,2026-07-04 14:09:00.000,,,2.0,34616662-5f32-305f-6366-333139346136.raw_data.json,UTC-0300,yeLoKu9/uD,com.sec.android.app.shealth,2026-07-04 14:09:00.000,34616662-5f32-305f-6366-333139346136,
2026-07-04 14:42:00.000,,2026-07-04 14:42:00.000,2026-07-04 14:42:00.000,,,1.0,39653035-5f31-305f-3862-623139346136.raw_data.json,UTC-0300,yeLoKu9/uD,com.sec.android.app.shealth,2026-07-04 14:42:00.000,39653035-5f31-305f-3862-623139346136,
2026-07-04 14:53:00.000,,2026-07-04 14:53:00.000,2026-07-04 14:53:00.000,,,1.0,37353631-5f31-305f-6334-653139346136.raw_data.json,UTC-0300,yeLoKu9/uD,com.sec.android.app.shealth,2026-07-04 14:53:00.000,37353631-5f31-305f-6334-653139346136,
2026-07-04 15:47:00.000,,2026-07-04 15:47:00.000,2026-07-04 15:47:00.000,,,1.0,62646632-5f31-305f-3466-613239346136.raw_data.json,UTC-0300,yeLoKu9/uD,com.sec.android.app.shealth,2026-07-04 15:47:00.000,62646632-5f31-305f-3466-613239346136,
2026-07-04 17:23:00.000,,2026-07-04 17:23:00.000,2026-07-04 17:23:00.000,,,1.0,65353236-5f31-305f-3437-313439346136.raw_data.json,UTC-0300,yeLoKu9/uD,com.sec.android.app.shealth,2026-07-04 17:23:00.000,65353236-5f31-305f-3437-313439346136,
2026-07-04 20:42:00.000,,2026-07-04 20:42:00.000,2026-07-04 20:42:00.000,,,2.0,30323035-5f32-305f-3831-303739346136.raw_data.json,UTC-0300,yeLoKu9/uD,com.sec.android.app.shealth,2026-07-04 20:42:00.000,30323035-5f32-305f-3831-303739346136,
2026-07-04 23:23:00.000,,2026-07-04 23:23:00.000,2026-07-04 23:23:00.000,,,1.0,62663435-5f31-305f-3464-353939346136.raw_data.json,UTC-0300,yeLoKu9/uD,com.sec.android.app.shealth,2026-07-04 23:23:00.000,62663435-5f31-305f-3464-353939346136,
2026-07-04 23:29:00.000,,2026-07-04 23:29:00.000,2026-07-04 23:29:00.000,,,5.0,38333063-5f35-305f-6333-373939346136.raw_data.json,UTC-0300,yeLoKu9/uD,com.sec.android.app.shealth,2026-07-04 23:29:00.000,38333063-5f35-305f-6333-373939346136,
2026-07-04 23:47:00.000,,2026-07-04 23:47:00.000,2026-07-04 23:47:00.000,,,2.0,38613564-5f32-305f-3437-623939346136.raw_data.json,UTC-0300,yeLoKu9/uD,com.sec.android.app.shealth,2026-07-04 23:47:00.000,38613564-5f32-305f-3437-623939346136,
2026-07-05 02:30:00.000,,2026-07-05 02:30:00.000,2026-07-05 02:30:00.000,,,6.0,65343030-5f36-305f-3861-316339346136.raw_data.json,UTC-0300,yeLoKu9/uD,com.sec.android.app.shealth,2026-07-05 02:30:00.000,65343030-5f36-305f-3861-316339346136,
2026-07-05 23:59:00.000,,2026-07-05 23:59:00.000,2026-07-05 23:59:00.000,,,1.0,36613738-5f31-305f-3463-666561346136.raw_data.json,UTC-0300,yeLoKu9/uD,com.sec.android.app.shealth,2026-07-05 23:59:00.000,36613738-5f31-305f-3463-666561346136,
2026-07-06 00:00:00.000,,2026-07-06 00:00:00.000,2026-07-06 00:00:00.000,,,1.0,34313763-5f31-305f-3030-306661346136.raw_data.json,UTC-0300,yeLoKu9/uD,com.sec.android.app.shealth,2026-07-06 00:00:00.000,34313763-5f31-305f-3030-306661346136,
2026-07-06 13:14:00.000,,2026-07-06 13:14:00.000,2026-07-06 13:14:00.000,,,1.0,64323466-5f31-305f-3831-616162346136.raw_data.json,UTC-0300,yeLoKu9/uD,com.sec.android.app.shealth,2026-07-06 13:14:00.000,64323466-5f31-305f-3831-616162346136,
2026-07-06 14:10:00.000,,2026-07-06 14:10:00.000,2026-07-06 14:10:00.000,,,2.0,66636338-5f32-305f-3833-376262346136.raw_data.json,UTC-0300,yeLoKu9/uD,com.sec.android.app.shealth,2026-07-06 14:10:00.000,66636338-5f32-305f-3833-376262346136,
2026-07-06 14:41:00.000,,2026-07-06 14:41:00.000,2026-07-06 14:41:00.000,,,1.0,36343666-5f31-305f-6337-656262346136.raw_data.json,UTC-0300,yeLoKu9/uD,com.sec.android.app.shealth,2026-07-06 14:41:00.000,36343666-5f31-305f-6337-656262346136,
2026-07-06 14:42:00.000,,2026-07-06 14:42:00.000,2026-07-06 14:42:00.000,,,1.0,39323133-5f31-305f-3862-656262346136.raw_data.json,UTC-0300,yeLoKu9/uD,com.sec.android.app.shealth,2026-07-06 14:42:00.000,39323133-5f31-305f-3862-656262346136,
2026-07-06 14:46:00.000,,2026-07-06 14:46:00.000,2026-07-06 14:46:00.000,,,3.0,34306235-5f33-305f-3861-666262346136.raw_data.json,UTC-0300,yeLoKu9/uD,com.sec.android.app.shealth,2026-07-06 14:46:00.000,34306235-5f33-305f-3861-666262346136,
2026-07-06 14:47:00.000,,2026-07-06 14:47:00.000,2026-07-06 14:47:00.000,,,3.0,34626435-5f33-305f-3465-666262346136.raw_data.json,UTC-0300,yeLoKu9/uD,com.sec.android.app.shealth,2026-07-06 14:47:00.000,34626435-5f33-305f-3465-666262346136,
2026-07-06 16:41:00.000,,2026-07-06 16:41:00.000,2026-07-06 16:41:00.000,,,1.0,38376637-5f31-305f-6339-616462346136.raw_data.json,UTC-0300,yeLoKu9/uD,com.sec.android.app.shealth,2026-07-06 16:41:00.000,38376637-5f31-305f-6339-616462346136,
2026-07-06 16:47:00.000,,2026-07-06 16:47:00.000,2026-07-06 16:47:00.000,,,2.0,38643935-5f32-305f-3430-636462346136.raw_data.json,UTC-0300,yeLoKu9/uD,com.sec.android.app.shealth,2026-07-06 16:47:00.000,38643935-5f32-305f-3430-636462346136,
2026-07-06 18:10:00.000,,2026-07-06 18:10:00.000,2026-07-06 18:10:00.000,,,1.0,38363834-5f31-305f-3837-666562346136.raw_data.json,UTC-0300,yeLoKu9/uD,com.sec.android.app.shealth,2026-07-06 18:10:00.000,38363834-5f31-305f-3837-666562346136,
2026-07-06 18:23:00.000,,2026-07-06 18:23:00.000,2026-07-06 18:23:00.000,,,3.0,37613635-5f33-305f-3438-326662346136.raw_data.json,UTC-0300,yeLoKu9/uD,com.sec.android.app.shealth,2026-07-06 18:23:00.000,37613635-5f33-305f-3438-326662346136,
2026-07-06 18:31:00.000,,2026-07-06 18:31:00.000,2026-07-06 18:31:00.000,,,1.0,66663762-5f31-305f-3436-346662346136.raw_data.json,UTC-0300,yeLoKu9/uD,com.sec.android.app.shealth,2026-07-06 18:31:00.000,66663762-5f31-305f-3436-346662346136,
2026-07-06 18:34:00.000,,2026-07-06 18:34:00.000,2026-07-06 18:34:00.000,,,2.0,66333464-5f32-305f-3831-356662346136.raw_data.json,UTC-0300,yeLoKu9/uD,com.sec.android.app.shealth,2026-07-06 18:34:00.000,66333464-5f32-305f-3831-356662346136,
2026-07-08 11:47:00.000,,2026-07-08 11:47:00.000,2026-07-08 11:47:00.000,,,1.0,62323561-5f31-305f-3462-383365346136.raw_data.json,UTC-0300,yeLoKu9/uD,com.sec.android.app.shealth,2026-07-08 11:47:00.000,62323561-5f31-305f-3462-383365346136,
2026-07-08 19:04:00.000,,2026-07-08 19:04:00.000,2026-07-08 19:04:00.000,,,1.0,31666162-5f31-305f-3032-663965346136.raw_data.json,UTC-0300,yeLoKu9/uD,com.sec.android.app.shealth,2026-07-08 19:04:00.000,31666162-5f31-305f-3032-663965346136,
2026-07-08 19:06:00.000,,2026-07-08 19:06:00.000,2026-07-08 19:06:00.000,,,1.0,63663134-5f31-305f-3839-663965346136.raw_data.json,UTC-0300,yeLoKu9/uD,com.sec.android.app.shealth,2026-07-08 19:06:00.000,63663134-5f31-305f-3839-663965346136,
2026-07-09 13:12:00.000,,2026-07-09 13:12:00.000,2026-07-09 13:12:00.000,,,1.0,39646636-5f31-305f-3032-653966346136.raw_data.json,UTC-0300,yeLoKu9/uD,com.sec.android.app.shealth,2026-07-09 13:12:00.000,39646636-5f31-305f-3032-653966346136,
2026-07-09 23:26:00.000,,2026-07-09 23:26:00.000,2026-07-09 23:26:00.000,,,1.0,61376632-5f31-305f-3830-653230356136.raw_data.json,UTC-0300,yeLoKu9/uD,com.sec.android.app.shealth,2026-07-09 23:26:00.000,61376632-5f31-305f-3830-653230356136,
2026-07-09 23:30:00.000,,2026-07-09 23:30:00.000,2026-07-09 23:30:00.000,,,2.0,36393730-5f32-305f-3866-653230356136.raw_data.json,UTC-0300,yeLoKu9/uD,com.sec.android.app.shealth,2026-07-09 23:30:00.000,36393730-5f32-305f-3866-653230356136,
2026-07-09 23:31:00.000,,2026-07-09 23:31:00.000,2026-07-09 23:31:00.000,,,1.0,39306535-5f31-305f-3433-663230356136.raw_data.json,UTC-0300,yeLoKu9/uD,com.sec.android.app.shealth,2026-07-09 23:31:00.000,39306535-5f31-305f-3433-663230356136,
2026-07-09 23:36:00.000,,2026-07-09 23:36:00.000,2026-07-09 23:36:00.000,,,1.0,63323037-5f31-305f-3036-303330356136.raw_data.json,UTC-0300,yeLoKu9/uD,com.sec.android.app.shealth,2026-07-09 23:36:00.000,63323037-5f31-305f-3036-303330356136,
2026-07-09 23:40:00.000,,2026-07-09 23:40:00.000,2026-07-09 23:40:00.000,,,2.0,35616332-5f32-305f-3035-313330356136.raw_data.json,UTC-0300,yeLoKu9/uD,com.sec.android.app.shealth,2026-07-09 23:40:00.000,35616332-5f32-305f-3035-313330356136,
2026-07-09 23:50:00.000,,2026-07-09 23:50:00.000,2026-07-09 23:50:00.000,,,2.0,37353134-5f32-305f-3861-333330356136.raw_data.json,UTC-0300,yeLoKu9/uD,com.sec.android.app.shealth,2026-07-09 23:50:00.000,37353134-5f32-305f-3861-333330356136,
2026-07-09 23:51:00.000,,2026-07-09 23:51:00.000,2026-07-09 23:51:00.000,,,3.0,34376664-5f33-305f-3465-333330356136.raw_data.json,UTC-0300,yeLoKu9/uD,com.sec.android.app.shealth,2026-07-09 23:51:00.000,34376664-5f33-305f-3465-333330356136,
2026-07-09 23:55:00.000,,2026-07-09 23:55:00.000,2026-07-09 23:55:00.000,,,7.0,34363330-5f37-305f-3464-343330356136.raw_data.json,UTC-0300,yeLoKu9/uD,com.sec.android.app.shealth,2026-07-09 23:55:00.000,34363330-5f37-305f-3464-343330356136,
2026-07-09 23:58:00.000,,2026-07-09 23:58:00.000,2026-07-09 23:58:00.000,,,4.0,34636333-5f34-305f-3838-353330356136.raw_data.json,UTC-0300,yeLoKu9/uD,com.sec.android.app.shealth,2026-07-09 23:58:00.000,34636333-5f34-305f-3838-353330356136,
2026-07-10 00:02:00.000,,2026-07-10 00:02:00.000,2026-07-10 00:02:00.000,,,1.0,66616635-5f31-305f-3837-363330356136.raw_data.json,UTC-0300,yeLoKu9/uD,com.sec.android.app.shealth,2026-07-10 00:02:00.000,66616635-5f31-305f-3837-363330356136,
2026-07-10 05:45:00.000,,2026-07-10 05:45:00.000,2026-07-10 05:45:00.000,,,1.0,35313162-5f31-305f-6364-363830356136.raw_data.json,UTC-0300,yeLoKu9/uD,com.sec.android.app.shealth,2026-07-10 05:45:00.000,35313162-5f31-305f-6364-363830356136,
2026-07-10 05:46:00.000,,2026-07-10 05:46:00.000,2026-07-10 05:46:00.000,,,2.0,38323638-5f32-305f-3831-373830356136.raw_data.json,UTC-0300,yeLoKu9/uD,com.sec.android.app.shealth,2026-07-10 05:46:00.000,38323638-5f32-305f-3831-373830356136,
2026-07-10 05:49:00.000,,2026-07-10 05:49:00.000,2026-07-10 05:49:00.000,,,1.0,34616662-5f31-305f-6363-373830356136.raw_data.json,UTC-0300,yeLoKu9/uD,com.sec.android.app.shealth,2026-07-10 05:49:00.000,34616662-5f31-305f-6363-373830356136,
2026-07-10 14:08:00.000,,2026-07-10 14:08:00.000,2026-07-10 14:08:00.000,,,2.0,39653035-5f32-305f-3063-636630356136.raw_data.json,UTC-0300,yeLoKu9/uD,com.sec.android.app.shealth,2026-07-10 14:08:00.000,39653035-5f32-305f-3063-636630356136,
2026-07-11 13:15:00.000,,2026-07-11 13:15:00.000,2026-07-11 13:15:00.000,,,1.0,64323466-5f31-305f-3464-313432356136.raw_data.json,UTC-0300,yeLoKu9/uD,com.sec.android.app.shealth,2026-07-11 13:15:00.000,64323466-5f31-305f-3464-313432356136,
2026-07-12 07:11:00.000,,2026-07-12 07:11:00.000,2026-07-12 07:11:00.000,,,5.0,66636338-5f35-305f-3430-653333356136.raw_data.json,UTC-0300,yeLoKu9/uD,com.sec.android.app.shealth,2026-07-12 07:11:00.000,66636338-5f35-305f-3430-653333356136,
2026-07-12 07:15:00.000,,2026-07-12 07:15:00.000,2026-07-12 07:15:00.000,,,6.0,36343666-5f36-305f-3466-653333356136.raw_data.json,UTC-0300,yeLoKu9/uD,com.sec.android.app.shealth,2026-07-12 07:15:00.000,36343666-5f36-305f-3466-653333356136,
2026-07-12 07:27:00.000,,2026-07-12 07:27:00.000,2026-07-12 07:27:00.000,,,2.0,39323133-5f32-305f-3463-313433356136.raw_data.json,UTC-0300,yeLoKu9/uD,com.sec.android.app.shealth,2026-07-12 07:27:00.000,39323133-5f32-305f-3463-313433356136,
2026-07-12 07:46:00.000,,2026-07-12 07:46:00.000,2026-07-12 07:46:00.000,,,6.0,34306235-5f36-305f-3833-363433356136.raw_data.json,UTC-0300,yeLoKu9/uD,com.sec.android.app.shealth,2026-07-12 07:46:00.000,34306235-5f36-305f-3833-363433356136,
2026-07-12 07:57:00.000,,2026-07-12 07:57:00.000,2026-07-12 07:57:00.000,,,6.0,34626435-5f36-305f-6363-383433356136.raw_data.json,UTC-0300,yeLoKu9/uD,com.sec.android.app.shealth,2026-07-12 07:57:00.000,34626435-5f36-305f-6363-383433356136,
2026-07-12 08:27:00.000,,2026-07-12 08:27:00.000,2026-07-12 08:27:00.000,,,1.0,38376637-5f31-305f-3464-663433356136.raw_data.json,UTC-0300,yeLoKu9/uD,com.sec.android.app.shealth,2026-07-12 08:27:00.000,38376637-5f31-305f-3464-663433356136,
2026-07-12 09:21:00.000,,2026-07-12 09:21:00.000,2026-07-12 09:21:00.000,,,3.0,38643935-5f33-305f-6337-633533356136.raw_data.json,UTC-0300,yeLoKu9/uD,com.sec.android.app.shealth,2026-07-12 09:21:00.000,38643935-5f33-305f-6337-633533356136,
2026-07-12 09:35:00.000,,2026-07-12 09:35:00.000,2026-07-12 09:35:00.000,,,2.0,38363834-5f32-305f-3463-663533356136.raw_data.json,UTC-0300,yeLoKu9/uD,com.sec.android.app.shealth,2026-07-12 09:35:00.000,38363834-5f32-305f-3463-663533356136,
2026-07-12 10:00:00.000,,2026-07-12 10:00:00.000,2026-07-12 10:00:00.000,,,6.0,37613635-5f36-305f-3061-353633356136.raw_data.json,UTC-0300,yeLoKu9/uD,com.sec.android.app.shealth,2026-07-12 10:00:00.000,37613635-5f36-305f-3061-353633356136,
2026-07-12 10:11:00.000,,2026-07-12 10:11:00.000,2026-07-12 10:11:00.000,,,2.0,66663762-5f32-305f-3433-383633356136.raw_data.json,UTC-0300,yeLoKu9/uD,com.sec.android.app.shealth,2026-07-12 10:11:00.000,66663762-5f32-305f-3433-383633356136,
2026-07-12 11:01:00.000,,2026-07-12 11:01:00.000,2026-07-12 11:01:00.000,,,4.0,66333464-5f34-305f-6365-333733356136.raw_data.json,UTC-0300,yeLoKu9/uD,com.sec.android.app.shealth,2026-07-12 11:01:00.000,66333464-5f34-305f-6365-333733356136,
2026-07-12 11:15:00.000,,2026-07-12 11:15:00.000,2026-07-12 11:15:00.000,,,3.0,62323561-5f33-305f-3433-373733356136.raw_data.json,UTC-0300,yeLoKu9/uD,com.sec.android.app.shealth,2026-07-12 11:15:00.000,62323561-5f33-305f-3433-373733356136,
2026-07-12 11:23:00.000,,2026-07-12 11:23:00.000,2026-07-12 11:23:00.000,,,7.0,31666162-5f37-305f-3431-393733356136.raw_data.json,UTC-0300,yeLoKu9/uD,com.sec.android.app.shealth,2026-07-12 11:23:00.000,31666162-5f37-305f-3431-393733356136,
2026-07-12 11:32:00.000,,2026-07-12 11:32:00.000,2026-07-12 11:32:00.000,,,6.0,63663134-5f36-305f-3033-623733356136.raw_data.json,UTC-0300,yeLoKu9/uD,com.sec.android.app.shealth,2026-07-12 11:32:00.000,63663134-5f36-305f-3033-623733356136,
2026-07-12 12:00:00.000,,2026-07-12 12:00:00.000,2026-07-12 12:00:00.000,,,3.0,39646636-5f33-305f-3063-313833356136.raw_data.json,UTC-0300,yeLoKu9/uD,com.sec.android.app.shealth,2026-07-12 12:00:00.000,39646636-5f33-305f-3063-313833356136,
2026-07-12 12:22:00.000,,2026-07-12 12:22:00.000,2026-07-12 12:22:00.000,,,4.0,61376632-5f34-305f-3865-363833356136.raw_data.json,UTC-0300,yeLoKu9/uD,com.sec.android.app.shealth,2026-07-12 12:22:00.000,61376632-5f34-305f-3865-363833356136,
2026-07-12 12:39:00.000,,2026-07-12 12:39:00.000,2026-07-12 12:39:00.000,,,2.0,36393730-5f32-305f-3465-613833356136.raw_data.json,UTC-0300,yeLoKu9/uD,com.sec.android.app.shealth,2026-07-12 12:39:00.000,36393730-5f32-305f-3465-613833356136,
2026-07-12 12:51:00.000,,2026-07-12 12:51:00.000,2026-07-12 12:51:00.000,,,2.0,39306535-5f32-305f-3462-643833356136.raw_data.json,UTC-0300,yeLoKu9/uD,com.sec.android.app.shealth,2026-07-12 12:51:00.000,39306535-5f32-305f-3462-643833356136,
2026-07-12 13:03:00.000,,2026-07-12 13:03:00.000,2026-07-12 13:03:00.000,,,2.0,63323037-5f32-305f-3438-303933356136.raw_data.json,UTC-0300,yeLoKu9/uD,com.sec.android.app.shealth,2026-07-12 13:03:00.000,63323037-5f32-305f-3438-303933356136,
2026-07-12 13:05:00.000,,2026-07-12 13:05:00.000,2026-07-12 13:05:00.000,,,1.0,35616332-5f31-305f-6366-303933356136.raw_data.json,UTC-0300,yeLoKu9/uD,com.sec.android.app.shealth,2026-07-12 13:05:00.000,35616332-5f31-305f-6366-303933356136,
2026-07-12 13:13:00.000,,2026-07-12 13:13:00.000,2026-07-12 13:13:00.000,,,5.0,37353134-5f35-305f-6364-323933356136.raw_data.json,UTC-0300,yeLoKu9/uD,com.sec.android.app.shealth,2026-07-12 13:13:00.000,37353134-5f35-305f-6364-323933356136,
2026-07-12 13:20:00.000,,2026-07-12 13:20:00.000,2026-07-12 13:20:00.000,,,5.0,34376664-5f35-305f-3038-343933356136.raw_data.json,UTC-0300,yeLoKu9/uD,com.sec.android.app.shealth,2026-07-12 13:20:00.000,34376664-5f35-305f-3038-343933356136,
2026-07-12 13:32:00.000,,2026-07-12 13:32:00.000,2026-07-12 13:32:00.000,,,5.0,34363330-5f35-305f-3035-373933356136.raw_data.json,UTC-0300,yeLoKu9/uD,com.sec.android.app.shealth,2026-07-12 13:32:00.000,34363330-5f35-305f-3035-373933356136,
2026-07-12 13:44:00.000,,2026-07-12 13:44:00.000,2026-07-12 13:44:00.000,,,3.0,34636333-5f33-305f-3032-613933356136.raw_data.json,UTC-0300,yeLoKu9/uD,com.sec.android.app.shealth,2026-07-12 13:44:00.000,34636333-5f33-305f-3032-613933356136,
2026-07-12 14:08:00.000,,2026-07-12 14:08:00.000,2026-07-12 14:08:00.000,,,4.0,66616635-5f34-305f-3063-663933356136.raw_data.json,UTC-0300,yeLoKu9/uD,com.sec.android.app.shealth,2026-07-12 14:08:00.000,66616635-5f34-305f-3063-663933356136,
2026-07-12 14:16:00.000,,2026-07-12 14:16:00.000,2026-07-12 14:16:00.000,,,5.0,35313162-5f35-305f-3061-316133356136.raw_data.json,UTC-0300,yeLoKu9/uD,com.sec.android.app.shealth,2026-07-12 14:16:00.000,35313162-5f35-305f-3061-316133356136,
2026-07-12 14:23:00.000,,2026-07-12 14:23:00.000,2026-07-12 14:23:00.000,,,3.0,38323638-5f33-305f-3434-336133356136.raw_data.json,UTC-0300,yeLoKu9/uD,com.sec.android.app.shealth,2026-07-12 14:23:00.000,38323638-5f33-305f-3434-336133356136,
2026-07-12 14:38:00.000,,2026-07-12 14:38:00.000,2026-07-12 14:38:00.000,,,2.0,34616662-5f32-305f-3863-366133356136.raw_data.json,UTC-0300,yeLoKu9/uD,com.sec.android.app.shealth,2026-07-12 14:38:00.000,34616662-5f32-305f-3863-366133356136,
2026-07-12 15:03:00.000,,2026-07-12 15:03:00.000,2026-07-12 15:03:00.000,,,5.0,39653035-5f35-305f-3461-636133356136.raw_data.json,UTC-0300,yeLoKu9/uD,com.sec.android.app.shealth,2026-07-12 15:03:00.000,39653035-5f35-305f-3461-636133356136,
2026-07-12 15:04:00.000,,2026-07-12 15:04:00.000,2026-07-12 15:04:00.000,,,1.0,37353631-5f31-305f-3065-636133356136.raw_data.json,UTC-0300,yeLoKu9/uD,com.sec.android.app.shealth,2026-07-12 15:04:00.000,37353631-5f31-305f-3065-636133356136,
2026-07-12 15:14:00.000,,2026-07-12 15:14:00.000,2026-07-12 15:14:00.000,,,3.0,62646632-5f33-305f-3833-666133356136.raw_data.json,UTC-0300,yeLoKu9/uD,com.sec.android.app.shealth,2026-07-12 15:14:00.000,62646632-5f33-305f-3833-666133356136,
2026-07-12 15:15:00.000,,2026-07-12 15:15:00.000,2026-07-12 15:15:00.000,,,1.0,65353236-5f31-305f-3437-666133356136.raw_data.json,UTC-0300,yeLoKu9/uD,com.sec.android.app.shealth,2026-07-12 15:15:00.000,65353236-5f31-305f-3437-666133356136,
2026-07-12 15:38:00.000,,2026-07-12 15:38:00.000,2026-07-12 15:38:00.000,,,4.0,30323035-5f34-305f-3864-346233356136.raw_data.json,UTC-0300,yeLoKu9/uD,com.sec.android.app.shealth,2026-07-12 15:38:00.000,30323035-5f34-305f-3864-346233356136,
2026-07-12 15:39:00.000,,2026-07-12 15:39:00.000,2026-07-12 15:39:00.000,,,1.0,62663435-5f31-305f-3431-356233356136.raw_data.json,UTC-0300,yeLoKu9/uD,com.sec.android.app.shealth,2026-07-12 15:39:00.000,62663435-5f31-305f-3431-356233356136,
2026-07-12 16:34:00.000,,2026-07-12 16:34:00.000,2026-07-12 16:34:00.000,,,1.0,38333063-5f31-305f-3866-316333356136.raw_data.json,UTC-0300,yeLoKu9/uD,com.sec.android.app.shealth,2026-07-12 16:34:00.000,38333063-5f31-305f-3866-316333356136,
2026-07-12 16:47:00.000,,2026-07-12 16:47:00.000,2026-07-12 16:47:00.000,,,6.0,38613564-5f36-305f-3430-356333356136.raw_data.json,UTC-0300,yeLoKu9/uD,com.sec.android.app.shealth,2026-07-12 16:47:00.000,38613564-5f36-305f-3430-356333356136,
2026-07-12 16:59:00.000,,2026-07-12 16:59:00.000,2026-07-12 16:59:00.000,,,1.0,65343030-5f31-305f-3464-376333356136.raw_data.json,UTC-0300,yeLoKu9/uD,com.sec.android.app.shealth,2026-07-12 16:59:00.000,65343030-5f31-305f-3464-376333356136,
2026-07-12 17:22:00.000,,2026-07-12 17:22:00.000,2026-07-12 17:22:00.000,,,1.0,36613738-5f31-305f-3833-646333356136.raw_data.json,UTC-0300,yeLoKu9/uD,com.sec.android.app.shealth,2026-07-12 17:22:00.000,36613738-5f31-305f-3833-646333356136,
2026-07-12 17:49:00.000,,2026-07-12 17:49:00.000,2026-07-12 17:49:00.000,,,2.0,34313763-5f32-305f-6338-336433356136.raw_data.json,UTC-0300,yeLoKu9/uD,com.sec.android.app.shealth,2026-07-12 17:49:00.000,34313763-5f32-305f-6338-336433356136,
2026-07-12 18:02:00.000,,2026-07-12 18:02:00.000,2026-07-12 18:02:00.000,,,1.0,33396438-5f31-305f-3839-366433356136.raw_data.json,UTC-0300,yeLoKu9/uD,com.sec.android.app.shealth,2026-07-12 18:02:00.000,33396438-5f31-305f-3839-366433356136,
2026-07-12 18:31:00.000,,2026-07-12 18:31:00.000,2026-07-12 18:31:00.000,,,1.0,35323764-5f31-305f-3436-646433356136.raw_data.json,UTC-0300,yeLoKu9/uD,com.sec.android.app.shealth,2026-07-12 18:31:00.000,35323764-5f31-305f-3436-646433356136,
2026-07-12 18:34:00.000,,2026-07-12 18:34:00.000,2026-07-12 18:34:00.000,,,1.0,36353439-5f31-305f-3831-656433356136.raw_data.json,UTC-0300,yeLoKu9/uD,com.sec.android.app.shealth,2026-07-12 18:34:00.000,36353439-5f31-305f-3831-656433356136,
2026-07-12 18:40:00.000,,2026-07-12 18:40:00.000,2026-07-12 18:40:00.000,,,3.0,34323638-5f33-305f-3038-666433356136.raw_data.json,UTC-0300,yeLoKu9/uD,com.sec.android.app.shealth,2026-07-12 18:40:00.000,34323638-5f33-305f-3038-666433356136,
2026-07-12 19:01:00.000,,2026-07-12 19:01:00.000,2026-07-12 19:01:00.000,,,1.0,34343665-5f31-305f-6336-346533356136.raw_data.json,UTC-0300,yeLoKu9/uD,com.sec.android.app.shealth,2026-07-12 19:01:00.000,34343665-5f31-305f-6336-346533356136,
2026-07-12 19:18:00.000,,2026-07-12 19:18:00.000,2026-07-12 19:18:00.000,,,7.0,66643233-5f37-305f-3836-386533356136.raw_data.json,UTC-0300,yeLoKu9/uD,com.sec.android.app.shealth,2026-07-12 19:18:00.000,66643233-5f37-305f-3836-386533356136,
2026-07-12 19:23:00.000,,2026-07-12 19:23:00.000,2026-07-12 19:23:00.000,,,3.0,39353530-5f33-305f-3439-396533356136.raw_data.json,UTC-0300,yeLoKu9/uD,com.sec.android.app.shealth,2026-07-12 19:23:00.000,39353530-5f33-305f-3439-396533356136,
2026-07-12 19:35:00.000,,2026-07-12 19:35:00.000,2026-07-12 19:35:00.000,,,2.0,64386437-5f32-305f-3436-636533356136.raw_data.json,UTC-0300,yeLoKu9/uD,com.sec.android.app.shealth,2026-07-12 19:35:00.000,64386437-5f32-305f-3436-636533356136,
2026-07-12 23:00:00.000,,2026-07-12 23:00:00.000,2026-07-12 23:00:00.000,,,1.0,33346465-5f31-305f-3037-633134356136.raw_data.json,UTC-0300,yeLoKu9/uD,com.sec.android.app.shealth,2026-07-12 23:00:00.000,33346465-5f31-305f-3037-633134356136,
2026-07-14 13:40:00.000,,2026-07-14 13:40:00.000,2026-07-14 13:40:00.000,,,1.0,65626262-5f31-305f-3033-633336356136.raw_data.json,UTC-0300,yeLoKu9/uD,com.sec.android.app.shealth,2026-07-14 13:40:00.000,65626262-5f31-305f-3033-633336356136,
2026-07-14 13:41:00.000,,2026-07-14 13:41:00.000,2026-07-14 13:41:00.000,,,1.0,30396234-5f31-305f-6336-633336356136.raw_data.json,UTC-0300,yeLoKu9/uD,com.sec.android.app.shealth,2026-07-14 13:41:00.000,30396234-5f31-305f-6336-633336356136,
2026-07-14 13:42:00.000,,2026-07-14 13:42:00.000,2026-07-14 13:42:00.000,,,1.0,36313739-5f31-305f-3861-633336356136.raw_data.json,UTC-0300,yeLoKu9/uD,com.sec.android.app.shealth,2026-07-14 13:42:00.000,36313739-5f31-305f-3861-633336356136,
2026-07-14 13:43:00.000,,2026-07-14 13:43:00.000,2026-07-14 13:43:00.000,,,1.0,39383539-5f31-305f-3465-633336356136.raw_data.json,UTC-0300,yeLoKu9/uD,com.sec.android.app.shealth,2026-07-14 13:43:00.000,39383539-5f31-305f-3465-633336356136,
2026-07-14 14:47:00.000,,2026-07-14 14:47:00.000,2026-07-14 14:47:00.000,,,1.0,37376262-5f31-305f-3465-623436356136.raw_data.json,UTC-0300,yeLoKu9/uD,com.sec.android.app.shealth,2026-07-14 14:47:00.000,37376262-5f31-305f-3465-623436356136,
2026-07-14 14:48:00.000,,2026-07-14 14:48:00.000,2026-07-14 14:48:00.000,,,1.0,36633631-5f31-305f-3032-633436356136.raw_data.json,UTC-0300,yeLoKu9/uD,com.sec.android.app.shealth,2026-07-14 14:48:00.000,36633631-5f31-305f-3032-633436356136,
2026-07-15 00:28:00.000,,2026-07-15 00:28:00.000,2026-07-15 00:28:00.000,,,1.0,66323331-5f31-305f-3031-346436356136.raw_data.json,UTC-0300,yeLoKu9/uD,com.sec.android.app.shealth,2026-07-15 00:28:00.000,66323331-5f31-305f-3031-346436356136,
2026-07-15 13:41:00.000,,2026-07-15 13:41:00.000,2026-07-15 13:41:00.000,,,1.0,66636338-5f31-305f-6365-643837356136.raw_data.json,UTC-0300,yeLoKu9/uD,com.sec.android.app.shealth,2026-07-15 13:41:00.000,66636338-5f31-305f-6365-643837356136,
2026-07-15 13:50:00.000,,2026-07-15 13:50:00.000,2026-07-15 13:50:00.000,,,1.0,36343666-5f31-305f-3830-303937356136.raw_data.json,UTC-0300,yeLoKu9/uD,com.sec.android.app.shealth,2026-07-15 13:50:00.000,36343666-5f31-305f-3830-303937356136,
2026-07-15 14:57:00.000,,2026-07-15 14:57:00.000,2026-07-15 14:57:00.000,,,2.0,34626435-5f32-305f-6362-663937356136.raw_data.json,UTC-0300,yeLoKu9/uD,com.sec.android.app.shealth,2026-07-15 14:57:00.000,34626435-5f32-305f-6362-663937356136,
2026-07-16 22:14:00.000,,2026-07-16 22:14:00.000,2026-07-16 22:14:00.000,,,1.0,64323466-5f31-305f-3861-373539356136.raw_data.json,UTC-0300,yeLoKu9/uD,com.sec.android.app.shealth,2026-07-16 22:14:00.000,64323466-5f31-305f-3861-373539356136,
2026-07-17 00:18:00.000,,2026-07-17 00:18:00.000,2026-07-17 00:18:00.000,,,2.0,39323133-5f32-305f-3862-343739356136.raw_data.json,UTC-0300,yeLoKu9/uD,com.sec.android.app.shealth,2026-07-17 00:18:00.000,39323133-5f32-305f-3862-343739356136,
2026-07-17 02:18:00.000,,2026-07-17 02:18:00.000,2026-07-17 02:18:00.000,,,1.0,34306235-5f31-305f-3864-303939356136.raw_data.json,UTC-0300,yeLoKu9/uD,com.sec.android.app.shealth,2026-07-17 02:18:00.000,34306235-5f31-305f-3864-303939356136,
2026-07-17 21:53:00.000,,2026-07-17 21:53:00.000,2026-07-17 21:53:00.000,,,1.0,34626435-5f31-305f-6333-346161356136.raw_data.json,UTC-0300,yeLoKu9/uD,com.sec.android.app.shealth,2026-07-17 21:53:00.000,34626435-5f31-305f-6333-346161356136,
2026-07-18 11:51:00.000,,2026-07-18 11:51:00.000,2026-07-18 11:51:00.000,,,1.0,38376637-5f31-305f-3461-383662356136.raw_data.json,UTC-0300,yeLoKu9/uD,com.sec.android.app.shealth,2026-07-18 11:51:00.000,38376637-5f31-305f-3461-383662356136,
2026-07-18 14:25:00.000,,2026-07-18 14:25:00.000,2026-07-18 14:25:00.000,,,1.0,38643935-5f31-305f-6362-633862356136.raw_data.json,UTC-0300,yeLoKu9/uD,com.sec.android.app.shealth,2026-07-18 14:25:00.000,38643935-5f31-305f-6362-633862356136,
2026-07-19 04:10:00.000,,2026-07-19 04:10:00.000,2026-07-19 04:10:00.000,,,1.0,38363834-5f31-305f-3831-653463356136.raw_data.json,UTC-0300,yeLoKu9/uD,com.sec.android.app.shealth,2026-07-19 04:10:00.000,38363834-5f31-305f-3831-653463356136,
2026-07-19 11:11:00.000,,2026-07-19 11:11:00.000,2026-07-19 11:11:00.000,,,1.0,37613635-5f31-305f-3463-306263356136.raw_data.json,UTC-0300,yeLoKu9/uD,com.sec.android.app.shealth,2026-07-19 11:11:00.000,37613635-5f31-305f-3463-306263356136,
2026-07-19 23:43:00.000,,2026-07-19 23:43:00.000,2026-07-19 23:43:00.000,,,1.0,66333464-5f31-305f-3430-313664356136.raw_data.json,UTC-0300,yeLoKu9/uD,com.sec.android.app.shealth,2026-07-19 23:43:00.000,66333464-5f31-305f-3430-313664356136,
2026-07-19 23:44:00.000,,2026-07-19 23:44:00.000,2026-07-19 23:44:00.000,,,1.0,62323561-5f31-305f-3034-313664356136.raw_data.json,UTC-0300,yeLoKu9/uD,com.sec.android.app.shealth,2026-07-19 23:44:00.000,62323561-5f31-305f-3034-313664356136,
2026-07-19 23:48:00.000,,2026-07-19 23:48:00.000,2026-07-19 23:48:00.000,,,1.0,31666162-5f31-305f-3033-323664356136.raw_data.json,UTC-0300,yeLoKu9/uD,com.sec.android.app.shealth,2026-07-19 23:48:00.000,31666162-5f31-305f-3033-323664356136,
2026-07-21 20:49:00.000,,2026-07-21 20:49:00.000,2026-07-21 20:49:00.000,,,1.0,63663134-5f31-305f-6333-626466356136.raw_data.json,UTC-0300,yeLoKu9/uD,com.sec.android.app.shealth,2026-07-21 20:49:00.000,63663134-5f31-305f-6333-626466356136,
2026-07-21 20:51:00.000,,2026-07-21 20:51:00.000,2026-07-21 20:51:00.000,,,1.0,39646636-5f31-305f-3462-626466356136.raw_data.json,UTC-0300,yeLoKu9/uD,com.sec.android.app.shealth,2026-07-21 20:51:00.000,39646636-5f31-305f-3462-626466356136,
2026-07-21 20:56:00.000,,2026-07-21 20:56:00.000,2026-07-21 20:56:00.000,,,1.0,61376632-5f31-305f-3065-636466356136.raw_data.json,UTC-0300,yeLoKu9/uD,com.sec.android.app.shealth,2026-07-21 20:56:00.000,61376632-5f31-305f-3065-636466356136,
2026-07-21 21:01:00.000,,2026-07-21 21:01:00.000,2026-07-21 21:01:00.000,,,1.0,36393730-5f31-305f-6330-656466356136.raw_data.json,UTC-0300,yeLoKu9/uD,com.sec.android.app.shealth,2026-07-21 21:01:00.000,36393730-5f31-305f-6330-656466356136,
2026-07-21 23:37:00.000,,2026-07-21 23:37:00.000,2026-07-21 23:37:00.000,,,1.0,63323037-5f31-305f-6339-323030366136.raw_data.json,UTC-0300,yeLoKu9/uD,com.sec.android.app.shealth,2026-07-21 23:37:00.000,63323037-5f31-305f-6339-323030366136,
2026-07-24 19:14:00.000,,2026-07-24 19:14:00.000,2026-07-24 19:14:00.000,,,1.0,35616332-5f31-305f-3837-396233366136.raw_data.json,UTC-0300,yeLoKu9/uD,com.sec.android.app.shealth,2026-07-24 19:14:00.000,35616332-5f31-305f-3837-396233366136,
2026-07-26 14:09:00.000,,2026-07-26 14:09:00.000,2026-07-26 14:09:00.000,,,3.0,64323466-5f33-305f-6366-343136366136.raw_data.json,UTC-0300,yeLoKu9/uD,com.sec.android.app.shealth,2026-07-26 14:09:00.000,64323466-5f33-305f-6366-343136366136,
2026-07-27 21:35:00.000,,2026-07-27 21:35:00.000,2026-07-27 21:35:00.000,,,1.0,66636338-5f31-305f-3430-666337366136.raw_data.json,UTC-0300,yeLoKu9/uD,com.sec.android.app.shealth,2026-07-27 21:35:00.000,66636338-5f31-305f-3430-666337366136,
2026-07-30 16:01:00.000,,2026-07-30 16:01:00.000,2026-07-30 16:01:00.000,,,1.0,64323466-5f31-305f-6333-353762366136.raw_data.json,UTC-0300,yeLoKu9/uD,com.sec.android.app.shealth,2026-07-30 16:01:00.000,64323466-5f31-305f-6333-353762366136,
2026-07-30 22:52:00.000,,2026-07-30 22:52:00.000,2026-07-30 22:52:00.000,,,1.0,66636338-5f31-305f-3039-356462366136.raw_data.json,UTC-0300,yeLoKu9/uD,com.sec.android.app.shealth,2026-07-30 22:52:00.000,66636338-5f31-305f-3039-356462366136,
2026-07-31 00:30:00.000,,2026-07-31 00:30:00.000,2026-07-31 00:30:00.000,,,1.0,36343666-5f31-305f-3838-636562366136.raw_data.json,UTC-0300,yeLoKu9/uD,com.sec.android.app.shealth,2026-07-31 00:30:00.000,36343666-5f31-305f-3838-636562366136,
2026-07-31 02:13:00.000,,2026-07-31 02:13:00.000,2026-07-31 02:13:00.000,,,3.0,39323133-5f33-305f-6361-343063366136.raw_data.json,UTC-0300,yeLoKu9/uD,com.sec.android.app.shealth,2026-07-31 02:13:00.000,39323133-5f33-305f-6361-343063366136,
2026-07-31 02:29:00.000,,2026-07-31 02:29:00.000,2026-07-31 02:29:00.000,,,3.0,34306235-5f33-305f-6336-383063366136.raw_data.json,UTC-0300,yeLoKu9/uD,com.sec.android.app.shealth,2026-07-31 02:29:00.000,34306235-5f33-305f-6336-383063366136,
2026-07-31 02:42:00.000,,2026-07-31 02:42:00.000,2026-07-31 02:42:00.000,,,1.0,34626435-5f31-305f-3837-623063366136.raw_data.json,UTC-0300,yeLoKu9/uD,com.sec.android.app.shealth,2026-07-31 02:42:00.000,34626435-5f31-305f-3837-623063366136,
2026-07-31 20:26:00.000,,2026-07-31 20:26:00.000,2026-07-31 20:26:00.000,,,1.0,38376637-5f31-305f-3864-343064366136.raw_data.json,UTC-0300,yeLoKu9/uD,com.sec.android.app.shealth,2026-07-31 20:26:00.000,38376637-5f31-305f-3864-343064366136,
2026-07-31 21:43:00.000,,2026-07-31 21:43:00.000,2026-07-31 21:43:00.000,,,1.0,38643935-5f31-305f-3465-363164366136.raw_data.json,UTC-0300,yeLoKu9/uD,com.sec.android.app.shealth,2026-07-31 21:43:00.000,38643935-5f31-305f-3465-363164366136,
2026-07-31 21:53:00.000,,2026-07-31 21:53:00.000,2026-07-31 21:53:00.000,,,1.0,38363834-5f31-305f-6333-393164366136.raw_data.json,UTC-0300,yeLoKu9/uD,com.sec.android.app.shealth,2026-07-31 21:53:00.000,38363834-5f31-305f-6333-393164366136,
2026-08-02 00:33:00.000,,2026-08-02 00:33:00.000,2026-08-02 00:33:00.000,,,1.0,37613635-5f31-305f-6333-303965366136.raw_data.json,UTC-0300,yeLoKu9/uD,com.sec.android.app.shealth,2026-08-02 00:33:00.000,37613635-5f31-305f-6333-303965366136,
2026-08-02 20:17:00.000,,2026-08-02 20:17:00.000,2026-08-02 20:17:00.000,,,1.0,66663762-5f31-305f-6362-356166366136.raw_data.json,UTC-0300,yeLoKu9/uD,com.sec.android.app.shealth,2026-08-02 20:17:00.000,66663762-5f31-305f-6362-356166366136,
2026-08-03 19:19:00.000,,2026-08-03 19:19:00.000,2026-08-03 19:19:00.000,,,1.0,64323466-5f31-305f-3461-396530376136.raw_data.json,UTC-0300,yeLoKu9/uD,com.sec.android.app.shealth,2026-08-03 19:19:00.000,64323466-5f31-305f-3461-396530376136,
2026-08-03 21:54:00.000,,2026-08-03 21:54:00.000,2026-08-03 21:54:00.000,,,1.0,64323466-5f31-305f-3866-643031376136.raw_data.json,UTC-0300,yeLoKu9/uD,com.sec.android.app.shealth,2026-08-03 21:54:00.000,64323466-5f31-305f-3866-643031376136,
2026-08-03 22:10:00.000,,2026-08-03 22:10:00.000,2026-08-03 22:10:00.000,,,1.0,66636338-5f31-305f-3862-313131376136.raw_data.json,UTC-0300,yeLoKu9/uD,com.sec.android.app.shealth,2026-08-03 22:10:00.000,66636338-5f31-305f-3862-313131376136,
2026-08-03 22:31:00.000,,2026-08-03 22:31:00.000,2026-08-03 22:31:00.000,,,1.0,36343666-5f31-305f-3461-363131376136.raw_data.json,UTC-0300,yeLoKu9/uD,com.sec.android.app.shealth,2026-08-03 22:31:00.000,36343666-5f31-305f-3461-363131376136,
2026-08-03 22:32:00.000,,2026-08-03 22:32:00.000,2026-08-03 22:32:00.000,,,1.0,39323133-5f31-305f-3065-363131376136.raw_data.json,UTC-0300,yeLoKu9/uD,com.sec.android.app.shealth,2026-08-03 22:32:00.000,39323133-5f31-305f-3065-363131376136,
2026-08-03 23:23:00.000,,2026-08-03 23:23:00.000,2026-08-03 23:23:00.000,,,1.0,34306235-5f31-305f-3464-323231376136.raw_data.json,UTC-0300,yeLoKu9/uD,com.sec.android.app.shealth,2026-08-03 23:23:00.000,34306235-5f31-305f-3464-323231376136,
2026-08-03 23:25:00.000,,2026-08-03 23:25:00.000,2026-08-03 23:25:00.000,,,1.0,34626435-5f31-305f-6334-333231376136.raw_data.json,UTC-0300,yeLoKu9/uD,com.sec.android.app.shealth,2026-08-03 23:25:00.000,34626435-5f31-305f-6334-333231376136,
2026-08-04 01:24:00.000,,2026-08-04 01:24:00.000,2026-08-04 01:24:00.000,,,1.0,38376637-5f31-305f-3033-663331376136.raw_data.json,UTC-0300,yeLoKu9/uD,com.sec.android.app.shealth,2026-08-04 01:24:00.000,38376637-5f31-305f-3033-663331376136,
2026-08-04 02:07:00.000,,2026-08-04 02:07:00.000,2026-08-04 02:07:00.000,,,2.0,38643935-5f32-305f-3434-393431376136.raw_data.json,UTC-0300,yeLoKu9/uD,com.sec.android.app.shealth,2026-08-04 02:07:00.000,38643935-5f32-305f-3434-393431376136,
2026-08-04 20:24:00.000,,2026-08-04 20:24:00.000,2026-08-04 20:24:00.000,,,1.0,38363834-5f31-305f-3036-613432376136.raw_data.json,UTC-0300,yeLoKu9/uD,com.sec.android.app.shealth,2026-08-04 20:24:00.000,38363834-5f31-305f-3036-613432376136,
2026-08-04 22:25:00.000,,2026-08-04 22:25:00.000,2026-08-04 22:25:00.000,,,1.0,37613635-5f31-305f-6362-363632376136.raw_data.json,UTC-0300,yeLoKu9/uD,com.sec.android.app.shealth,2026-08-04 22:25:00.000,37613635-5f31-305f-6362-363632376136,
2026-08-04 22:26:00.000,,2026-08-04 22:26:00.000,2026-08-04 22:26:00.000,,,2.0,66663762-5f32-305f-3866-363632376136.raw_data.json,UTC-0300,yeLoKu9/uD,com.sec.android.app.shealth,2026-08-04 22:26:00.000,66663762-5f32-305f-3866-363632376136,
2026-08-04 22:29:00.000,,2026-08-04 22:29:00.000,2026-08-04 22:29:00.000,,,2.0,66333464-5f32-305f-6361-373632376136.raw_data.json,UTC-0300,yeLoKu9/uD,com.sec.android.app.shealth,2026-08-04 22:29:00.000,66333464-5f32-305f-6361-373632376136,
2026-08-05 00:20:00.000,,2026-08-05 00:20:00.000,2026-08-05 00:20:00.000,,,1.0,62323561-5f31-305f-3062-313832376136.raw_data.json,UTC-0300,yeLoKu9/uD,com.sec.android.app.shealth,2026-08-05 00:20:00.000,62323561-5f31-305f-3062-313832376136,
2026-08-05 01:10:00.000,,2026-08-05 01:10:00.000,2026-08-05 01:10:00.000,,,1.0,31666162-5f31-305f-3836-643832376136.raw_data.json,UTC-0300,yeLoKu9/uD,com.sec.android.app.shealth,2026-08-05 01:10:00.000,31666162-5f31-305f-3836-643832376136,
2026-08-05 01:51:00.000,,2026-08-05 01:51:00.000,2026-08-05 01:51:00.000,,,2.0,63663134-5f32-305f-3430-373932376136.raw_data.json,UTC-0300,yeLoKu9/uD,com.sec.android.app.shealth,2026-08-05 01:51:00.000,63663134-5f32-305f-3430-373932376136,
2026-08-05 15:40:00.000,,2026-08-05 15:40:00.000,2026-08-05 15:40:00.000,,,1.0,39646636-5f31-305f-3035-393533376136.raw_data.json,UTC-0300,yeLoKu9/uD,com.sec.android.app.shealth,2026-08-05 15:40:00.000,39646636-5f31-305f-3035-393533376136,
2026-08-05 17:01:00.000,,2026-08-05 17:01:00.000,2026-08-05 17:01:00.000,,,1.0,61376632-5f31-305f-6334-633633376136.raw_data.json,UTC-0300,yeLoKu9/uD,com.sec.android.app.shealth,2026-08-05 17:01:00.000,61376632-5f31-305f-6334-633633376136,
2026-08-05 22:06:00.000,,2026-08-05 22:06:00.000,2026-08-05 22:06:00.000,,,1.0,36393730-5f31-305f-3863-336233376136.raw_data.json,UTC-0300,yeLoKu9/uD,com.sec.android.app.shealth,2026-08-05 22:06:00.000,36393730-5f31-305f-3863-336233376136,
2026-08-05 22:26:00.000,,2026-08-05 22:26:00.000,2026-08-05 22:26:00.000,,,1.0,39306535-5f31-305f-3837-386233376136.raw_data.json,UTC-0300,yeLoKu9/uD,com.sec.android.app.shealth,2026-08-05 22:26:00.000,39306535-5f31-305f-3837-386233376136,
