com.samsung.shealth.sleep,7006003,11
total_sleep_time_weight,original_efficiency,mental_recovery,wake_score,factor_01,factor_02,factor_03,factor_04,factor_05,factor_06,factor_07,factor_08,factor_09,factor_10,deep_score,integrated_id,latency_weight,has_sleep_data,bedtime_detection_delay,sleep_efficiency_with_latency,wakeup_time_detection_delay,total_rem_duration,combined_id,nap_score,sleep_type,sleep_latency,data_version,latency_score,deep_weight,rem_weight,physical_recovery,original_wake_up_time,movement_awakening,is_integrated,original_bed_time,goal_bed_time,quality,extra_data,wake_weight,rem_score,goal_wake_up_time,sleep_cycle,total_light_duration,efficiency,sleep_score,sleep_duration,stage_analyzed_type,total_sleep_time_score,com.samsung.health.sleep.create_sh_ver,com.samsung.health.sleep.start_time,com.samsung.health.sleep.custom,com.samsung.health.sleep.modify_sh_ver,com.samsung.health.sleep.update_time,com.samsung.health.sleep.create_time,com.samsung.health.sleep.client_data_id,com.samsung.health.sleep.client_data_ver,com.samsung.health.sleep.time_offset,com.samsung.health.sleep.deviceuuid,com.samsung.health.sleep.comment,com.samsung.health.sleep.pkg_name,com.samsung.health.sleep.end_time,com.samsung.health.sleep.datauuid
34,,58.0,11,0,0,57,1,70,434,334,0,45,,0,,16,0,,83,,38,,0,-1,,10,16,15,23,40.0,2025-11-05 10:44:28.000,44.0,,2025-11-05 03:29:47.000,82800000,,00353839-3137-3736-3439-333332363731.extra_data.json,12,11,25200000,1,326,83.0,63,434,1,25,100032,2025-11-05 03:29:47.000,,63051050,2025-11-05 10:44:38.855,2025-11-05 10:44:28.000,,,UTC-0300,yeLoKu9/uD,,com.sec.android.app.shealth,2025-11-05 10:43:47.000,00353839-3137-3736-3439-333332363731,
34,,53.0,12,13,13,23,0,28,356,258,0,0,,5,,16,0,,92,,33,3790d7ef-90ae-4f77-817a-4b5401a61d45,0,-1,,10,16,15,23,42.0,2025-11-06 09:09:35.000,17.0,,2025-11-06 03:07:45.000,82800000,,00353839-3137-3437-3130-323432363731.extra_data.json,12,10,25200000,3,282,92.0,61,356,1,18,100032,2025-11-06 03:07:45.000,,63051050,2025-11-06 11:36:00.115,2025-11-06 09:09:35.000,,,UTC-0300,yeLoKu9/uD,,com.sec.android.app.shealth,2025-11-06 09:03:45.000,00353839-3137-3437-3130-323432363731,
34,,8.0,11,0,0,12,0,17,114,109,0,0,,0,,16,0,,85,,0,3790d7ef-90ae-4f77-817a-4b5401a61d45,1,-1,,10,15,15,23,8.0,2025-11-06 11:23:42.000,22.0,,2025-11-06 09:20:26.000,82800000,,00353839-3137-3132-3238-323432363731.extra_data.json,12,1,25200000,0,97,85.0,29,114,1,2,100032,2025-11-06 09:20:26.000,,63051050,2025-11-06 11:36:00.135,2025-11-06 11:23:42.000,,,UTC-0300,yeLoKu9/uD,,com.sec.android.app.shealth,2025-11-06 11:14:26.000,00353839-3137-3132-3238-323432363731,
34,,41.0,11,2,2,29,0,40,339,300,0,13,,1,,16,0,,88,,25,,0,-1,,10,16,15,23,25.0,2025-11-07 10:42:33.000,25.0,,2025-11-07 05:02:49.000,82800000,,00353839-3137-3235-3132-313532363731.extra_data.json,12,8,25200000,1,272,88.0,48,339,1,12,100032,2025-11-07 05:02:49.000,,63051050,2025-11-07 10:42:48.919,2025-11-07 10:42:33.000,,,UTC-0300,yeLoKu9/uD,,com.sec.android.app.shealth,2025-11-07 10:41:49.000,00353839-3137-3235-3132-313532363731,
34,,5.0,12,15,15,0,0,0,25,24,0,0,,11,,16,0,,100,,0,,5,-1,,10,16,15,23,9.0,2025-11-07 11:18:58.000,0.0,,2025-11-07 10:53:27.000,82800000,,00353839-3137-3733-3334-313532363731.extra_data.json,12,1,25200000,0,10,100.0,42,25,1,2,100032,2025-11-07 10:53:27.000,,63051050,2025-11-07 11:19:02.411,2025-11-07 11:18:58.000,,,UTC-0300,yeLoKu9/uD,,com.sec.android.app.shealth,2025-11-07 11:18:27.000,00353839-3137-3733-3334-313532363731,
34,,6.0,12,0,0,3,0,3,64,63,0,0,,0,,16,0,,95,,0,807f3259-7443-44bf-9347-cc86e68c2242,4,-1,,10,16,15,23,6.0,2025-11-08 05:24:48.000,9.0,,2025-11-08 04:20:40.000,82800000,,00353839-3137-3738-3439-373532363731.extra_data.json,12,1,25200000,0,61,95.0,31,64,1,2,100032,2025-11-08 04:20:40.000,,63051050,2025-11-08 10:42:31.458,2025-11-08 05:24:48.000,,,UTC-0300,yeLoKu9/uD,,com.sec.android.app.shealth,2025-11-08 05:24:40.000,00353839-3137-3738-3439-373532363731,
34,,33.0,11,14,14,18,0,33,264,113,0,10,,10,,16,0,,87,,20,807f3259-7443-44bf-9347-cc86e68c2242,0,-1,,10,6,15,23,27.0,2025-11-08 10:16:23.000,32.0,,2025-11-08 05:42:49.000,82800000,,00353839-3137-3238-3936-393532363731.extra_data.json,12,8,25200000,2,197,87.0,40,264,1,5,100032,2025-11-08 05:42:49.000,,63051050,2025-11-08 10:42:31.475,2025-11-08 10:16:23.000,,,UTC-0300,yeLoKu9/uD,,com.sec.android.app.shealth,2025-11-08 10:06:49.000,00353839-3137-3238-3936-393532363731,
34,,79.0,12,23,23,15,0,40,468,186,0,3,,8,,16,0,,91,,62,,0,-1,,10,16,15,23,66.0,2025-11-09 10:25:18.000,15.0,,2025-11-09 01:50:17.000,82800000,,00353839-3137-3731-3933-383632363731.extra_data.json,12,17,25200000,6,343,91.0,87,468,1,34,100032,2025-11-09 01:50:17.000,,63051050,2025-11-09 10:49:26.838,2025-11-09 10:25:18.000,,,UTC-0300,yeLoKu9/uD,,com.sec.android.app.shealth,2025-11-09 09:38:17.000,00353839-3137-3731-3933-383632363731,
34,,69.0,12,24,24,17,1,38,419,248,0,13,,10,,16,0,,90,,50,,0,-1,,10,16,15,23,58.0,2025-11-10 09:58:59.000,19.0,,2025-11-10 02:59:28.000,82800000,,00353839-3137-3833-3738-363732363731.extra_data.json,12,15,25200000,4,307,90.0,81,419,1,28,100032,2025-11-10 02:59:28.000,,63051050,2025-11-10 09:59:32.631,2025-11-10 09:58:59.000,,,UTC-0300,yeLoKu9/uD,,com.sec.android.app.shealth,2025-11-10 09:58:28.000,00353839-3137-3833-3738-363732363731,
34,,6.0,11,0,0,6,0,6,48,47,0,0,,0,,16,0,,87,,0,,5,-1,,10,16,15,23,6.0,2025-11-10 11:05:20.000,25.0,,2025-11-10 10:04:12.000,82800000,,00353839-3137-3931-3732-373732363731.extra_data.json,12,1,25200000,0,42,87.0,30,48,1,2,100032,2025-11-10 10:04:12.000,,63051050,2025-11-10 11:29:25.127,2025-11-10 11:05:20.000,,,UTC-0300,yeLoKu9/uD,,com.sec.android.app.shealth,2025-11-10 10:52:12.000,00353839-3137-3931-3732-373732363731,
34,,65.0,12,15,15,14,0,35,351,187,0,16,,7,,16,0,,90,,47,,0,-1,,10,16,15,23,38.0,2025-11-12 10:31:27.000,22.0,,2025-11-12 04:23:48.000,82800000,,00353839-3137-3638-3433-343932363731.extra_data.json,12,18,25200000,5,254,90.0,69,351,1,16,100032,2025-11-12 04:23:48.000,,63051050,2025-11-12 10:53:30.500,2025-11-12 10:31:27.000,,,UTC-0300,yeLoKu9/uD,,com.sec.android.app.shealth,2025-11-12 10:14:48.000,00353839-3137-3638-3433-343932363731,
34,,86.0,12,19,19,25,0,47,473,201,0,7,,6,,16,0,,90,,82,,0,-1,,10,16,15,23,61.0,2025-11-13 11:30:15.000,21.0,,2025-11-13 03:15:20.000,82800000,,00353839-3137-3431-3433-333033363731.extra_data.json,12,22,25200000,3,325,90.0,90,473,1,34,100032,2025-11-13 03:15:20.000,,63051050,2025-11-13 11:54:27.627,2025-11-13 11:30:15.000,,,UTC-0300,yeLoKu9/uD,,com.sec.android.app.shealth,2025-11-13 11:08:20.000,00353839-3137-3431-3433-333033363731,
34,,76.0,12,50,50,22,0,39,489,289,0,5,,15,,16,0,,92,,56,,0,-1,,10,16,15,23,87.0,2025-11-14 10:30:51.000,17.0,,2025-11-14 02:00:00.000,82800000,,00353839-3137-3035-3236-313133363731.extra_data.json,12,14,25200000,2,344,92.0,91,489,1,34,100032,2025-11-14 02:00:00.000,,63051050,2025-11-14 10:54:03.725,2025-11-14 10:30:51.000,,,UTC-0300,yeLoKu9/uD,,com.sec.android.app.shealth,2025-11-14 10:09:00.000,00353839-3137-3035-3236-313133363731,
34,,66.0,11,12,12,32,0,52,476,356,0,25,,3,,16,0,,89,,43,,0,-1,,10,16,15,23,50.0,2025-11-15 12:05:54.000,25.0,,2025-11-15 04:03:02.000,82800000,,00353839-3137-3335-3338-303233363731.extra_data.json,12,10,25200000,2,369,89.0,73,476,1,33,100032,2025-11-15 04:03:02.000,,63051050,2025-11-15 12:15:02.496,2025-11-15 12:05:54.000,,,UTC-0300,yeLoKu9/uD,,com.sec.android.app.shealth,2025-11-15 11:59:02.000,00353839-3137-3335-3338-303233363731,
34,,7.0,12,17,17,6,0,10,76,72,0,0,,14,,16,0,,86,,0,,3,-1,,10,14,15,23,13.0,2025-11-15 18:12:31.000,17.0,,2025-11-15 16:39:20.000,82800000,,00353839-3137-3035-3330-333233363731.extra_data.json,12,1,25200000,0,49,86.0,43,76,1,2,100032,2025-11-15 16:39:20.000,,63051050,2025-11-15 18:37:39.171,2025-11-15 18:12:31.000,,,UTC-0300,yeLoKu9/uD,,com.sec.android.app.shealth,2025-11-15 17:55:20.000,00353839-3137-3035-3330-333233363731,
34,,69.0,12,7,7,14,0,20,359,298,0,3,,2,,16,0,,94,,48,,0,-1,,10,16,15,23,35.0,2025-11-16 13:03:59.000,11.0,,2025-11-16 06:47:21.000,82800000,,00353839-3137-3833-3238-393233363731.extra_data.json,12,17,25200000,1,284,94.0,67,359,1,20,100032,2025-11-16 06:47:21.000,,63051050,2025-11-16 13:24:07.906,2025-11-16 13:03:59.000,,,UTC-0300,yeLoKu9/uD,,com.sec.android.app.shealth,2025-11-16 12:46:21.000,00353839-3137-3833-3238-393233363731,
34,,60.0,11,0,1,5,0,52,458,106,0,15,,1,,16,0,,88,,37,,0,-1,,10,16,15,23,43.0,2025-11-17 12:04:37.000,19.0,,2025-11-17 04:26:16.000,82800000,,00353839-3137-3637-3031-383333363731.extra_data.json,12,9,25200000,4,368,88.0,69,458,1,32,100032,2025-11-17 04:26:16.000,,63051050,2025-11-17 12:04:41.992,2025-11-17 12:04:37.000,,,UTC-0300,yeLoKu9/uD,,com.sec.android.app.shealth,2025-11-17 12:04:16.000,00353839-3137-3637-3031-383333363731,
34,,56.0,11,19,19,28,0,67,464,247,0,33,,7,,16,0,,85,,33,,0,-1,,10,16,15,23,54.0,2025-11-18 11:10:28.000,33.0,,2025-11-18 03:25:52.000,82800000,,00353839-3137-3732-3234-363433363731.extra_data.json,12,8,25200000,4,345,85.0,72,464,1,30,100032,2025-11-18 03:25:52.000,,63051050,2025-11-18 11:10:42.368,2025-11-18 11:10:28.000,,,UTC-0300,yeLoKu9/uD,,com.sec.android.app.shealth,2025-11-18 11:09:52.000,00353839-3137-3732-3234-363433363731,
34,,35.0,12,16,16,10,0,13,205,126,0,0,,13,,16,0,,93,,19,ef172b1b-a16c-4699-8edd-226798a2214f,0,-1,,10,16,15,23,25.0,2025-11-19 07:13:18.000,14.0,,2025-11-19 03:47:55.000,82800000,,00353839-3137-3739-3336-333533363731.extra_data.json,12,10,25200000,4,157,93.0,54,205,1,3,100032,2025-11-19 03:47:55.000,,63051050,2025-11-19 11:56:57.005,2025-11-19 07:13:18.000,,,UTC-0300,yeLoKu9/uD,,com.sec.android.app.shealth,2025-11-19 07:12:55.000,00353839-3137-3739-3336-333533363731,
34,,47.0,12,17,17,2,0,16,222,150,0,0,,13,,16,0,,92,,25,ef172b1b-a16c-4699-8edd-226798a2214f,0,-1,,10,16,15,23,26.0,2025-11-19 11:32:46.000,5.0,,2025-11-19 07:32:19.000,82800000,,00353839-3137-3536-3931-353533363731.extra_data.json,12,14,25200000,1,164,92.0,59,222,1,4,100032,2025-11-19 07:32:19.000,,63051050,2025-11-19 11:56:57.019,2025-11-19 11:32:46.000,,,UTC-0300,yeLoKu9/uD,,com.sec.android.app.shealth,2025-11-19 11:14:19.000,00353839-3137-3536-3931-353533363731,
34,,77.0,12,17,46,2,0,22,478,73,0,0,,15,,16,0,,95,,55,,0,-1,,10,16,15,23,85.0,2025-11-20 12:08:39.000,7.0,,2025-11-20 03:33:39.000,82800000,,00353839-3137-3831-3530-343633363731.extra_data.json,12,13,25200000,4,355,95.0,90,478,1,34,100032,2025-11-20 03:33:39.000,,63051050,2025-11-20 12:20:45.314,2025-11-20 12:08:39.000,,,UTC-0300,yeLoKu9/uD,,com.sec.android.app.shealth,2025-11-20 11:31:39.000,00353839-3137-3831-3530-343633363731,
34,,8.0,5,1,1,16,0,16,95,94,0,12,,1,,16,0,,83,,0,,2,-1,,10,16,18,26,8.0,2025-11-21 07:58:08.000,46.0,,2025-11-21 06:23:06.000,82800000,,00353839-3137-3738-3831-313733363731.extra_data.json,6,1,25200000,0,78,83.0,24,95,1,1,100032,2025-11-21 06:23:06.000,,63060070,2025-11-21 13:16:43.160,2025-11-21 07:58:08.000,,,UTC-0300,yeLoKu9/uD,,com.sec.android.app.shealth,2025-11-21 07:58:06.000,00353839-3137-3738-3831-313733363731,
34,,8.0,6,0,0,8,0,8,112,111,0,3,,1,,16,0,,92,,0,,1,-1,,10,16,18,26,8.0,2025-11-21 19:36:23.000,17.0,,2025-11-21 17:44:03.000,82800000,,00353839-3137-3238-3733-353733363731.extra_data.json,6,1,25200000,0,104,92.0,26,112,1,2,100032,2025-11-21 17:44:03.000,,63060070,2025-11-21 19:36:31.751,2025-11-21 19:36:23.000,,,UTC-0300,yeLoKu9/uD,,com.sec.android.app.shealth,2025-11-21 19:36:03.000,00353839-3137-3238-3733-353733363731,
34,,56.0,5,12,12,22,0,40,371,194,0,18,,5,,16,0,,89,,38,,0,-1,,10,16,18,26,37.0,2025-11-22 10:55:57.000,27.0,,2025-11-22 04:18:13.000,82800000,,00353839-3137-3635-3938-303833363731.extra_data.json,6,13,25200000,2,281,89.0,55,371,1,16,100032,2025-11-22 04:18:13.000,,63060070,2025-11-22 11:02:01.782,2025-11-22 10:55:57.000,,,UTC-0300,yeLoKu9/uD,,com.sec.android.app.shealth,2025-11-22 10:29:13.000,00353839-3137-3635-3938-303833363731,
34,,9.0,6,11,11,9,0,9,124,123,0,3,,16,,16,0,,92,,0,,1,-1,,10,16,18,26,13.0,2025-11-23 07:10:37.000,17.0,,2025-11-23 05:06:01.000,82800000,,00353839-3137-3633-3831-383833363731.extra_data.json,6,1,25200000,0,104,92.0,41,124,1,2,100032,2025-11-23 05:06:01.000,,63060070,2025-11-23 07:10:44.977,2025-11-23 07:10:37.000,,,UTC-0300,yeLoKu9/uD,,com.sec.android.app.shealth,2025-11-23 07:10:01.000,00353839-3137-3633-3831-383833363731,
34,,68.0,6,27,27,19,0,34,472,290,0,15,,11,,16,0,,92,,44,,0,-1,,10,16,18,26,68.0,2025-11-24 10:57:35.000,17.0,,2025-11-24 02:48:41.000,82800000,,00353839-3137-3435-3831-383933363731.extra_data.json,6,11,25200000,5,367,92.0,75,472,1,31,100032,2025-11-24 02:48:41.000,,63060070,2025-11-24 11:22:45.744,2025-11-24 10:57:35.000,,,UTC-0300,yeLoKu9/uD,,com.sec.android.app.shealth,2025-11-24 10:40:41.000,00353839-3137-3435-3831-383933363731,
34,,80.0,6,41,41,13,1,31,468,227,0,6,,16,,16,0,,93,,65,,0,-1,,10,16,18,26,80.0,2025-11-25 11:07:21.000,14.0,,2025-11-25 03:11:29.000,82800000,,00353839-3137-3034-3838-363034363731.extra_data.json,6,19,25200000,3,331,93.0,88,468,1,31,100032,2025-11-25 03:11:29.000,,63060070,2025-11-25 11:32:36.385,2025-11-25 11:07:21.000,,,UTC-0300,yeLoKu9/uD,,com.sec.android.app.shealth,2025-11-25 10:59:29.000,00353839-3137-3034-3838-363034363731,
34,,89.0,6,28,29,10,1,25,481,149,0,6,,12,,16,0,,94,,89,,0,-1,,10,16,18,26,73.0,2025-11-27 11:54:48.000,13.0,,2025-11-27 03:32:51.000,82800000,,00353839-3137-3738-3434-343234363731.extra_data.json,6,24,25200000,5,338,94.0,90,481,1,32,100032,2025-11-27 03:32:51.000,,63060070,2025-11-27 12:16:58.508,2025-11-27 11:54:48.000,,,UTC-0300,yeLoKu9/uD,,com.sec.android.app.shealth,2025-11-27 11:33:51.000,00353839-3137-3738-3434-343234363731,
34,,64.0,6,13,13,27,4,44,402,277,0,10,,5,,16,0,,89,,45,,0,-1,,10,16,18,26,44.0,2025-11-28 10:18:23.000,21.0,,2025-11-28 03:35:36.000,82800000,,00353839-3137-3230-3135-323334363731.extra_data.json,6,14,25200000,2,300,89.0,62,402,1,21,100032,2025-11-28 03:35:36.000,,63060070,2025-11-28 10:43:31.005,2025-11-28 10:18:23.000,,,UTC-0300,yeLoKu9/uD,,com.sec.android.app.shealth,2025-11-28 10:17:36.000,00353839-3137-3230-3135-323334363731,
34,,6.0,6,18,18,0,0,0,47,46,0,0,,15,,16,0,,100,,0,,5,-1,,10,16,18,26,12.0,2025-11-28 11:27:33.000,0.0,,2025-11-28 10:40:25.000,82800000,,00353839-3137-3235-3239-323334363731.extra_data.json,6,1,25200000,0,29,100.0,40,47,1,2,100032,2025-11-28 10:40:25.000,,63060070,2025-11-28 11:52:39.300,2025-11-28 11:27:33.000,,,UTC-0300,yeLoKu9/uD,,com.sec.android.app.shealth,2025-11-28 11:27:25.000,00353839-3137-3235-3239-323334363731,
34,,80.0,6,18,18,8,0,20,343,133,0,10,,10,,16,0,,94,,65,,0,-1,,10,16,18,26,42.0,2025-11-29 10:52:27.000,15.0,,2025-11-29 04:51:44.000,82800000,,00353839-3137-3634-3533-313434363731.extra_data.json,6,24,25200000,3,240,94.0,72,343,1,16,100032,2025-11-29 04:51:44.000,,63060070,2025-11-29 11:18:37.973,2025-11-29 10:52:27.000,,,UTC-0300,yeLoKu9/uD,,com.sec.android.app.shealth,2025-11-29 10:34:44.000,00353839-3137-3634-3533-313434363731,
34,,6.0,6,20,20,0,0,0,65,64,0,0,,16,,16,0,,100,,0,,4,-1,,10,16,18,26,14.0,2025-11-30 05:25:02.000,0.0,,2025-11-30 04:19:26.000,82800000,,00353839-3137-3130-3330-383434363731.extra_data.json,6,1,25200000,0,45,100.0,41,65,1,2,100032,2025-11-30 04:19:26.000,,63060070,2025-11-30 05:25:09.765,2025-11-30 05:25:02.000,,,UTC-0300,yeLoKu9/uD,,com.sec.android.app.shealth,2025-11-30 05:24:26.000,00353839-3137-3130-3330-383434363731,
34,,82.0,6,10,33,4,2,30,414,76,0,7,,15,,16,0,,92,,71,,0,-1,,10,16,18,26,68.0,2025-12-01 11:46:00.000,14.0,,2025-12-01 04:21:13.000,82800000,,00353839-3137-3935-3539-383534363731.extra_data.json,6,22,25200000,4,280,92.0,86,414,1,27,100032,2025-12-01 04:21:13.000,,63060070,2025-12-01 12:15:11.426,2025-12-01 11:46:00.000,,,UTC-0300,yeLoKu9/uD,,com.sec.android.app.shealth,2025-12-01 11:15:13.000,00353839-3137-3935-3539-383534363731,
34,,75.0,6,39,42,11,2,43,527,196,0,5,,15,,16,0,,91,,51,,0,-1,,10,16,18,26,85.0,2025-12-02 11:07:25.000,14.0,,2025-12-02 02:08:27.000,82800000,,00353839-3137-3434-3633-373634363731.extra_data.json,6,12,25200000,6,391,91.0,80,527,1,31,100032,2025-12-02 02:08:27.000,,63060070,2025-12-02 11:33:36.756,2025-12-02 11:07:25.000,,,UTC-0300,yeLoKu9/uD,,com.sec.android.app.shealth,2025-12-02 10:55:27.000,00353839-3137-3434-3633-373634363731,
34,,8.0,5,0,0,17,0,17,113,112,0,10,,0,,16,0,,84,,1,,1,-1,,10,16,18,26,8.0,2025-12-02 20:15:20.000,39.0,,2025-12-02 18:14:09.000,82800000,,00353839-3137-3931-3536-303734363731.extra_data.json,6,1,25200000,0,95,84.0,24,113,1,2,100032,2025-12-02 18:14:09.000,,63060070,2025-12-02 20:32:27.867,2025-12-02 20:15:20.000,,,UTC-0300,yeLoKu9/uD,,com.sec.android.app.shealth,2025-12-02 20:07:09.000,00353839-3137-3931-3536-303734363731,
34,,76.0,6,1,1,24,0,29,448,260,0,6,,1,,16,0,,93,,58,,0,-1,,10,16,18,26,42.0,2025-12-03 10:55:54.000,17.0,,2025-12-03 03:27:06.000,82800000,,00353839-3137-3335-3339-353734363731.extra_data.json,6,17,25200000,2,360,93.0,71,448,1,31,100032,2025-12-03 03:27:06.000,,63060070,2025-12-03 11:01:05.437,2025-12-03 10:55:54.000,,,UTC-0300,yeLoKu9/uD,,com.sec.android.app.shealth,2025-12-03 10:55:06.000,00353839-3137-3335-3339-353734363731,
34,,70.0,5,13,13,21,0,55,404,181,0,23,,5,,16,0,,86,,55,,0,-1,,10,16,18,26,41.0,2025-12-04 10:47:38.000,31.0,,2025-12-04 03:47:51.000,82800000,,00353839-3137-3735-3235-343834363731.extra_data.json,6,18,25200000,3,281,86.0,63,404,1,19,100032,2025-12-04 03:47:51.000,,63060070,2025-12-04 10:55:46.807,2025-12-04 10:47:38.000,,,UTC-0300,yeLoKu9/uD,,com.sec.android.app.shealth,2025-12-04 10:31:51.000,00353839-3137-3735-3235-343834363731,
34,,75.0,6,10,10,9,0,29,374,212,0,10,,4,,16,0,,92,,58,,0,-1,,10,12,18,26,37.0,2025-12-05 10:25:15.000,14.0,,2025-12-05 03:49:30.000,82800000,,00353839-3137-3431-3330-333934363731.extra_data.json,6,21,25200000,2,277,92.0,63,374,1,20,100032,2025-12-05 03:49:30.000,,63060070,2025-12-05 10:49:22.510,2025-12-05 10:25:15.000,,,UTC-0300,yeLoKu9/uD,,com.sec.android.app.shealth,2025-12-05 10:03:30.000,00353839-3137-3431-3330-333934363731,
34,,75.0,6,14,26,7,0,32,381,118,0,17,,13,,16,0,,91,,60,,0,-1,,10,16,18,26,53.0,2025-12-07 10:28:54.000,19.0,,2025-12-07 03:54:13.000,82800000,,00353839-3137-3333-3333-303135363731.extra_data.json,6,21,25200000,3,263,91.0,76,381,1,20,100032,2025-12-07 03:54:13.000,,63060070,2025-12-07 10:41:01.366,2025-12-07 10:28:54.000,,,UTC-0300,yeLoKu9/uD,,com.sec.android.app.shealth,2025-12-07 10:15:13.000,00353839-3137-3333-3333-303135363731,
34,,76.0,6,19,19,12,2,33,434,203,0,8,,8,,16,0,,92,,59,,0,-1,,10,12,18,26,56.0,2025-12-08 11:48:38.000,15.0,,2025-12-08 04:06:47.000,82800000,,00353839-3137-3731-3534-393135363731.extra_data.json,6,18,25200000,2,323,92.0,73,434,1,29,100032,2025-12-08 04:06:47.000,,63060070,2025-12-08 12:12:45.676,2025-12-08 11:48:38.000,,,UTC-0300,yeLoKu9/uD,,com.sec.android.app.shealth,2025-12-08 11:20:47.000,00353839-3137-3731-3534-393135363731,
34,,77.0,6,8,8,29,0,41,499,337,0,20,,2,,16,0,,91,,59,,0,-1,,10,16,18,26,51.0,2025-12-09 11:42:51.000,21.0,,2025-12-09 03:01:14.000,82800000,,00353839-3137-3037-3530-383235363731.extra_data.json,6,15,25200000,3,391,91.0,70,499,1,31,100032,2025-12-09 03:01:14.000,,63060070,2025-12-09 12:01:55.486,2025-12-09 11:42:51.000,,,UTC-0300,yeLoKu9/uD,,com.sec.android.app.shealth,2025-12-09 11:20:14.000,00353839-3137-3037-3530-383235363731,
34,,6.0,6,14,14,2,0,2,52,51,0,0,,16,,16,0,,96,,0,,3,-1,,10,16,18,26,11.0,2025-12-09 21:30:28.000,8.0,,2025-12-09 20:21:19.000,82800000,,00353839-3137-3732-3835-313335363731.extra_data.json,6,1,25200000,0,36,96.0,41,52,1,2,100032,2025-12-09 20:21:19.000,,63060070,2025-12-09 21:56:37.100,2025-12-09 21:30:28.000,,,UTC-0300,yeLoKu9/uD,,com.sec.android.app.shealth,2025-12-09 21:13:19.000,00353839-3137-3732-3835-313335363731,
34,,91.0,6,17,21,5,0,34,605,86,0,10,,5,,16,0,,94,,91,,0,-1,,10,16,18,26,79.0,2025-12-10 12:29:06.000,13.0,,2025-12-10 02:12:01.000,82800000,,00353839-3137-3534-3739-363335363731.extra_data.json,6,20,25200000,5,459,94.0,76,605,1,29,100032,2025-12-10 02:12:01.000,,63060070,2025-12-10 12:39:17.318,2025-12-10 12:29:06.000,,,UTC-0300,yeLoKu9/uD,,com.sec.android.app.shealth,2025-12-10 12:17:01.000,00353839-3137-3534-3739-363335363731,
34,,91.0,6,13,18,3,2,28,526,99,0,3,,5,,16,0,,94,,93,,0,-1,,10,14,18,26,70.0,2025-12-11 12:33:02.000,8.0,,2025-12-11 03:26:57.000,82800000,,00353839-3137-3138-3336-353435363731.extra_data.json,6,23,25200000,5,387,94.0,80,526,1,32,100032,2025-12-11 03:26:57.000,,63060070,2025-12-11 12:58:15.315,2025-12-11 12:33:02.000,,,UTC-0300,yeLoKu9/uD,,com.sec.android.app.shealth,2025-12-11 12:12:57.000,00353839-3137-3138-3336-353435363731,
34,,66.0,6,13,13,14,0,16,269,258,0,0,,9,,16,0,,94,,43,8b870053-c0e9-4ff8-8084-61663b880527,0,-1,,10,16,18,26,30.0,2025-12-12 07:02:05.000,11.0,,2025-12-12 02:19:32.000,82800000,,00353839-3137-3432-3932-323535363731.extra_data.json,6,21,25200000,1,197,94.0,58,269,1,6,100032,2025-12-12 02:19:32.000,,63060070,2025-12-12 20:14:35.691,2025-12-12 07:02:05.000,,,UTC-0300,yeLoKu9/uD,,com.sec.android.app.shealth,2025-12-12 06:48:32.000,00353839-3137-3432-3932-323535363731,
34,,10.0,5,0,0,13,0,13,116,115,0,0,,0,,16,0,,88,,3,8b870053-c0e9-4ff8-8084-61663b880527,1,-1,,10,16,18,26,9.0,2025-12-12 09:32:20.000,23.0,,2025-12-12 07:36:09.000,82800000,,00353839-3137-3933-3931-333535363731.extra_data.json,6,2,25200000,0,100,88.0,25,116,1,2,100032,2025-12-12 07:36:09.000,,63060070,2025-12-12 20:14:35.715,2025-12-12 09:32:20.000,,,UTC-0300,yeLoKu9/uD,,com.sec.android.app.shealth,2025-12-12 09:32:09.000,00353839-3137-3933-3931-333535363731,
34,,6.0,6,11,11,1,0,1,63,62,0,0,,17,,16,0,,98,,0,,4,-1,,10,16,18,26,10.0,2025-12-12 19:50:32.000,3.0,,2025-12-12 18:47:25.000,82800000,,00353839-3137-3133-3039-363535363731.extra_data.json,6,1,25200000,0,51,98.0,42,63,1,2,100032,2025-12-12 18:47:25.000,,63060070,2025-12-12 20:14:34.810,2025-12-12 19:50:32.000,,,UTC-0300,yeLoKu9/uD,,com.sec.android.app.shealth,2025-12-12 19:50:25.000,00353839-3137-3133-3039-363535363731,
34,,90.0,6,37,37,21,0,59,628,365,0,25,,12,,16,0,,90,,88,,0,-1,,10,16,18,26,87.0,2025-12-14 12:45:35.000,19.0,,2025-12-14 01:50:20.000,82800000,,00353839-3137-3433-3336-313735363731.extra_data.json,6,19,25200000,3,444,90.0,81,628,1,28,100032,2025-12-14 01:50:20.000,,63060070,2025-12-14 13:11:01.017,2025-12-14 12:45:35.000,,,UTC-0300,yeLoKu9/uD,,com.sec.android.app.shealth,2025-12-14 12:18:20.000,00353839-3137-3433-3336-313735363731,
34,,6.0,6,0,0,5,0,5,68,67,0,0,,1,,16,0,,92,,0,022d1262-1bdc-44ae-84d8-3bfe2b606c5e,4,-1,,10,16,18,26,6.0,2025-12-16 03:53:01.000,15.0,,2025-12-16 02:32:53.000,82800000,,00353839-3137-3038-3137-353835363731.extra_data.json,6,1,25200000,0,63,92.0,26,68,1,2,100032,2025-12-16 02:32:53.000,,63070030,2025-12-16 13:21:13.610,2025-12-16 03:53:01.000,,,UTC-0300,yeLoKu9/uD,,com.sec.android.app.shealth,2025-12-16 03:40:53.000,00353839-3137-3038-3137-353835363731,
34,,65.0,6,31,31,21,3,37,459,284,3,18,,13,,16,0,,91,,41,022d1262-1bdc-44ae-84d8-3bfe2b606c5e,0,-1,,10,16,18,26,69.0,2025-12-16 12:57:04.000,19.0,,2025-12-16 04:41:05.000,82800000,,00353839-3137-3332-3839-383835363731.extra_data.json,6,10,25200000,3,350,91.0,76,459,1,31,100032,2025-12-16 04:41:05.000,,63070030,2025-12-16 13:21:13.618,2025-12-16 12:57:04.000,,,UTC-0300,yeLoKu9/uD,,com.sec.android.app.shealth,2025-12-16 12:20:05.000,00353839-3137-3332-3839-383835363731,
34,,71.0,6,16,16,14,0,43,465,148,0,9,,5,,16,0,,90,,50,,0,-1,,10,9,18,26,58.0,2025-12-17 09:45:34.000,20.0,,2025-12-17 01:59:37.000,82800000,,00353839-3137-3333-3734-363935363731.extra_data.json,6,14,25200000,5,356,90.0,64,465,1,30,100032,2025-12-17 01:59:37.000,,63070030,2025-12-17 10:10:43.451,2025-12-17 09:45:34.000,,,UTC-0300,yeLoKu9/uD,,com.sec.android.app.shealth,2025-12-17 09:44:37.000,00353839-3137-3333-3734-363935363731,
34,,7.0,6,6,6,4,0,4,85,84,0,0,,14,,16,0,,95,,0,,3,-1,,10,16,18,26,9.0,2025-12-17 11:41:49.000,9.0,,2025-12-17 10:09:36.000,82800000,,00353839-3137-3830-3731-373935363731.extra_data.json,6,1,25200000,0,75,95.0,39,85,1,2,100032,2025-12-17 10:09:36.000,,63070030,2025-12-17 11:48:54.178,2025-12-17 11:41:49.000,,,UTC-0300,yeLoKu9/uD,,com.sec.android.app.shealth,2025-12-17 11:34:36.000,00353839-3137-3830-3731-373935363731,
34,,85.0,5,22,25,14,1,99,568,140,0,69,,8,,16,0,,82,,76,,0,-1,,10,16,18,26,71.0,2025-12-18 12:41:10.000,40.0,,2025-12-18 03:03:58.000,82800000,,00353839-3137-3936-3631-363036363731.extra_data.json,6,18,25200000,5,368,82.0,75,568,1,28,100032,2025-12-18 03:03:58.000,,63070030,2025-12-18 12:49:22.859,2025-12-18 12:41:10.000,,,UTC-0300,yeLoKu9/uD,,com.sec.android.app.shealth,2025-12-18 12:31:58.000,00353839-3137-3936-3631-363036363731,
34,,81.0,5,16,16,5,2,41,384,103,0,22,,7,,16,0,,89,,72,,0,-1,,10,16,18,26,42.0,2025-12-19 09:32:52.000,21.0,,2025-12-19 03:08:06.000,82800000,,00353839-3137-3137-3736-333136363731.extra_data.json,6,23,25200000,5,255,89.0,70,384,1,19,100032,2025-12-19 03:08:06.000,,63070030,2025-12-19 09:57:59.944,2025-12-19 09:32:52.000,,,UTC-0300,yeLoKu9/uD,,com.sec.android.app.shealth,2025-12-19 09:32:06.000,00353839-3137-3137-3736-333136363731,
34,,52.0,5,14,14,38,0,56,462,379,0,19,,4,,16,0,,87,,27,,0,-1,,10,16,18,26,52.0,2025-12-20 12:01:41.000,26.0,,2025-12-20 04:05:55.000,82800000,,00353839-3137-3030-3132-333236363731.extra_data.json,6,6,25200000,2,365,87.0,59,462,1,28,100032,2025-12-20 04:05:55.000,,63070030,2025-12-20 12:21:08.238,2025-12-20 12:01:41.000,,,UTC-0300,yeLoKu9/uD,,com.sec.android.app.shealth,2025-12-20 11:47:55.000,00353839-3137-3030-3132-333236363731,
34,,91.0,6,28,28,17,0,24,438,215,0,7,,13,,16,0,,94,,98,,0,-1,,10,16,18,26,67.0,2025-12-21 15:25:47.000,15.0,,2025-12-21 07:24:41.000,82800000,,00353839-3137-3634-3730-333336363731.extra_data.json,6,24,25200000,3,288,94.0,90,438,1,31,100032,2025-12-21 07:24:41.000,,63070030,2025-12-21 15:43:09.577,2025-12-21 15:25:47.000,,,UTC-0300,yeLoKu9/uD,,com.sec.android.app.shealth,2025-12-21 14:42:41.000,00353839-3137-3634-3730-333336363731,
34,,74.0,6,32,32,13,0,37,385,160,0,10,,15,,16,0,,90,,59,,0,-1,,10,14,18,26,61.0,2025-12-22 10:40:24.000,19.0,,2025-12-22 04:00:32.000,82800000,,00353839-3137-3332-3030-303436363731.extra_data.json,6,21,25200000,3,257,90.0,76,385,1,20,100032,2025-12-22 04:00:32.000,,63070030,2025-12-22 11:05:31.335,2025-12-22 10:40:24.000,,,UTC-0300,yeLoKu9/uD,,com.sec.android.app.shealth,2025-12-22 10:25:32.000,00353839-3137-3332-3030-303436363731,
34,,7.0,6,0,0,7,0,7,73,72,0,0,,1,,16,0,,90,,0,,4,-1,,10,16,18,26,7.0,2025-12-22 17:37:10.000,19.0,,2025-12-22 16:15:01.000,82800000,,00353839-3137-3932-3035-323436363731.extra_data.json,6,1,25200000,0,66,90.0,26,73,1,2,100032,2025-12-22 16:15:01.000,,63070030,2025-12-22 17:54:12.910,2025-12-22 17:37:10.000,,,UTC-0300,yeLoKu9/uD,,com.sec.android.app.shealth,2025-12-22 17:28:01.000,00353839-3137-3932-3035-323436363731,
34,,8.0,6,0,0,8,0,8,99,98,0,3,,1,,16,0,,91,,0,e5137c79-d9c4-4f69-86f6-df2257b4395f,2,-1,,10,16,18,26,8.0,2025-12-23 06:11:09.000,19.0,,2025-12-23 04:31:31.000,82800000,,00353839-3137-3836-3230-373436363731.extra_data.json,6,1,25200000,0,91,91.0,26,99,1,2,100032,2025-12-23 04:31:31.000,,63070030,2025-12-23 13:07:45.163,2025-12-23 06:11:09.000,,,UTC-0300,yeLoKu9/uD,,com.sec.android.app.shealth,2025-12-23 06:10:31.000,00353839-3137-3836-3230-373436363731,
34,,6.0,6,0,0,5,0,9,71,67,0,0,,0,,16,0,,87,,0,e5137c79-d9c4-4f69-86f6-df2257b4395f,4,-1,,10,14,18,26,6.0,2025-12-23 07:32:55.000,15.0,,2025-12-23 06:21:43.000,82800000,,00353839-3137-3437-3135-373436363731.extra_data.json,6,1,25200000,0,62,87.0,23,71,1,2,100032,2025-12-23 06:21:43.000,,63070030,2025-12-23 13:07:45.212,2025-12-23 07:32:55.000,,,UTC-0300,yeLoKu9/uD,,com.sec.android.app.shealth,2025-12-23 07:32:43.000,00353839-3137-3437-3135-373436363731,
34,,38.0,5,7,7,16,0,32,283,188,0,14,,3,,16,0,,88,,23,e5137c79-d9c4-4f69-86f6-df2257b4395f,0,-1,,10,9,18,26,22.0,2025-12-23 12:43:36.000,24.0,,2025-12-23 07:59:57.000,82800000,,00353839-3137-3531-3833-393436363731.extra_data.json,6,9,25200000,3,221,88.0,31,283,1,5,100032,2025-12-23 07:59:57.000,,63070030,2025-12-23 13:07:45.244,2025-12-23 12:43:36.000,,,UTC-0300,yeLoKu9/uD,,com.sec.android.app.shealth,2025-12-23 12:42:57.000,00353839-3137-3531-3833-393436363731,
34,,84.0,6,17,17,34,1,52,565,329,0,19,,4,,16,0,,90,,70,,0,-1,,10,16,18,26,70.0,2025-12-24 13:14:59.000,23.0,,2025-12-24 03:24:16.000,82800000,,00353839-3137-3839-3032-383536363731.extra_data.json,6,16,25200000,4,426,90.0,72,565,1,30,100032,2025-12-24 03:24:16.000,,63070030,2025-12-24 13:27:07.097,2025-12-24 13:14:59.000,,,UTC-0300,yeLoKu9/uD,,com.sec.android.app.shealth,2025-12-24 12:49:16.000,00353839-3137-3839-3032-383536363731,
34,,73.0,5,6,6,47,0,57,467,362,0,31,,2,,16,0,,87,,57,,0,-1,,10,16,18,26,41.0,2025-12-25 12:28:29.000,32.0,,2025-12-25 04:40:33.000,82800000,,00353839-3137-3830-3735-363636363731.extra_data.json,6,16,25200000,3,347,87.0,67,467,1,28,100032,2025-12-25 04:40:33.000,,63070030,2025-12-25 12:33:41.755,2025-12-25 12:28:29.000,,,UTC-0300,yeLoKu9/uD,,com.sec.android.app.shealth,2025-12-25 12:27:33.000,00353839-3137-3830-3735-363636363731,
34,,75.0,6,12,34,7,3,53,491,89,0,25,,14,,16,0,,89,,57,,0,-1,,10,16,18,26,73.0,2025-12-26 12:20:07.000,23.0,,2025-12-26 03:48:04.000,82800000,,00353839-3137-3630-3631-353736363731.extra_data.json,6,15,25200000,8,347,89.0,81,491,1,30,100032,2025-12-26 03:48:04.000,,63070030,2025-12-26 12:47:14.388,2025-12-26 12:20:07.000,,,UTC-0300,yeLoKu9/uD,,com.sec.android.app.shealth,2025-12-26 11:59:04.000,00353839-3137-3630-3631-353736363731,
34,,81.0,6,30,30,12,1,26,361,168,0,6,,15,,16,0,,92,,69,,0,-1,,10,16,18,26,58.0,2025-12-27 10:08:11.000,16.0,,2025-12-27 04:06:30.000,82800000,,00353839-3137-3039-3030-333836363731.extra_data.json,6,24,25200000,5,236,92.0,79,361,1,18,100032,2025-12-27 04:06:30.000,,63070030,2025-12-27 10:36:18.303,2025-12-27 10:08:11.000,,,UTC-0300,yeLoKu9/uD,,com.sec.android.app.shealth,2025-12-27 10:07:30.000,00353839-3137-3039-3030-333836363731,
34,,17.0,6,1,1,7,0,15,137,129,0,3,,1,,16,0,,89,,7,,0,-1,,10,16,18,26,9.0,2025-12-27 13:40:35.000,14.0,,2025-12-27 11:05:17.000,82800000,,00353839-3137-3433-3832-343836363731.extra_data.json,6,5,25200000,1,114,89.0,30,137,1,2,100032,2025-12-27 11:05:17.000,,63070030,2025-12-27 14:05:40.791,2025-12-27 13:40:35.000,,,UTC-0300,yeLoKu9/uD,,com.sec.android.app.shealth,2025-12-27 13:22:17.000,00353839-3137-3433-3832-343836363731,
34,,81.0,6,21,21,30,1,32,526,493,0,11,,7,,16,0,,93,,63,,0,-1,,10,16,18,26,70.0,2025-12-29 12:50:53.000,14.0,,2025-12-29 03:38:42.000,82800000,,00353839-3137-3235-3632-313037363731.extra_data.json,6,16,25200000,1,410,93.0,76,526,1,31,100032,2025-12-29 03:38:42.000,,63070030,2025-12-29 13:15:03.299,2025-12-29 12:50:53.000,,,UTC-0300,yeLoKu9/uD,,com.sec.android.app.shealth,2025-12-29 12:24:42.000,00353839-3137-3235-3632-313037363731,
34,,80.0,5,5,26,7,0,41,409,80,0,21,,13,,16,0,,89,,71,,0,-1,,10,16,18,26,56.0,2025-12-30 13:58:58.000,24.0,,2025-12-30 06:51:01.000,82800000,,00353839-3137-3733-3133-303137363731.extra_data.json,6,22,25200000,6,271,89.0,79,409,1,23,100032,2025-12-30 06:51:01.000,,63070030,2025-12-30 14:23:07.867,2025-12-30 13:58:58.000,,,UTC-0300,yeLoKu9/uD,,com.sec.android.app.shealth,2025-12-30 13:40:01.000,00353839-3137-3733-3133-303137363731,
34,,8.0,5,0,0,13,0,16,110,107,0,6,,0,,16,0,,85,,0,994f4087-ba2b-4377-be76-8bd1909f45e5,1,-1,,10,12,18,26,8.0,2025-12-31 04:47:50.000,30.0,,2025-12-31 02:57:35.000,82800000,,00353839-3137-3936-3436-353137363731.extra_data.json,6,1,25200000,0,94,85.0,20,110,1,2,100032,2025-12-31 02:57:35.000,,63070030,2025-12-31 13:41:03.539,2025-12-31 04:47:50.000,,,UTC-0300,yeLoKu9/uD,,com.sec.android.app.shealth,2025-12-31 04:47:35.000,00353839-3137-3936-3436-353137363731,
34,,55.0,6,12,12,12,0,34,372,219,0,3,,5,,16,0,,90,,33,994f4087-ba2b-4377-be76-8bd1909f45e5,0,-1,,10,16,18,26,40.0,2025-12-31 13:16:55.000,13.0,,2025-12-31 06:44:04.000,82800000,,00353839-3137-3431-3037-383137363731.extra_data.json,6,10,25200000,3,293,90.0,55,372,1,18,100032,2025-12-31 06:44:04.000,,63070030,2025-12-31 13:41:03.554,2025-12-31 13:16:55.000,,,UTC-0300,yeLoKu9/uD,,com.sec.android.app.shealth,2025-12-31 12:56:04.000,00353839-3137-3431-3037-383137363731,
34,,87.0,6,6,24,12,0,34,471,111,0,7,,10,,16,0,,92,,84,,0,-1,,10,16,18,26,67.0,2026-01-01 12:16:38.000,20.0,,2026-01-01 04:24:48.000,82800000,,00353839-3137-3739-3739-363237363731.extra_data.json,6,23,25200000,4,329,92.0,86,471,1,31,100032,2026-01-01 04:24:48.000,,63070030,2026-01-02 13:09:34.082,2026-01-01 12:16:38.000,,,UTC-0300,yeLoKu9/uD,,com.sec.android.app.shealth,2026-01-01 12:15:48.000,00353839-3137-3739-3739-363237363731,
34,,87.0,6,7,8,10,0,43,515,119,0,21,,2,,16,0,,91,,84,,0,-1,,10,6,18,26,53.0,2026-01-02 12:43:21.000,21.0,,2026-01-02 03:52:20.000,82800000,,00353839-3137-3030-3837-353337363731.extra_data.json,6,22,25200000,5,380,91.0,67,515,1,31,100032,2026-01-02 03:52:20.000,,63070030,2026-01-02 13:09:36.637,2026-01-02 12:43:21.000,,,UTC-0300,yeLoKu9/uD,,com.sec.android.app.shealth,2026-01-02 12:27:20.000,00353839-3137-3030-3837-353337363731,
34,,12.0,5,0,0,24,0,24,171,170,0,7,,0,,16,0,,85,,1,781b5d6b-a79b-4200-ba61-04e43a2fcd32,0,-1,,10,16,18,26,12.0,2026-01-03 06:49:40.000,32.0,,2026-01-03 03:58:18.000,82800000,,00353839-3137-3937-3932-323437363731.extra_data.json,6,1,25200000,0,146,85.0,24,171,1,2,100032,2026-01-03 03:58:18.000,,63070030,2026-01-03 13:15:38.060,2026-01-03 06:49:40.000,,,UTC-0300,yeLoKu9/uD,,com.sec.android.app.shealth,2026-01-03 06:49:18.000,00353839-3137-3937-3932-323437363731,
34,,57.0,6,27,27,13,0,22,312,215,0,10,,16,,16,0,,92,,37,781b5d6b-a79b-4200-ba61-04e43a2fcd32,0,-1,,10,16,18,26,46.0,2026-01-03 12:51:26.000,16.0,,2026-01-03 07:09:42.000,82800000,,00353839-3137-3538-3634-343437363731.extra_data.json,6,15,25200000,2,226,92.0,63,312,1,10,100032,2026-01-03 07:09:42.000,,63070030,2026-01-03 13:15:38.071,2026-01-03 12:51:26.000,,,UTC-0300,yeLoKu9/uD,,com.sec.android.app.shealth,2026-01-03 12:21:42.000,00353839-3137-3538-3634-343437363731,
34,,80.0,6,49,49,18,0,27,445,238,0,13,,16,,16,0,,93,,64,,0,-1,,10,6,18,26,81.0,2026-01-04 11:59:16.000,16.0,,2026-01-04 04:18:17.000,82800000,,00353839-3137-3535-3937-323537363731.extra_data.json,6,19,25200000,3,305,93.0,78,445,1,31,100032,2026-01-04 04:18:17.000,,63070030,2026-01-04 12:24:29.350,2026-01-04 11:59:16.000,,,UTC-0300,yeLoKu9/uD,,com.sec.android.app.shealth,2026-01-04 11:43:17.000,00353839-3137-3535-3937-323537363731,
34,,89.0,6,32,32,10,1,21,357,173,0,3,,16,,16,0,,94,,84,,0,-1,,10,15,18,26,60.0,2026-01-05 09:04:52.000,11.0,,2026-01-05 02:53:03.000,82800000,,00353839-3137-3139-3833-303637363731.extra_data.json,6,24,25200000,3,220,94.0,79,357,1,18,100032,2026-01-05 02:53:03.000,,63070030,2026-01-05 09:29:57.239,2026-01-05 09:04:52.000,,,UTC-0300,yeLoKu9/uD,,com.sec.android.app.shealth,2026-01-05 08:50:03.000,00353839-3137-3139-3833-303637363731,
34,,5.0,6,8,8,0,0,0,22,21,0,0,,15,,16,0,,100,,0,,5,-1,,10,16,18,26,7.0,2026-01-05 11:13:06.000,0.0,,2026-01-05 10:51:05.000,82800000,,00353839-3137-3538-3531-313637363731.extra_data.json,6,1,25200000,0,14,100.0,40,22,1,2,100032,2026-01-05 10:51:05.000,,63070030,2026-01-05 11:19:12.272,2026-01-05 11:13:06.000,,,UTC-0300,yeLoKu9/uD,,com.sec.android.app.shealth,2026-01-05 11:13:05.000,00353839-3137-3538-3531-313637363731,
34,,72.0,6,16,16,9,1,27,234,185,0,5,,13,,16,0,,88,,44,201a8943-5519-4ed3-95dd-87ad526f0ea5,0,-1,,10,16,18,26,25.0,2026-01-06 06:36:29.000,12.0,,2026-01-06 02:42:00.000,82800000,,00353839-3137-3838-3331-383637363731.extra_data.json,6,22,25200000,1,147,88.0,60,234,1,3,100032,2026-01-06 02:42:00.000,,63070030,2026-01-06 10:17:02.931,2026-01-06 06:36:29.000,,,UTC-0300,yeLoKu9/uD,,com.sec.android.app.shealth,2026-01-06 06:36:00.000,00353839-3137-3838-3331-383637363731,
34,,10.0,6,8,8,12,0,12,143,142,0,3,,11,,16,0,,91,,0,201a8943-5519-4ed3-95dd-87ad526f0ea5,0,-1,,10,16,18,26,13.0,2026-01-06 10:11:49.000,19.0,,2026-01-06 07:09:32.000,82800000,,00353839-3137-3830-3334-393637363731.extra_data.json,6,1,25200000,0,123,91.0,36,143,1,2,100032,2026-01-06 07:09:32.000,,63070030,2026-01-06 10:17:02.968,2026-01-06 10:11:49.000,,,UTC-0300,yeLoKu9/uD,,com.sec.android.app.shealth,2026-01-06 09:32:32.000,00353839-3137-3830-3334-393637363731,
34,,38.0,5,21,21,40,1,50,358,212,0,27,,12,,16,0,,86,,21,,0,-1,,10,16,18,26,42.0,2026-01-07 10:06:52.000,40.0,,2026-01-07 03:49:09.000,82800000,,00353839-3137-3131-3430-383737363731.extra_data.json,6,6,25200000,2,266,86.0,51,358,1,12,100032,2026-01-07 03:49:09.000,,63070030,2026-01-07 10:24:00.737,2026-01-07 10:06:52.000,,,UTC-0300,yeLoKu9/uD,,com.sec.android.app.shealth,2026-01-07 09:47:09.000,00353839-3137-3131-3430-383737363731,
34,,69.0,6,9,9,26,0,32,409,374,0,4,,3,,16,0,,92,,49,,0,-1,,10,16,18,26,44.0,2026-01-08 10:12:41.000,16.0,,2026-01-08 03:09:54.000,82800000,,00353839-3137-3036-3137-363837363731.extra_data.json,6,16,25200000,2,319,92.0,66,409,1,25,100032,2026-01-08 03:09:54.000,,63070030,2026-01-08 10:17:49.304,2026-01-08 10:12:41.000,,,UTC-0300,yeLoKu9/uD,,com.sec.android.app.shealth,2026-01-08 09:58:54.000,00353839-3137-3036-3137-363837363731,
34,,7.0,5,14,14,12,0,12,76,75,0,6,,15,,16,0,,84,,0,,3,-1,,10,16,18,26,11.0,2026-01-08 12:13:56.000,40.0,,2026-01-08 10:57:48.000,82800000,,00353839-3137-3533-3434-373837363731.extra_data.json,6,1,25200000,0,50,84.0,38,76,1,1,100032,2026-01-08 10:57:48.000,,63070030,2026-01-08 12:35:04.077,2026-01-08 12:13:56.000,,,UTC-0300,yeLoKu9/uD,,com.sec.android.app.shealth,2026-01-08 12:13:48.000,00353839-3137-3533-3434-373837363731,
34,,68.0,6,6,6,15,0,33,400,197,0,7,,2,,16,0,,91,,49,,0,-1,,10,16,18,26,39.0,2026-01-09 09:48:19.000,18.0,,2026-01-09 03:07:35.000,82800000,,00353839-3137-3839-3032-353937363731.extra_data.json,6,16,25200000,2,312,91.0,64,400,1,24,100032,2026-01-09 03:07:35.000,,63070030,2026-01-09 09:53:35.242,2026-01-09 09:48:19.000,,,UTC-0300,yeLoKu9/uD,,com.sec.android.app.shealth,2026-01-09 09:47:35.000,00353839-3137-3839-3032-353937363731,
34,,46.0,5,15,15,23,1,41,328,249,0,13,,8,,16,0,,87,,30,19bb15c4-9e8b-42ac-af61-9c7b9780fe4c,0,-1,,10,16,18,26,35.0,2026-01-11 08:56:49.000,26.0,,2026-01-11 03:28:04.000,82800000,,00353839-3137-3830-3831-323138363731.extra_data.json,6,11,25200000,2,242,87.0,49,328,1,9,100032,2026-01-11 03:28:04.000,,63070030,2026-01-11 13:46:34.620,2026-01-11 08:56:49.000,,,UTC-0300,yeLoKu9/uD,,com.sec.android.app.shealth,2026-01-11 08:56:04.000,00353839-3137-3830-3831-323138363731,
34,,34.0,6,9,9,6,0,8,204,128,0,0,,8,,16,0,,96,,17,19bb15c4-9e8b-42ac-af61-9c7b9780fe4c,0,-1,,10,16,18,26,19.0,2026-01-11 13:21:25.000,9.0,,2026-01-11 09:39:54.000,82800000,,00353839-3137-3438-3637-333138363731.extra_data.json,6,9,25200000,3,170,96.0,42,204,1,3,100032,2026-01-11 09:39:54.000,,63070030,2026-01-11 13:46:34.644,2026-01-11 13:21:25.000,,,UTC-0300,yeLoKu9/uD,,com.sec.android.app.shealth,2026-01-11 13:03:54.000,00353839-3137-3438-3637-333138363731,
34,,48.0,5,0,0,24,0,29,286,214,0,8,,1,,16,0,,89,,31,,0,-1,,10,16,18,26,21.0,2026-01-12 07:56:10.000,24.0,,2026-01-12 03:10:06.000,82800000,,00353839-3137-3936-3534-303238363731.extra_data.json,6,14,25200000,2,226,89.0,42,286,1,6,100032,2026-01-12 03:10:06.000,,63070030,2026-01-12 14:13:26.691,2026-01-12 07:56:10.000,,,UTC-0300,yeLoKu9/uD,,com.sec.android.app.shealth,2026-01-12 07:56:06.000,00353839-3137-3936-3534-303238363731,
34,,64.0,5,42,42,34,1,58,472,300,0,36,,15,,16,0,,87,,41,,0,-1,,10,16,18,26,75.0,2026-01-13 10:24:52.000,31.0,,2026-01-13 02:25:52.000,82800000,,00353839-3137-3139-3839-393238363731.extra_data.json,6,10,25200000,4,331,87.0,75,472,1,29,100032,2026-01-13 02:25:52.000,,63070030,2026-01-13 10:31:04.713,2026-01-13 10:24:52.000,,,UTC-0300,yeLoKu9/uD,,com.sec.android.app.shealth,2026-01-13 10:17:52.000,00353839-3137-3139-3839-393238363731,
34,,53.0,6,16,16,7,0,7,81,80,0,0,,16,,16,0,,91,,16,,3,-1,,10,16,18,26,13.0,2026-01-13 12:52:13.000,17.0,,2026-01-13 11:31:02.000,82800000,,00353839-3137-3233-3738-303338363731.extra_data.json,6,23,25200000,1,42,91.0,63,81,1,2,100032,2026-01-13 11:31:02.000,,63070030,2026-01-13 13:17:21.837,2026-01-13 12:52:13.000,,,UTC-0300,yeLoKu9/uD,,com.sec.android.app.shealth,2026-01-13 12:52:02.000,00353839-3137-3233-3738-303338363731,
34,,90.0,6,17,18,11,0,25,409,125,0,0,,8,,16,0,,93,,96,,0,-1,,10,16,18,26,55.0,2026-01-14 10:07:09.000,15.0,,2026-01-14 02:54:09.000,82800000,,00353839-3137-3832-3235-383338363731.extra_data.json,6,24,25200000,4,270,93.0,81,409,1,27,100032,2026-01-14 02:54:09.000,,63070030,2026-01-14 10:30:22.399,2026-01-14 10:07:09.000,,,UTC-0300,yeLoKu9/uD,,com.sec.android.app.shealth,2026-01-14 09:43:09.000,00353839-3137-3832-3235-383338363731,
34,,6.0,6,21,21,0,0,0,61,60,0,0,,16,,16,0,,100,,0,,4,-1,,10,16,18,26,14.0,2026-01-14 12:11:25.000,0.0,,2026-01-14 11:10:17.000,82800000,,00353839-3137-3438-3632-393338363731.extra_data.json,6,1,25200000,0,40,100.0,41,61,1,2,100032,2026-01-14 11:10:17.000,,63070030,2026-01-14 12:24:32.066,2026-01-14 12:11:25.000,,,UTC-0300,yeLoKu9/uD,,com.sec.android.app.shealth,2026-01-14 12:11:17.000,00353839-3137-3438-3632-393338363731,
34,,82.0,6,9,21,11,1,20,438,234,0,3,,9,,16,0,,95,,68,,0,-1,,10,16,18,26,61.0,2026-01-15 10:18:20.000,10.0,,2026-01-15 02:34:17.000,82800000,,00353839-3137-3939-3232-373438363731.extra_data.json,6,21,25200000,4,329,95.0,84,438,1,32,100032,2026-01-15 02:34:17.000,,63070030,2026-01-15 10:30:34.652,2026-01-15 10:18:20.000,,,UTC-0300,yeLoKu9/uD,,com.sec.android.app.shealth,2026-01-15 09:52:17.000,00353839-3137-3939-3232-373438363731,
34,,93.0,6,23,28,5,1,36,453,115,0,20,,12,,16,0,,92,,115,,0,-1,,10,16,18,26,65.0,2026-01-16 10:15:31.000,17.0,,2026-01-16 02:30:33.000,82800000,,00353839-3137-3033-3538-353538363731.extra_data.json,6,23,25200000,3,274,92.0,88,453,1,31,100032,2026-01-16 02:30:33.000,,63070030,2026-01-16 10:34:40.787,2026-01-16 10:15:31.000,,,UTC-0300,yeLoKu9/uD,,com.sec.android.app.shealth,2026-01-16 10:03:33.000,00353839-3137-3033-3538-353538363731,
34,,38.0,6,37,37,18,1,34,281,122,0,13,,15,,16,0,,87,,23,8296eac1-8eb6-4526-9309-55d6d32cc95f,0,-1,,10,16,18,26,49.0,2026-01-17 06:57:22.000,29.0,,2026-01-17 02:15:46.000,82800000,,00353839-3137-3134-3033-333638363731.extra_data.json,6,9,25200000,3,187,87.0,51,281,1,5,100032,2026-01-17 02:15:46.000,,63070030,2026-01-17 13:30:15.798,2026-01-17 06:57:22.000,,,UTC-0300,yeLoKu9/uD,,com.sec.android.app.shealth,2026-01-17 06:56:46.000,00353839-3137-3134-3033-333638363731,
34,,71.0,6,27,27,13,0,21,329,250,0,0,,15,,16,0,,93,,51,8296eac1-8eb6-4526-9309-55d6d32cc95f,0,-1,,10,12,18,26,52.0,2026-01-17 13:05:08.000,11.0,,2026-01-17 07:20:23.000,82800000,,00353839-3137-3730-3135-353638363731.extra_data.json,6,21,25200000,3,230,93.0,67,329,1,13,100032,2026-01-17 07:20:23.000,,63070030,2026-01-17 13:30:15.817,2026-01-17 13:05:08.000,,,UTC-0300,yeLoKu9/uD,,com.sec.android.app.shealth,2026-01-17 12:49:23.000,00353839-3137-3730-3135-353638363731,
34,,86.0,6,35,35,14,5,41,492,137,0,15,,14,,16,0,,91,,81,,0,-1,,10,16,18,26,76.0,2026-01-18 11:05:55.000,22.0,,2026-01-18 02:35:51.000,82800000,,00353839-3137-3435-3334-333738363731.extra_data.json,6,22,25200000,6,335,91.0,89,492,1,31,100032,2026-01-18 02:35:51.000,,63070030,2026-01-18 11:32:06.756,2026-01-18 11:05:55.000,,,UTC-0300,yeLoKu9/uD,,com.sec.android.app.shealth,2026-01-18 10:47:51.000,00353839-3137-3435-3334-333738363731,
34,,90.0,6,1,1,21,0,40,477,186,0,19,,1,,16,0,,91,,97,,0,-1,,10,16,18,26,46.0,2026-01-19 10:29:40.000,24.0,,2026-01-19 02:18:37.000,82800000,,00353839-3137-3937-3538-313838363731.extra_data.json,6,23,25200000,4,339,91.0,77,477,1,31,100032,2026-01-19 02:18:37.000,,63070030,2026-01-19 10:43:49.878,2026-01-19 10:29:40.000,,,UTC-0300,yeLoKu9/uD,,com.sec.android.app.shealth,2026-01-19 10:15:37.000,00353839-3137-3937-3538-313838363731,
34,,55.0,6,23,23,16,0,27,419,239,0,0,,11,,16,0,,93,,30,,0,-1,,10,16,18,26,62.0,2026-01-20 09:34:57.000,13.0,,2026-01-20 02:08:49.000,82800000,,00353839-3137-3639-3631-303938363731.extra_data.json,6,7,25200000,4,339,93.0,68,419,1,28,100032,2026-01-20 02:08:49.000,,63070030,2026-01-20 09:35:09.116,2026-01-20 09:34:57.000,,,UTC-0300,yeLoKu9/uD,,com.sec.android.app.shealth,2026-01-20 09:07:49.000,00353839-3137-3639-3631-303938363731,
34,,90.0,6,27,33,2,0,27,460,83,0,5,,14,,16,0,,94,,96,,0,-1,,10,16,18,26,74.0,2026-01-22 11:32:21.000,9.0,,2026-01-22 03:24:24.000,82800000,,00353839-3137-3034-3531-383039363731.extra_data.json,6,24,25200000,5,304,94.0,92,460,1,32,100032,2026-01-22 03:24:24.000,,63070030,2026-01-22 11:54:32.535,2026-01-22 11:32:21.000,,,UTC-0300,yeLoKu9/uD,,com.sec.android.app.shealth,2026-01-22 11:04:24.000,00353839-3137-3034-3531-383039363731,
34,,6.0,5,0,0,6,0,14,65,57,0,0,,0,,16,0,,78,,0,6fd083e7-8db8-4826-a91b-34ecafc7ad61,3,-1,,10,16,18,26,6.0,2026-01-23 02:37:21.000,21.0,,2026-01-23 01:32:13.000,82800000,,00353839-3137-3034-3835-333139363731.extra_data.json,6,1,25200000,0,51,78.0,23,65,1,1,100032,2026-01-23 01:32:13.000,,63070030,2026-01-23 10:41:26.312,2026-01-23 02:37:21.000,,,UTC-0300,yeLoKu9/uD,,com.sec.android.app.shealth,2026-01-23 02:37:13.000,00353839-3137-3034-3835-333139363731,
34,,38.0,6,5,5,16,0,29,301,138,0,6,,2,,16,0,,90,,22,6fd083e7-8db8-4826-a91b-34ecafc7ad61,0,-1,,10,16,18,26,25.0,2026-01-23 08:00:58.000,23.0,,2026-01-23 02:59:23.000,82800000,,00353839-3137-3735-3235-353139363731.extra_data.json,6,8,25200000,4,245,90.0,40,301,1,8,100032,2026-01-23 02:59:23.000,,63070030,2026-01-23 10:41:26.327,2026-01-23 08:00:58.000,,,UTC-0300,yeLoKu9/uD,,com.sec.android.app.shealth,2026-01-23 08:00:23.000,00353839-3137-3735-3235-353139363731,
34,,5.0,6,18,18,0,0,0,30,29,0,0,,13,,16,0,,100,,0,6fd083e7-8db8-4826-a91b-34ecafc7ad61,5,-1,,10,16,18,26,11.0,2026-01-23 10:17:18.000,0.0,,2026-01-23 09:47:14.000,82800000,,00353839-3137-3733-3433-363139363731.extra_data.json,6,1,25200000,0,12,100.0,38,30,1,2,100032,2026-01-23 09:47:14.000,,63070030,2026-01-23 10:41:26.338,2026-01-23 10:17:18.000,,,UTC-0300,yeLoKu9/uD,,com.sec.android.app.shealth,2026-01-23 10:17:14.000,00353839-3137-3733-3433-363139363731,
34,,60.0,6,7,7,9,1,54,449,114,0,16,,2,,16,0,,87,,38,,0,-1,,10,16,18,26,42.0,2026-01-24 10:12:11.000,21.0,,2026-01-24 02:28:19.000,82800000,,00353839-3137-3033-3539-343239363731.extra_data.json,6,10,25200000,5,350,87.0,61,449,1,27,100032,2026-01-24 02:28:19.000,,63070030,2026-01-24 10:37:25.111,2026-01-24 10:12:11.000,,,UTC-0300,yeLoKu9/uD,,com.sec.android.app.shealth,2026-01-24 09:57:19.000,00353839-3137-3033-3539-343239363731,
34,,6.0,5,10,10,7,0,7,59,58,0,4,,15,,16,0,,88,,0,,4,-1,,10,16,18,26,9.0,2026-01-24 17:43:10.000,31.0,,2026-01-24 16:39:02.000,82800000,,00353839-3137-3938-3536-373239363731.extra_data.json,6,1,25200000,0,42,88.0,39,59,1,2,100032,2026-01-24 16:39:02.000,,63070030,2026-01-24 18:09:15.128,2026-01-24 17:43:10.000,,,UTC-0300,yeLoKu9/uD,,com.sec.android.app.shealth,2026-01-24 17:38:02.000,00353839-3137-3938-3536-373239363731,
34,,76.0,5,37,37,40,3,60,503,295,3,32,,14,,16,0,,88,,58,,0,-1,,10,16,18,26,76.0,2026-01-25 12:12:34.000,32.0,,2026-01-25 03:36:24.000,82800000,,00353839-3137-3335-3133-343339363731.extra_data.json,6,15,25200000,6,348,88.0,79,503,1,29,100032,2026-01-25 03:36:24.000,,63070030,2026-01-25 13:58:48.924,2026-01-25 12:12:34.000,,,UTC-0300,yeLoKu9/uD,,com.sec.android.app.shealth,2026-01-25 11:59:24.000,00353839-3137-3335-3133-343339363731,
34,,84.0,6,14,14,10,0,20,344,125,0,11,,7,,16,0,,94,,73,,0,-1,,10,16,18,26,37.0,2026-01-26 08:31:46.000,17.0,,2026-01-26 02:47:07.000,82800000,,00353839-3137-3530-3336-313439363731.extra_data.json,6,24,25200000,3,237,94.0,69,344,1,16,100032,2026-01-26 02:47:07.000,,63070030,2026-01-26 08:36:58.326,2026-01-26 08:31:46.000,,,UTC-0300,yeLoKu9/uD,,com.sec.android.app.shealth,2026-01-26 08:31:07.000,00353839-3137-3530-3336-313439363731,
34,,7.0,3,7,7,18,0,18,78,77,0,13,,13,,16,0,,76,,0,,3,-1,,10,16,18,26,8.0,2026-01-26 12:05:17.000,63.0,,2026-01-26 10:47:07.000,82800000,,00353839-3137-3631-3139-323439363731.extra_data.json,6,1,25200000,0,53,76.0,34,78,1,1,100032,2026-01-26 10:47:07.000,,63070030,2026-01-26 12:20:23.859,2026-01-26 12:05:17.000,,,UTC-0300,yeLoKu9/uD,,com.sec.android.app.shealth,2026-01-26 12:05:07.000,00353839-3137-3631-3139-323439363731,
34,,72.0,6,17,17,11,0,11,170,169,0,3,,16,,16,0,,93,,39,033655d3-0952-464a-bd28-5820e14177a1,0,-1,,10,16,18,26,21.0,2026-01-27 05:12:19.000,15.0,,2026-01-27 02:21:58.000,82800000,,00353839-3137-3833-3730-393439363731.extra_data.json,6,24,25200000,0,103,93.0,64,170,1,2,100032,2026-01-27 02:21:58.000,,63070030,2026-01-27 09:17:53.325,2026-01-27 05:12:19.000,,,UTC-0300,yeLoKu9/uD,,com.sec.android.app.shealth,2026-01-27 05:11:58.000,00353839-3137-3833-3730-393439363731,
34,,12.0,5,3,3,13,1,31,195,166,0,16,,2,,16,0,,84,,4,033655d3-0952-464a-bd28-5820e14177a1,0,-1,,10,16,18,26,12.0,2026-01-27 08:51:46.000,32.0,,2026-01-27 05:36:21.000,82800000,,00353839-3137-3530-3933-303539363731.extra_data.json,6,2,25200000,1,157,84.0,27,195,1,2,100032,2026-01-27 05:36:21.000,,63070030,2026-01-27 09:17:53.353,2026-01-27 08:51:46.000,,,UTC-0300,yeLoKu9/uD,,com.sec.android.app.shealth,2026-01-27 08:51:21.000,00353839-3137-3530-3933-303539363731,
34,,86.0,6,39,39,24,1,44,554,306,0,11,,14,,16,0,,92,,79,,0,-1,,10,16,18,26,85.0,2026-01-28 11:15:51.000,18.0,,2026-01-28 01:34:41.000,82800000,,00353839-3137-3035-3938-393539363731.extra_data.json,6,19,25200000,3,392,92.0,86,554,1,31,100032,2026-01-28 01:34:41.000,,63070030,2026-01-28 11:42:01.374,2026-01-28 11:15:51.000,,,UTC-0300,yeLoKu9/uD,,com.sec.android.app.shealth,2026-01-28 10:48:41.000,00353839-3137-3035-3938-393539363731,
34,,82.0,6,13,13,26,2,31,412,326,0,3,,5,,16,0,,92,,72,,0,-1,,10,16,18,26,49.0,2026-01-29 10:52:37.000,16.0,,2026-01-29 03:39:47.000,82800000,,00353839-3137-3635-3933-383639363731.extra_data.json,6,23,25200000,2,296,92.0,76,412,1,26,100032,2026-01-29 03:39:47.000,,63070030,2026-01-29 11:18:48.289,2026-01-29 10:52:37.000,,,UTC-0300,yeLoKu9/uD,,com.sec.android.app.shealth,2026-01-29 10:31:47.000,00353839-3137-3635-3933-383639363731,
34,,87.0,6,21,25,2,0,43,514,98,0,12,,9,,16,0,,91,,83,,0,-1,,10,16,18,26,71.0,2026-01-31 10:44:46.000,12.0,,2026-01-31 01:58:39.000,82800000,,00353839-3137-3538-3236-353839363731.extra_data.json,6,21,25200000,4,363,91.0,83,514,1,31,100032,2026-01-31 01:58:39.000,,63070030,2026-01-31 11:09:05.982,2026-01-31 10:44:46.000,,,UTC-0300,yeLoKu9/uD,,com.sec.android.app.shealth,2026-01-31 10:32:39.000,00353839-3137-3538-3236-353839363731,
34,,76.0,5,52,52,26,4,54,484,376,0,37,,15,,16,0,,88,,59,,0,-1,,10,16,18,26,83.0,2026-02-01 14:21:32.000,26.0,,2026-02-01 06:10:28.000,82800000,,00353839-3137-3139-3635-353939363731.extra_data.json,6,16,25200000,2,319,88.0,82,484,1,30,100032,2026-02-01 06:10:28.000,,63070030,2026-02-01 14:26:45.521,2026-02-01 14:21:32.000,,,UTC-0300,yeLoKu9/uD,,com.sec.android.app.shealth,2026-02-01 14:14:28.000,00353839-3137-3139-3635-353939363731,
34,,7.0,6,0,0,5,0,5,73,72,0,0,,1,,16,0,,93,,0,38e9aa58-2a48-463e-8feb-192f0a5ff284,4,-1,,10,16,18,26,7.0,2026-02-02 04:31:34.000,14.0,,2026-02-02 03:18:26.000,82800000,,00353839-3137-3339-3636-303030373731.extra_data.json,6,1,25200000,0,68,93.0,26,73,1,2,100032,2026-02-02 03:18:26.000,,63070030,2026-02-02 10:04:24.199,2026-02-02 04:31:34.000,,,UTC-0300,yeLoKu9/uD,,com.sec.android.app.shealth,2026-02-02 04:31:26.000,00353839-3137-3339-3636-303030373731,
34,,64.0,6,18,18,13,0,26,305,182,0,6,,12,,16,0,,91,,45,38e9aa58-2a48-463e-8feb-192f0a5ff284,0,-1,,10,16,18,26,37.0,2026-02-02 09:54:19.000,18.0,,2026-02-02 04:40:37.000,82800000,,00353839-3137-3835-3036-323030373731.extra_data.json,6,20,25200000,3,216,91.0,63,305,1,9,100032,2026-02-02 04:40:37.000,,63070030,2026-02-02 10:04:24.225,2026-02-02 09:54:19.000,,,UTC-0300,yeLoKu9/uD,,com.sec.android.app.shealth,2026-02-02 09:45:37.000,00353839-3137-3835-3036-323030373731,
34,,66.0,6,28,28,16,0,33,434,312,0,16,,13,,16,0,,92,,44,,0,-1,,10,16,18,26,63.0,2026-02-03 10:09:40.000,16.0,,2026-02-03 02:35:43.000,82800000,,00353839-3137-3937-3333-313130373731.extra_data.json,6,12,25200000,2,329,92.0,76,434,1,29,100032,2026-02-03 02:35:43.000,,63070030,2026-02-03 10:17:49.447,2026-02-03 10:09:40.000,,,UTC-0300,yeLoKu9/uD,,com.sec.android.app.shealth,2026-02-03 09:49:43.000,00353839-3137-3937-3333-313130373731,
34,,64.0,6,28,28,15,2,28,364,172,0,6,,15,,16,0,,92,,45,,0,-1,,10,16,18,26,56.0,2026-02-05 08:38:18.000,18.0,,2026-02-05 02:34:02.000,82800000,,00353839-3137-3739-3630-383230373731.extra_data.json,6,16,25200000,2,263,92.0,71,364,1,18,100032,2026-02-05 02:34:02.000,,63070030,2026-02-05 11:53:42.181,2026-02-05 08:38:18.000,,,UTC-0300,yeLoKu9/uD,,com.sec.android.app.shealth,2026-02-05 08:38:02.000,00353839-3137-3739-3630-383230373731,
34,,61.0,5,51,51,31,0,64,445,296,0,38,,15,,16,0,,85,,41,,0,-1,,10,16,18,26,78.0,2026-02-06 10:49:37.000,33.0,,2026-02-06 03:24:17.000,82800000,,00353839-3137-3637-3934-373330373731.extra_data.json,6,11,25200000,4,289,85.0,71,445,1,24,100032,2026-02-06 03:24:17.000,,63070030,2026-02-06 12:33:59.722,2026-02-06 10:49:37.000,,,UTC-0300,yeLoKu9/uD,,com.sec.android.app.shealth,2026-02-06 10:49:17.000,00353839-3137-3637-3934-373330373731,
34,,82.0,6,29,29,18,0,32,422,241,0,5,,14,,16,0,,92,,73,,0,-1,,10,6,18,26,66.0,2026-02-07 09:50:30.000,16.0,,2026-02-07 02:38:40.000,82800000,,00353839-3137-3932-3837-353430373731.extra_data.json,6,23,25200000,3,288,92.0,76,422,1,27,100032,2026-02-07 02:38:40.000,,63070030,2026-02-07 10:18:42.887,2026-02-07 09:50:30.000,,,UTC-0300,yeLoKu9/uD,,com.sec.android.app.shealth,2026-02-07 09:40:40.000,00353839-3137-3932-3837-353430373731,
34,,8.0,6,10,10,4,0,7,111,108,0,0,,16,,16,0,,93,,1,,1,-1,,10,9,18,26,12.0,2026-02-07 17:21:28.000,8.0,,2026-02-07 15:17:13.000,82800000,,00353839-3137-3738-3834-383430373731.extra_data.json,6,1,25200000,1,93,93.0,34,111,1,2,100032,2026-02-07 15:17:13.000,,63070030,2026-02-07 17:46:38.277,2026-02-07 17:21:28.000,,,UTC-0300,yeLoKu9/uD,,com.sec.android.app.shealth,2026-02-07 17:08:13.000,00353839-3137-3738-3834-383430373731,
34,,91.0,6,24,24,15,1,22,430,175,0,3,,11,,16,0,,94,,96,,0,-1,,10,16,18,26,63.0,2026-02-08 11:29:35.000,14.0,,2026-02-08 03:31:27.000,82800000,,00353839-3137-3437-3130-353530373731.extra_data.json,6,24,25200000,4,288,94.0,88,430,1,31,100032,2026-02-08 03:31:27.000,,63070030,2026-02-08 11:54:00.825,2026-02-08 11:29:35.000,,,UTC-0300,yeLoKu9/uD,,com.sec.android.app.shealth,2026-02-08 10:41:27.000,00353839-3137-3437-3130-353530373731,
34,,87.0,6,19,19,7,2,34,477,119,0,6,,7,,16,0,,92,,83,,0,-1,,10,14,18,26,63.0,2026-02-09 11:03:54.000,13.0,,2026-02-09 02:48:48.000,82800000,,00353839-3137-3333-3035-333630373731.extra_data.json,6,23,25200000,7,341,92.0,81,477,1,31,100032,2026-02-09 02:48:48.000,,63070030,2026-02-09 11:25:59.447,2026-02-09 11:03:54.000,,,UTC-0300,yeLoKu9/uD,,com.sec.android.app.shealth,2026-02-09 10:45:48.000,00353839-3137-3333-3035-333630373731,
34,,26.0,5,15,15,33,0,33,306,305,0,14,,9,,16,0,,89,,11,9232f0ff-a41e-4713-93e4-93cbda5f68f3,0,-1,,10,16,18,26,32.0,2026-02-10 08:36:59.000,26.0,,2026-02-10 03:30:19.000,82800000,,00353839-3137-3831-3632-313730373731.extra_data.json,6,3,25200000,1,247,89.0,41,306,1,8,100032,2026-02-10 03:30:19.000,,63070030,2026-02-10 10:32:13.389,2026-02-10 08:36:59.000,,,UTC-0300,yeLoKu9/uD,,com.sec.android.app.shealth,2026-02-10 08:36:19.000,00353839-3137-3831-3632-313730373731,
34,,6.0,6,17,17,0,0,0,46,45,0,0,,15,,16,0,,100,,0,9232f0ff-a41e-4713-93e4-93cbda5f68f3,5,-1,,10,16,18,26,11.0,2026-02-10 10:06:11.000,0.0,,2026-02-10 09:20:04.000,82800000,,00353839-3137-3037-3937-313730373731.extra_data.json,6,1,25200000,0,29,100.0,40,46,1,2,100032,2026-02-10 09:20:04.000,,63070030,2026-02-10 10:32:13.439,2026-02-10 10:06:11.000,,,UTC-0300,yeLoKu9/uD,,com.sec.android.app.shealth,2026-02-10 10:06:04.000,00353839-3137-3037-3937-313730373731,
34,,92.0,6,7,10,19,0,42,573,158,0,18,,2,,16,0,,92,,107,,0,-1,,10,16,18,26,64.0,2026-02-12 11:09:10.000,22.0,,2026-02-12 01:11:51.000,82800000,,00353839-3137-3934-3534-393830373731.extra_data.json,6,24,25200000,5,414,92.0,79,573,1,31,100032,2026-02-12 01:11:51.000,,63070030,2026-02-12 11:34:19.535,2026-02-12 11:09:10.000,,,UTC-0300,yeLoKu9/uD,,com.sec.android.app.shealth,2026-02-12 10:44:51.000,00353839-3137-3934-3534-393830373731,
34,,78.0,6,21,21,15,2,37,464,231,0,0,,8,,16,0,,92,,62,,0,-1,,10,15,18,26,65.0,2026-02-13 10:28:25.000,13.0,,2026-02-13 02:29:16.000,82800000,,00353839-3137-3430-3538-373930373731.extra_data.json,6,18,25200000,4,344,92.0,78,464,1,31,100032,2026-02-13 02:29:16.000,,63070030,2026-02-13 10:53:34.185,2026-02-13 10:28:25.000,,,UTC-0300,yeLoKu9/uD,,com.sec.android.app.shealth,2026-02-13 10:13:16.000,00353839-3137-3430-3538-373930373731,
34,,47.0,5,13,13,34,1,47,363,245,0,26,,6,,16,0,,87,,30,,0,-1,,10,6,18,26,35.0,2026-02-14 09:40:29.000,34.0,,2026-02-14 03:36:41.000,82800000,,00353839-3137-3832-3032-363031373731.extra_data.json,6,9,25200000,2,273,87.0,39,363,1,13,100032,2026-02-14 03:36:41.000,,63070030,2026-02-14 10:10:40.675,2026-02-14 09:40:29.000,,,UTC-0300,yeLoKu9/uD,,com.sec.android.app.shealth,2026-02-14 09:39:41.000,00353839-3137-3832-3032-363031373731,
34,,12.0,6,0,0,7,0,7,127,126,0,0,,1,,16,0,,94,,3,,1,-1,,10,16,18,26,9.0,2026-02-14 13:26:58.000,11.0,,2026-02-14 11:03:40.000,82800000,,00353839-3137-3731-3635-373031373731.extra_data.json,6,2,25200000,0,117,94.0,27,127,1,2,100032,2026-02-14 11:03:40.000,,63070030,2026-02-14 13:35:05.719,2026-02-14 13:26:58.000,,,UTC-0300,yeLoKu9/uD,,com.sec.android.app.shealth,2026-02-14 13:10:40.000,00353839-3137-3731-3635-373031373731,
34,,9.0,6,6,6,6,0,6,116,115,0,0,,10,,16,0,,94,,0,,1,-1,,10,16,18,26,11.0,2026-02-15 15:23:36.000,10.0,,2026-02-15 13:12:18.000,82800000,,00353839-3137-3531-3039-363131373731.extra_data.json,6,1,25200000,0,104,94.0,35,116,1,2,100032,2026-02-15 13:12:18.000,,63070030,2026-02-15 15:47:44.115,2026-02-15 15:23:36.000,,,UTC-0300,yeLoKu9/uD,,com.sec.android.app.shealth,2026-02-15 15:08:18.000,00353839-3137-3531-3039-363131373731,
34,,7.0,6,10,10,8,0,8,84,83,0,0,,16,,16,0,,90,,0,67ba6709-c44a-4ab8-ae7c-3cbadbfe2dbe,2,-1,,10,16,18,26,11.0,2026-02-16 02:41:05.000,19.0,,2026-02-16 01:16:50.000,82800000,,00353839-3137-3436-3639-303231373731.extra_data.json,6,1,25200000,0,66,90.0,41,84,1,2,100032,2026-02-16 01:16:50.000,,63070030,2026-02-16 12:05:24.232,2026-02-16 02:41:05.000,,,UTC-0300,yeLoKu9/uD,,com.sec.android.app.shealth,2026-02-16 02:40:50.000,00353839-3137-3436-3639-303231373731,
34,,74.0,6,26,48,2,0,24,456,103,0,12,,17,,16,0,,94,,51,67ba6709-c44a-4ab8-ae7c-3cbadbfe2dbe,0,-1,,10,16,18,26,82.0,2026-02-16 11:39:13.000,10.0,,2026-02-16 03:18:08.000,82800000,,00353839-3137-3235-3931-343231373731.extra_data.json,6,14,25200000,8,333,94.0,85,456,1,32,100032,2026-02-16 03:18:08.000,,63070030,2026-02-16 12:05:24.243,2026-02-16 11:39:13.000,,,UTC-0300,yeLoKu9/uD,,com.sec.android.app.shealth,2026-02-16 10:54:08.000,00353839-3137-3235-3931-343231373731,
34,,87.0,6,12,12,14,7,45,475,217,3,17,,3,,16,0,,90,,86,,0,-1,,10,16,18,26,53.0,2026-02-17 10:59:08.000,20.0,,2026-02-17 03:00:06.000,82800000,,00353839-3137-3734-3935-323331373731.extra_data.json,6,23,25200000,4,332,90.0,78,475,1,30,100032,2026-02-17 03:00:06.000,,63070030,2026-02-17 11:24:21.561,2026-02-17 10:59:08.000,,,UTC-0300,yeLoKu9/uD,,com.sec.android.app.shealth,2026-02-17 10:55:06.000,00353839-3137-3734-3935-323331373731,
34,,68.0,6,3,10,7,0,33,390,105,0,9,,3,,16,0,,91,,49,,0,-1,,10,16,18,26,40.0,2026-02-18 08:45:53.000,17.0,,2026-02-18 01:59:00.000,82800000,,00353839-3137-3235-3334-303431373731.extra_data.json,6,17,25200000,3,298,91.0,64,390,1,22,100032,2026-02-18 01:59:00.000,,63070030,2026-02-18 09:03:02.725,2026-02-18 08:45:53.000,,,UTC-0300,yeLoKu9/uD,,com.sec.android.app.shealth,2026-02-18 08:29:00.000,00353839-3137-3235-3334-303431373731,
34,,77.0,6,11,18,8,0,28,473,98,0,0,,6,,16,0,,94,,57,,0,-1,,10,16,18,26,64.0,2026-02-19 11:17:18.000,14.0,,2026-02-19 02:57:12.000,82800000,,00353839-3137-3733-3839-393431373731.extra_data.json,6,16,25200000,3,370,94.0,75,473,1,31,100032,2026-02-19 02:57:12.000,,63070030,2026-02-19 11:41:31.477,2026-02-19 11:17:18.000,,,UTC-0300,yeLoKu9/uD,,com.sec.android.app.shealth,2026-02-19 10:50:12.000,00353839-3137-3733-3839-393431373731,
34,,14.0,6,3,3,15,0,15,201,200,0,3,,2,,16,0,,92,,0,040b5026-3cda-48d6-a9a3-bd56c9c32a2d,0,-1,,10,16,18,26,15.0,2026-02-21 06:56:27.000,16.0,,2026-02-21 03:34:57.000,82800000,,00353839-3137-3638-3936-353631373731.extra_data.json,6,1,25200000,0,183,92.0,28,201,1,3,100032,2026-02-21 03:34:57.000,,63070030,2026-02-21 11:02:05.519,2026-02-21 06:56:27.000,,,UTC-0300,yeLoKu9/uD,,com.sec.android.app.shealth,2026-02-21 06:55:57.000,00353839-3137-3638-3936-353631373731,
34,,14.0,5,10,10,25,0,25,207,206,0,13,,9,,16,0,,87,,1,040b5026-3cda-48d6-a9a3-bd56c9c32a2d,0,-1,,10,16,18,26,17.0,2026-02-21 10:36:55.000,30.0,,2026-02-21 07:01:24.000,82800000,,00353839-3137-3431-3230-373631373731.extra_data.json,6,1,25200000,0,171,87.0,33,207,1,2,100032,2026-02-21 07:01:24.000,,63070030,2026-02-21 11:02:05.532,2026-02-21 10:36:55.000,,,UTC-0300,yeLoKu9/uD,,com.sec.android.app.shealth,2026-02-21 10:28:24.000,00353839-3137-3431-3230-373631373731,
34,,89.0,5,31,45,4,0,49,327,150,0,37,,15,,16,0,,85,,94,,0,-1,,10,16,18,26,59.0,2026-02-22 09:06:51.000,29.0,,2026-02-22 03:39:07.000,82800000,,00353839-3137-3031-3231-353731373731.extra_data.json,6,21,25200000,3,139,85.0,65,327,1,8,100032,2026-02-22 03:39:07.000,,63070030,2026-02-22 09:19:00.809,2026-02-22 09:06:51.000,,,UTC-0300,yeLoKu9/uD,,com.sec.android.app.shealth,2026-02-22 09:06:07.000,00353839-3137-3031-3231-353731373731,
34,,78.0,6,22,22,20,1,38,413,255,0,13,,10,,16,0,,90,,65,,0,-1,,10,16,18,26,55.0,2026-02-23 09:45:06.000,20.0,,2026-02-23 02:44:09.000,82800000,,00353839-3137-3530-3939-333831373731.extra_data.json,6,21,25200000,2,288,90.0,78,413,1,25,100032,2026-02-23 02:44:09.000,,63070030,2026-02-23 10:11:16.143,2026-02-23 09:45:06.000,,,UTC-0300,yeLoKu9/uD,,com.sec.android.app.shealth,2026-02-23 09:37:09.000,00353839-3137-3530-3939-333831373731,
34,,40.0,5,0,0,34,0,52,349,230,0,28,,0,,16,0,,85,,24,,0,-1,,10,16,18,26,28.0,2026-02-24 09:07:11.000,38.0,,2026-02-24 03:17:26.000,82800000,,00353839-3137-3033-3034-323931373731.extra_data.json,6,7,25200000,1,273,85.0,38,349,1,10,100032,2026-02-24 03:17:26.000,,63070030,2026-02-24 09:07:22.374,2026-02-24 09:07:11.000,,,UTC-0300,yeLoKu9/uD,,com.sec.android.app.shealth,2026-02-24 09:06:26.000,00353839-3137-3033-3034-323931373731,
34,,77.0,6,32,33,5,1,26,504,136,0,3,,13,,16,0,,94,,54,,0,-1,,10,16,18,26,79.0,2026-02-25 12:01:43.000,9.0,,2026-02-25 02:53:28.000,82800000,,00353839-3137-3230-3930-323032373731.extra_data.json,6,13,25200000,2,391,94.0,80,504,1,32,100032,2026-02-25 02:53:28.000,,63070030,2026-02-25 12:25:54.027,2026-02-25 12:01:43.000,,,UTC-0300,yeLoKu9/uD,,com.sec.android.app.shealth,2026-02-25 11:17:28.000,00353839-3137-3230-3930-323032373731,
34,,81.0,6,12,12,25,0,32,481,310,0,7,,3,,16,0,,93,,66,,0,-1,,10,9,18,26,57.0,2026-02-26 10:49:44.000,16.0,,2026-02-26 02:33:37.000,82800000,,00353839-3137-3338-3932-303132373731.extra_data.json,6,18,25200000,2,371,93.0,67,481,1,31,100032,2026-02-26 02:33:37.000,,63070030,2026-02-26 11:12:00.488,2026-02-26 10:49:44.000,,,UTC-0300,yeLoKu9/uD,,com.sec.android.app.shealth,2026-02-26 10:34:37.000,00353839-3137-3338-3932-303132373731,
34,,72.0,6,30,30,11,2,17,281,204,0,0,,16,,16,0,,93,,50,,0,-1,,10,16,18,26,48.0,2026-02-27 08:02:46.000,11.0,,2026-02-27 03:21:06.000,82800000,,00353839-3137-3536-3339-373132373731.extra_data.json,6,23,25200000,3,184,93.0,68,281,1,7,100032,2026-02-27 03:21:06.000,,63070030,2026-02-27 08:07:56.965,2026-02-27 08:02:46.000,,,UTC-0300,yeLoKu9/uD,,com.sec.android.app.shealth,2026-02-27 08:02:06.000,00353839-3137-3536-3339-373132373731,
34,,7.0,6,0,0,5,0,5,89,88,0,0,,1,,16,0,,94,,0,,2,-1,,10,16,18,26,7.0,2026-02-27 19:28:22.000,11.0,,2026-02-27 17:59:12.000,82800000,,00353839-3137-3130-3530-323232373731.extra_data.json,6,1,25200000,0,84,94.0,26,89,1,2,100032,2026-02-27 17:59:12.000,,63070030,2026-02-27 19:40:14.422,2026-02-27 19:28:22.000,,,UTC-0300,yeLoKu9/uD,,com.sec.android.app.shealth,2026-02-27 19:28:12.000,00353839-3137-3130-3530-323232373731,
34,,8.0,6,12,12,9,0,14,105,100,0,6,,15,,16,0,,86,,0,6f190ead-e823-45bc-af5a-0c9ce5fdcfa1,2,-1,,10,15,18,26,12.0,2026-02-28 05:42:55.000,24.0,,2026-02-28 03:47:39.000,82800000,,00353839-3137-3437-3337-353232373731.extra_data.json,6,1,25200000,0,79,86.0,39,105,1,2,100032,2026-02-28 03:47:39.000,,63070030,2026-02-28 14:22:13.750,2026-02-28 05:42:55.000,,,UTC-0300,yeLoKu9/uD,,com.sec.android.app.shealth,2026-02-28 05:32:39.000,00353839-3137-3437-3337-353232373731,
34,,79.0,6,16,22,3,0,20,397,101,0,5,,11,,16,0,,94,,62,6f190ead-e823-45bc-af5a-0c9ce5fdcfa1,0,-1,,10,16,18,26,56.0,2026-02-28 13:52:04.000,9.0,,2026-02-28 07:00:06.000,82800000,,00353839-3137-3332-3736-383232373731.extra_data.json,6,21,25200000,3,293,94.0,80,397,1,26,100032,2026-02-28 07:00:06.000,,63070030,2026-02-28 14:22:13.785,2026-02-28 13:52:04.000,,,UTC-0300,yeLoKu9/uD,,com.sec.android.app.shealth,2026-02-28 13:37:06.000,00353839-3137-3332-3736-383232373731,
34,,12.0,6,2,2,8,0,8,101,100,0,3,,3,,16,0,,92,,4,4b750667-a577-43a0-8e07-cba42f899612,1,-1,,10,16,18,26,8.0,2026-03-02 03:40:49.000,19.0,,2026-03-02 01:59:38.000,82800000,,00353839-3137-3834-3832-323432373731.extra_data.json,6,3,25200000,1,87,92.0,30,101,1,2,100032,2026-03-02 01:59:38.000,,63070030,2026-03-02 12:05:01.150,2026-03-02 03:40:49.000,,,UTC-0300,yeLoKu9/uD,,com.sec.android.app.shealth,2026-03-02 03:40:38.000,00353839-3137-3834-3832-323432373731,
34,,39.0,5,14,14,28,3,43,383,319,0,18,,6,,16,0,,88,,19,4b750667-a577-43a0-8e07-cba42f899612,0,-1,,10,16,18,26,41.0,2026-03-02 10:30:45.000,25.0,,2026-03-02 04:06:52.000,82800000,,00353839-3137-3434-3437-343432373731.extra_data.json,6,4,25200000,3,307,88.0,49,383,1,18,100032,2026-03-02 04:06:52.000,,63070030,2026-03-02 12:05:01.204,2026-03-02 10:30:45.000,,,UTC-0300,yeLoKu9/uD,,com.sec.android.app.shealth,2026-03-02 10:29:52.000,00353839-3137-3434-3437-343432373731,
34,,6.0,5,0,0,10,0,10,66,65,0,4,,0,,16,0,,84,,0,,4,-1,,10,16,18,26,6.0,2026-03-02 11:59:55.000,37.0,,2026-03-02 10:53:47.000,82800000,,00353839-3137-3439-3732-353432373731.extra_data.json,6,1,25200000,0,56,84.0,23,66,1,1,100032,2026-03-02 10:53:47.000,,63070030,2026-03-02 12:05:00.368,2026-03-02 11:59:55.000,,,UTC-0300,yeLoKu9/uD,,com.sec.android.app.shealth,2026-03-02 11:59:47.000,00353839-3137-3439-3732-353432373731,
34,,7.0,6,21,21,5,0,5,73,72,0,4,,15,,16,0,,93,,0,e1ae6e7b-6b42-4943-b0b5-568c29829788,4,-1,,10,16,18,26,15.0,2026-03-03 04:28:17.000,19.0,,2026-03-03 03:15:06.000,82800000,,00353839-3137-3639-3032-313532373731.extra_data.json,6,1,25200000,0,47,93.0,40,73,1,2,100032,2026-03-03 03:15:06.000,,63070030,2026-03-03 12:14:21.689,2026-03-03 04:28:17.000,,,UTC-0300,yeLoKu9/uD,,com.sec.android.app.shealth,2026-03-03 04:28:06.000,00353839-3137-3639-3032-313532373731,
34,,34.0,5,18,18,15,1,39,277,147,0,14,,13,,16,0,,85,,21,e1ae6e7b-6b42-4943-b0b5-568c29829788,0,-1,,10,16,18,26,30.0,2026-03-03 10:11:01.000,28.0,,2026-03-03 05:27:24.000,82800000,,00353839-3137-3036-3632-333532373731.extra_data.json,6,8,25200000,4,199,85.0,46,277,1,4,100032,2026-03-03 05:27:24.000,,63070030,2026-03-03 12:14:21.708,2026-03-03 10:11:01.000,,,UTC-0300,yeLoKu9/uD,,com.sec.android.app.shealth,2026-03-03 10:04:24.000,00353839-3137-3036-3632-333532373731,
34,,5.0,6,15,15,2,0,2,36,35,0,0,,14,,16,0,,94,,0,,5,-1,,10,16,18,26,10.0,2026-03-03 11:49:15.000,11.0,,2026-03-03 10:49:06.000,82800000,,00353839-3137-3435-3538-333532373731.extra_data.json,6,1,25200000,0,19,94.0,39,36,1,2,100032,2026-03-03 10:49:06.000,,63070030,2026-03-03 12:14:20.943,2026-03-03 11:49:15.000,,,UTC-0300,yeLoKu9/uD,,com.sec.android.app.shealth,2026-03-03 11:25:06.000,00353839-3137-3435-3538-333532373731,
34,,64.0,6,34,34,8,0,22,394,189,0,0,,16,,16,0,,94,,41,,0,-1,,10,16,18,26,68.0,2026-03-04 10:34:20.000,10.0,,2026-03-04 02:59:22.000,82800000,,00353839-3137-3935-3430-323632373731.extra_data.json,6,13,25200000,2,297,94.0,76,394,1,25,100032,2026-03-04 02:59:22.000,,63070030,2026-03-04 10:54:32.796,2026-03-04 10:34:20.000,,,UTC-0300,yeLoKu9/uD,,com.sec.android.app.shealth,2026-03-04 09:33:22.000,00353839-3137-3935-3430-323632373731,
34,,94.0,6,34,47,6,0,27,524,137,0,3,,16,,16,0,,94,,114,,0,-1,,10,16,18,26,88.0,2026-03-05 11:56:34.000,10.0,,2026-03-05 02:30:25.000,82800000,,00353839-3137-3339-3731-313732373731.extra_data.json,6,24,25200000,7,336,94.0,94,524,1,32,100032,2026-03-05 02:30:25.000,,63110130,2026-03-05 12:24:41.798,2026-03-05 11:56:34.000,,,UTC-0300,yeLoKu9/uD,,com.sec.android.app.shealth,2026-03-05 11:14:25.000,00353839-3137-3339-3731-313732373731,
34,,7.0,4,18,18,15,0,15,77,76,0,13,,13,,16,0,,80,,0,,3,-1,,10,16,18,26,12.0,2026-03-06 18:19:00.000,56.0,,2026-03-06 16:57:51.000,82800000,,00353839-3137-3933-3131-323832373731.extra_data.json,6,1,25200000,0,44,80.0,35,77,1,1,100032,2026-03-06 16:57:51.000,,63110130,2026-03-06 18:31:11.396,2026-03-06 18:19:00.000,,,UTC-0300,yeLoKu9/uD,,com.sec.android.app.shealth,2026-03-06 18:14:51.000,00353839-3137-3933-3131-323832373731,
34,,66.0,6,16,16,21,2,43,439,303,0,25,,6,,16,0,,90,,45,,0,-1,,10,16,18,26,49.0,2026-03-07 10:28:14.000,22.0,,2026-03-07 02:59:12.000,82800000,,00353839-3137-3339-3239-373832373731.extra_data.json,6,13,25200000,5,335,90.0,69,439,1,28,100032,2026-03-07 02:59:12.000,,63110130,2026-03-07 10:39:24.837,2026-03-07 10:28:14.000,,,UTC-0300,yeLoKu9/uD,,com.sec.android.app.shealth,2026-03-07 10:18:12.000,00353839-3137-3339-3239-373832373731,
34,,7.0,6,12,12,2,0,2,87,86,0,0,,17,,16,0,,97,,0,,3,-1,,10,16,18,26,12.0,2026-03-07 15:53:59.000,5.0,,2026-03-07 14:11:44.000,82800000,,00353839-3137-3833-3838-393832373731.extra_data.json,6,1,25200000,0,73,97.0,42,87,1,2,100032,2026-03-07 14:11:44.000,,63110130,2026-03-07 16:21:06.882,2026-03-07 15:53:59.000,,,UTC-0300,yeLoKu9/uD,,com.sec.android.app.shealth,2026-03-07 15:38:44.000,00353839-3137-3833-3838-393832373731,
34,,72.0,6,38,38,8,0,36,363,110,0,17,,16,,16,0,,90,,57,,0,-1,,10,16,18,26,62.0,2026-03-08 09:31:22.000,22.0,,2026-03-08 03:20:30.000,82800000,,00353839-3137-3138-3232-363932373731.extra_data.json,6,21,25200000,2,232,90.0,75,363,1,16,100032,2026-03-08 03:20:30.000,,63110130,2026-03-08 09:42:36.635,2026-03-08 09:31:22.000,,,UTC-0300,yeLoKu9/uD,,com.sec.android.app.shealth,2026-03-08 09:23:30.000,00353839-3137-3138-3232-363932373731,
34,,8.0,6,0,0,4,0,4,97,96,0,0,,1,,16,0,,95,,0,,2,-1,,10,16,18,26,8.0,2026-03-08 19:23:39.000,8.0,,2026-03-08 17:46:28.000,82800000,,00353839-3137-3831-3837-393932373731.extra_data.json,6,1,25200000,0,93,95.0,26,97,1,2,100032,2026-03-08 17:46:28.000,,63110130,2026-03-09 11:27:58.654,2026-03-08 19:23:39.000,,,UTC-0300,yeLoKu9/uD,,com.sec.android.app.shealth,2026-03-08 19:23:28.000,00353839-3137-3831-3837-393932373731,
34,,62.0,6,14,14,18,1,39,452,271,0,9,,5,,16,0,,91,,38,,0,-1,,10,16,18,26,54.0,2026-03-09 11:13:46.000,17.0,,2026-03-09 03:29:43.000,82800000,,00353839-3137-3532-3834-353033373731.extra_data.json,6,9,25200000,2,361,91.0,66,452,1,30,100032,2026-03-09 03:29:43.000,,63110130,2026-03-09 11:28:00.471,2026-03-09 11:13:46.000,,,UTC-0300,yeLoKu9/uD,,com.sec.android.app.shealth,2026-03-09 11:01:43.000,00353839-3137-3532-3834-353033373731,
34,,79.0,6,25,39,14,0,39,477,203,0,21,,15,,16,0,,91,,64,,0,-1,,10,16,18,26,76.0,2026-03-10 11:13:12.000,19.0,,2026-03-10 03:07:07.000,82800000,,00353839-3137-3139-3131-343133373731.extra_data.json,6,18,25200000,5,335,91.0,86,477,1,31,100032,2026-03-10 03:07:07.000,,63110130,2026-03-10 11:18:25.553,2026-03-10 11:13:12.000,,,UTC-0300,yeLoKu9/uD,,com.sec.android.app.shealth,2026-03-10 11:04:07.000,00353839-3137-3139-3131-343133373731,
34,,75.0,6,29,29,20,1,25,396,247,0,6,,14,,16,0,,93,,57,a7c706d3-d53e-4f90-b7fc-89a8ea81bdf3,0,-1,,10,16,18,26,62.0,2026-03-11 09:46:21.000,16.0,,2026-03-11 03:09:25.000,82800000,,00353839-3137-3038-3332-323233373731.extra_data.json,6,19,25200000,2,285,93.0,80,396,1,25,100032,2026-03-11 03:09:25.000,,63110130,2026-03-11 13:10:50.835,2026-03-11 09:46:21.000,,,UTC-0300,yeLoKu9/uD,,com.sec.android.app.shealth,2026-03-11 09:45:25.000,00353839-3137-3038-3332-323233373731,
34,,12.0,5,32,32,19,0,19,168,167,0,4,,15,,16,0,,88,,0,a7c706d3-d53e-4f90-b7fc-89a8ea81bdf3,0,-1,,10,16,18,26,33.0,2026-03-11 12:45:42.000,25.0,,2026-03-11 09:57:16.000,82800000,,00353839-3137-3134-3133-333233373731.extra_data.json,6,1,25200000,0,117,88.0,39,168,1,2,100032,2026-03-11 09:57:16.000,,63110130,2026-03-11 13:10:50.848,2026-03-11 12:45:42.000,,,UTC-0300,yeLoKu9/uD,,com.sec.android.app.shealth,2026-03-11 12:45:16.000,00353839-3137-3134-3133-333233373731,
34,,84.0,6,12,31,2,1,37,503,92,0,10,,12,,16,0,,92,,75,,0,-1,,10,16,18,26,76.0,2026-03-12 12:39:52.000,12.0,,2026-03-12 03:37:41.000,82800000,,00353839-3137-3139-3139-313333373731.extra_data.json,6,20,25200000,2,360,92.0,85,503,1,31,100032,2026-03-12 03:37:41.000,,63110130,2026-03-12 12:56:02.492,2026-03-12 12:39:52.000,,,UTC-0300,yeLoKu9/uD,,com.sec.android.app.shealth,2026-03-12 12:00:41.000,00353839-3137-3139-3139-313333373731,
34,,35.0,5,1,10,4,0,23,226,82,0,7,,8,,16,0,,89,,21,,0,-1,,10,16,18,26,21.0,2026-03-13 08:10:24.000,18.0,,2026-03-13 04:19:10.000,82800000,,00353839-3137-3332-3439-383333373731.extra_data.json,6,11,25200000,3,172,89.0,43,226,1,3,100032,2026-03-13 04:19:10.000,,63110130,2026-03-13 08:10:28.025,2026-03-13 08:10:24.000,,,UTC-0300,yeLoKu9/uD,,com.sec.android.app.shealth,2026-03-13 08:05:10.000,00353839-3137-3332-3439-383333373731,
34,,7.0,5,2,2,14,0,14,88,87,0,10,,3,,16,0,,84,,0,,3,-1,,10,16,18,26,7.0,2026-03-13 11:42:06.000,43.0,,2026-03-13 10:14:01.000,82800000,,00353839-3137-3532-3132-303433373731.extra_data.json,6,1,25200000,0,72,84.0,26,88,1,1,100032,2026-03-13 10:14:01.000,,63110130,2026-03-13 11:47:20.708,2026-03-13 11:42:06.000,,,UTC-0300,yeLoKu9/uD,,com.sec.android.app.shealth,2026-03-13 11:42:01.000,00353839-3137-3532-3132-303433373731,
34,,7.0,5,5,5,9,0,9,73,72,0,3,,13,,16,0,,87,,0,,4,-1,,10,16,18,26,8.0,2026-03-13 16:35:54.000,29.0,,2026-03-13 15:16:43.000,82800000,,00353839-3137-3335-3739-313433373731.extra_data.json,6,1,25200000,0,59,87.0,37,73,1,2,100032,2026-03-13 15:16:43.000,,63110130,2026-03-13 17:02:02.972,2026-03-13 16:35:54.000,,,UTC-0300,yeLoKu9/uD,,com.sec.android.app.shealth,2026-03-13 16:29:43.000,00353839-3137-3335-3739-313433373731,
34,,14.0,4,23,23,17,0,39,206,148,0,28,,14,,16,0,,81,,4,,0,-1,,10,16,18,26,24.0,2026-03-13 21:07:31.000,44.0,,2026-03-13 17:41:02.000,82800000,,00353839-3137-3035-3036-333433373731.extra_data.json,6,2,25200000,2,140,81.0,38,206,1,2,100032,2026-03-13 17:41:02.000,,63110130,2026-03-13 21:07:39.228,2026-03-13 21:07:31.000,,,UTC-0300,yeLoKu9/uD,,com.sec.android.app.shealth,2026-03-13 21:07:02.000,00353839-3137-3035-3036-333433373731,
34,,66.0,6,13,13,31,1,40,458,394,0,7,,4,,16,0,,91,,44,,0,-1,,10,16,18,26,54.0,2026-03-14 10:50:39.000,18.0,,2026-03-14 03:12:21.000,82800000,,00353839-3137-3833-3435-383433373731.extra_data.json,6,11,25200000,1,361,91.0,67,458,1,30,100032,2026-03-14 03:12:21.000,,63110130,2026-03-14 10:50:49.662,2026-03-14 10:50:39.000,,,UTC-0300,yeLoKu9/uD,,com.sec.android.app.shealth,2026-03-14 10:50:21.000,00353839-3137-3833-3435-383433373731,
34,,50.0,5,28,28,14,0,43,319,224,0,25,,15,,16,0,,86,,34,,0,-1,,10,16,18,26,44.0,2026-03-15 13:43:53.000,28.0,,2026-03-15 08:24:09.000,82800000,,00353839-3137-3233-3232-383533373731.extra_data.json,6,14,25200000,1,214,86.0,58,319,1,8,100032,2026-03-15 08:24:09.000,,63110130,2026-03-15 14:09:01.216,2026-03-15 13:43:53.000,,,UTC-0300,yeLoKu9/uD,,com.sec.android.app.shealth,2026-03-15 13:43:09.000,00353839-3137-3233-3232-383533373731,
34,,9.0,6,0,0,10,0,13,132,128,0,5,,1,,16,0,,90,,1,,1,-1,,10,16,18,26,9.0,2026-03-15 16:23:10.000,21.0,,2026-03-15 14:10:56.000,82800000,,00353839-3137-3938-3731-393533373731.extra_data.json,6,1,25200000,1,118,90.0,26,132,1,2,100032,2026-03-15 14:10:56.000,,63110130,2026-03-15 16:28:19.461,2026-03-15 16:23:10.000,,,UTC-0300,yeLoKu9/uD,,com.sec.android.app.shealth,2026-03-15 16:22:56.000,00353839-3137-3938-3731-393533373731,
34,,81.0,5,21,21,28,0,54,511,209,0,34,,7,,16,0,,89,,69,,0,-1,,10,16,18,26,63.0,2026-03-16 12:43:21.000,31.0,,2026-03-16 04:11:40.000,82800000,,00353839-3137-3030-3035-363633373731.extra_data.json,6,18,25200000,4,367,89.0,76,511,1,30,100032,2026-03-16 04:11:40.000,,63110130,2026-03-16 12:43:32.330,2026-03-16 12:43:21.000,,,UTC-0300,yeLoKu9/uD,,com.sec.android.app.shealth,2026-03-16 12:42:40.000,00353839-3137-3030-3035-363633373731,
34,,73.0,6,5,5,34,1,34,446,445,0,6,,1,,16,0,,92,,54,,0,-1,,10,16,18,26,45.0,2026-03-17 11:09:44.000,17.0,,2026-03-17 03:43:29.000,82800000,,00353839-3137-3338-3735-343733373731.extra_data.json,6,16,25200000,1,353,92.0,69,446,1,30,100032,2026-03-17 03:43:29.000,,63110130,2026-03-17 11:10:00.663,2026-03-17 11:09:44.000,,,UTC-0300,yeLoKu9/uD,,com.sec.android.app.shealth,2026-03-17 11:09:29.000,00353839-3137-3338-3735-343733373731,
34,,74.0,6,14,14,5,2,46,487,88,0,3,,4,,16,0,,90,,53,,0,-1,,10,16,18,26,59.0,2026-03-18 11:12:00.000,13.0,,2026-03-18 02:52:55.000,82800000,,00353839-3137-3931-3332-333833373731.extra_data.json,6,14,25200000,4,374,90.0,70,487,1,30,100032,2026-03-18 02:52:55.000,,63110130,2026-03-18 11:36:12.538,2026-03-18 11:12:00.000,,,UTC-0300,yeLoKu9/uD,,com.sec.android.app.shealth,2026-03-18 10:59:55.000,00353839-3137-3931-3332-333833373731,
34,,72.0,5,12,12,37,2,56,560,413,0,21,,3,,16,0,,90,,44,,0,-1,,10,16,18,26,64.0,2026-03-19 13:01:46.000,23.0,,2026-03-19 03:37:02.000,82800000,,00353839-3137-3530-3335-323933373731.extra_data.json,6,8,25200000,5,448,90.0,62,560,1,30,100032,2026-03-19 03:37:02.000,,63110130,2026-03-19 13:01:55.847,2026-03-19 13:01:46.000,,,UTC-0300,yeLoKu9/uD,,com.sec.android.app.shealth,2026-03-19 12:57:02.000,00353839-3137-3530-3335-323933373731,
34,,74.0,6,36,36,20,0,23,461,419,0,3,,15,,16,0,,95,,51,,0,-1,,10,16,18,26,77.0,2026-03-20 10:51:01.000,10.0,,2026-03-20 02:56:00.000,82800000,,00353839-3137-3036-3833-303034373731.extra_data.json,6,14,25200000,1,351,95.0,83,461,1,32,100032,2026-03-20 02:56:00.000,,63110130,2026-03-20 11:16:10.868,2026-03-20 10:51:01.000,,,UTC-0300,yeLoKu9/uD,,com.sec.android.app.shealth,2026-03-20 10:37:00.000,00353839-3137-3036-3833-303034373731,
34,,7.0,5,11,11,10,0,10,78,77,0,5,,15,,16,0,,87,,0,,3,-1,,10,16,18,26,10.0,2026-03-20 19:18:05.000,32.0,,2026-03-20 17:49:53.000,82800000,,00353839-3137-3438-3234-333034373731.extra_data.json,6,1,25200000,0,57,87.0,39,78,1,2,100032,2026-03-20 17:49:53.000,,63110130,2026-03-20 19:43:15.579,2026-03-20 19:18:05.000,,,UTC-0300,yeLoKu9/uD,,com.sec.android.app.shealth,2026-03-20 19:07:53.000,00353839-3137-3438-3234-333034373731,
34,,71.0,5,11,11,34,0,43,406,310,0,22,,4,,16,0,,89,,55,,0,-1,,10,16,18,26,40.0,2026-03-21 10:05:19.000,27.0,,2026-03-21 03:19:05.000,82800000,,00353839-3137-3831-3537-383034373731.extra_data.json,6,18,25200000,3,297,89.0,65,406,1,22,100032,2026-03-21 03:19:05.000,,63110130,2026-03-21 10:05:35.004,2026-03-21 10:05:19.000,,,UTC-0300,yeLoKu9/uD,,com.sec.android.app.shealth,2026-03-21 10:05:05.000,00353839-3137-3831-3537-383034373731,
34,,5.0,6,16,16,0,0,0,28,27,0,0,,13,,16,0,,100,,0,,5,-1,,10,16,18,26,10.0,2026-03-21 10:57:06.000,0.0,,2026-03-21 10:29:02.000,82800000,,00353839-3137-3532-3630-393034373731.extra_data.json,6,1,25200000,0,12,100.0,38,28,1,2,100032,2026-03-21 10:29:02.000,,63110130,2026-03-21 11:21:10.783,2026-03-21 10:57:06.000,,,UTC-0300,yeLoKu9/uD,,com.sec.android.app.shealth,2026-03-21 10:57:02.000,00353839-3137-3532-3630-393034373731,
34,,74.0,6,10,20,6,0,27,346,110,0,15,,11,,16,0,,92,,57,,0,-1,,10,16,18,26,42.0,2026-03-22 09:56:26.000,18.0,,2026-03-22 04:04:41.000,82800000,,00353839-3137-3538-3333-373134373731.extra_data.json,6,22,25200000,3,242,92.0,70,346,1,15,100032,2026-03-22 04:04:41.000,,63110130,2026-03-22 10:20:36.294,2026-03-22 09:56:26.000,,,UTC-0300,yeLoKu9/uD,,com.sec.android.app.shealth,2026-03-22 09:50:41.000,00353839-3137-3538-3333-373134373731,
34,,7.0,4,15,15,13,0,13,70,69,0,8,,14,,16,0,,81,,0,,4,-1,,10,16,18,26,11.0,2026-03-22 18:26:29.000,49.0,,2026-03-22 17:09:18.000,82800000,,00353839-3137-3838-3933-303234373731.extra_data.json,6,1,25200000,0,42,81.0,36,70,1,1,100032,2026-03-22 17:09:18.000,,63110130,2026-03-22 18:51:41.337,2026-03-22 18:26:29.000,,,UTC-0300,yeLoKu9/uD,,com.sec.android.app.shealth,2026-03-22 18:19:18.000,00353839-3137-3838-3933-303234373731,
34,,35.0,6,19,19,19,0,25,332,269,0,0,,11,,16,0,,92,,17,,0,-1,,10,16,18,26,45.0,2026-03-24 09:43:20.000,15.0,,2026-03-24 03:52:37.000,82800000,,00353839-3137-3939-3335-343334373731.extra_data.json,6,5,25200000,2,271,92.0,51,332,1,13,100032,2026-03-24 03:52:37.000,,63110130,2026-03-24 10:10:43.433,2026-03-24 09:43:20.000,,,UTC-0300,yeLoKu9/uD,,com.sec.android.app.shealth,2026-03-24 09:24:37.000,00353839-3137-3939-3335-343334373731,
34,,34.0,6,12,12,20,1,29,320,252,0,8,,6,,16,0,,90,,17,d44d4151-2b36-46a8-9f2f-a5eee9de7649,0,-1,,10,16,18,26,33.0,2026-03-25 09:01:12.000,19.0,,2026-03-25 03:14:29.000,82800000,,00353839-3137-3137-3239-323434373731.extra_data.json,6,5,25200000,2,262,90.0,43,320,1,10,100032,2026-03-25 03:14:29.000,,63110130,2026-03-25 12:37:44.777,2026-03-25 09:01:12.000,,,UTC-0300,yeLoKu9/uD,,com.sec.android.app.shealth,2026-03-25 08:34:29.000,00353839-3137-3137-3239-323434373731,
34,,10.0,6,10,10,12,0,12,136,135,0,5,,14,,16,0,,91,,0,d44d4151-2b36-46a8-9f2f-a5eee9de7649,0,-1,,10,16,18,26,13.0,2026-03-25 12:13:37.000,21.0,,2026-03-25 09:44:16.000,82800000,,00353839-3137-3631-3830-343434373731.extra_data.json,6,1,25200000,0,114,91.0,39,136,1,2,100032,2026-03-25 09:44:16.000,,63110130,2026-03-25 12:37:44.815,2026-03-25 12:13:37.000,,,UTC-0300,yeLoKu9/uD,,com.sec.android.app.shealth,2026-03-25 12:00:16.000,00353839-3137-3631-3830-343434373731,
34,,86.0,6,16,17,21,2,46,479,168,0,9,,6,,16,0,,90,,83,,0,-1,,10,16,18,26,60.0,2026-03-26 11:26:28.000,23.0,,2026-03-26 03:27:27.000,82800000,,00353839-3137-3738-3334-323534373731.extra_data.json,6,22,25200000,6,333,90.0,80,479,1,30,100032,2026-03-26 03:27:27.000,,63110130,2026-03-26 11:52:43.151,2026-03-26 11:26:28.000,,,UTC-0300,yeLoKu9/uD,,com.sec.android.app.shealth,2026-03-26 11:26:27.000,00353839-3137-3738-3334-323534373731,
34,,82.0,6,14,14,29,4,59,488,302,0,15,,4,,16,0,,87,,70,,0,-1,,10,16,18,26,54.0,2026-03-27 11:21:22.000,20.0,,2026-03-27 02:54:20.000,82800000,,00353839-3137-3138-3430-313634373731.extra_data.json,6,19,25200000,3,345,87.0,74,488,1,29,100032,2026-03-27 02:54:20.000,,63110130,2026-03-27 11:45:35.504,2026-03-27 11:21:22.000,,,UTC-0300,yeLoKu9/uD,,com.sec.android.app.shealth,2026-03-27 11:02:20.000,00353839-3137-3138-3430-313634373731,
34,,65.0,5,35,35,40,0,67,478,397,0,41,,14,,16,0,,85,,43,,0,-1,,10,16,18,26,70.0,2026-03-28 10:45:40.000,33.0,,2026-03-28 02:47:15.000,82800000,,00353839-3137-3933-3734-393634373731.extra_data.json,6,11,25200000,1,333,85.0,74,478,1,28,100032,2026-03-28 02:47:15.000,,63130130,2026-03-28 10:46:00.773,2026-03-28 10:45:40.000,,,UTC-0300,yeLoKu9/uD,,com.sec.android.app.shealth,2026-03-28 10:45:15.000,00353839-3137-3933-3734-393634373731,
34,,73.0,6,28,28,28,4,38,408,219,0,16,,14,,16,0,,90,,57,,0,-1,,10,16,18,26,59.0,2026-03-29 10:29:24.000,26.0,,2026-03-29 03:41:05.000,82800000,,00353839-3137-3336-3130-383734373731.extra_data.json,6,19,25200000,5,285,90.0,79,408,1,24,100032,2026-03-29 03:41:05.000,,63130130,2026-03-29 10:29:42.259,2026-03-29 10:29:24.000,,,UTC-0300,yeLoKu9/uD,,com.sec.android.app.shealth,2026-03-29 10:29:05.000,00353839-3137-3336-3130-383734373731,
34,,5.0,5,0,0,5,0,5,41,40,0,0,,0,,16,0,,87,,0,,5,-1,,10,16,18,26,5.0,2026-03-29 11:34:05.000,25.0,,2026-03-29 10:45:58.000,82800000,,00353839-3137-3434-3034-383734373731.extra_data.json,6,1,25200000,0,36,87.0,24,41,1,2,100032,2026-03-29 10:45:58.000,,63130130,2026-03-29 12:00:14.357,2026-03-29 11:34:05.000,,,UTC-0300,yeLoKu9/uD,,com.sec.android.app.shealth,2026-03-29 11:26:58.000,00353839-3137-3434-3034-383734373731,
34,,87.0,6,12,41,7,0,35,480,138,0,10,,16,,16,0,,92,,85,,0,-1,,10,9,18,26,80.0,2026-03-30 11:33:52.000,14.0,,2026-03-30 03:08:50.000,82800000,,00353839-3137-3133-3430-373834373731.extra_data.json,6,23,25200000,4,319,92.0,85,480,1,31,100032,2026-03-30 03:08:50.000,,63130130,2026-03-30 11:59:05.323,2026-03-30 11:33:52.000,,,UTC-0300,yeLoKu9/uD,,com.sec.android.app.shealth,2026-03-30 11:08:50.000,00353839-3137-3133-3430-373834373731,
34,,35.0,5,18,18,45,1,56,408,397,0,16,,8,,16,0,,86,,5,,0,-1,,10,16,18,26,48.0,2026-03-31 11:21:45.000,27.0,,2026-03-31 03:48:49.000,82800000,,00353839-3137-3430-3136-353934373731.extra_data.json,6,1,25200000,0,329,86.0,50,408,1,20,100032,2026-03-31 03:48:49.000,,63130130,2026-03-31 11:46:57.060,2026-03-31 11:21:45.000,,,UTC-0300,yeLoKu9/uD,,com.sec.android.app.shealth,2026-03-31 10:36:49.000,00353839-3137-3430-3136-353934373731,
34,,91.0,6,0,16,1,0,52,542,55,0,30,,4,,16,0,,90,,104,,0,-1,,10,16,18,26,63.0,2026-04-02 12:12:56.000,17.0,,2026-04-02 02:55:35.000,82800000,,00353839-3137-3537-3931-333135373731.extra_data.json,6,23,25200000,4,370,90.0,79,542,1,30,100032,2026-04-02 02:55:35.000,,63130130,2026-04-02 12:37:13.403,2026-04-02 12:12:56.000,,,UTC-0300,yeLoKu9/uD,,com.sec.android.app.shealth,2026-04-02 11:57:35.000,00353839-3137-3537-3931-333135373731,
34,,69.0,6,12,12,6,0,8,275,211,0,3,,7,,16,0,,97,,44,,0,-1,,10,16,18,26,29.0,2026-04-03 07:23:43.000,7.0,,2026-04-03 02:36:05.000,82800000,,00353839-3137-3232-3031-303235373731.extra_data.json,6,22,25200000,2,211,97.0,59,275,1,8,100032,2026-04-03 02:36:05.000,,63130130,2026-04-03 07:35:56.061,2026-04-03 07:23:43.000,,,UTC-0300,yeLoKu9/uD,,com.sec.android.app.shealth,2026-04-03 07:11:05.000,00353839-3137-3232-3031-303235373731,
34,,58.0,6,0,0,17,1,22,246,197,0,3,,1,,16,0,,91,,37,,0,-1,,10,16,18,26,17.0,2026-04-03 16:03:59.000,19.0,,2026-04-03 11:57:24.000,82800000,,00353839-3137-3833-3232-333235373731.extra_data.json,6,20,25200000,1,187,91.0,47,246,1,4,100032,2026-04-03 11:57:24.000,,63130130,2026-04-03 16:09:16.065,2026-04-03 16:03:59.000,,,UTC-0300,yeLoKu9/uD,,com.sec.android.app.shealth,2026-04-03 16:03:24.000,00353839-3137-3833-3232-333235373731,
34,,94.0,6,42,46,12,2,23,573,221,0,0,,15,,16,0,,95,,112,,0,-1,,10,16,18,26,91.0,2026-04-04 13:21:53.000,9.0,,2026-04-04 03:25:33.000,82800000,,00353839-3137-3231-3938-303335373731.extra_data.json,6,24,25200000,4,392,95.0,93,573,1,32,100032,2026-04-04 03:25:33.000,,63130130,2026-04-04 13:47:04.753,2026-04-04 13:21:53.000,,,UTC-0300,yeLoKu9/uD,,com.sec.android.app.shealth,2026-04-04 12:58:33.000,00353839-3137-3231-3938-303335373731,
34,,76.0,6,25,25,14,0,43,506,294,0,10,,9,,16,0,,91,,54,,0,-1,,10,16,18,26,70.0,2026-04-06 11:17:22.000,14.0,,2026-04-06 02:36:10.000,82800000,,00353839-3137-3134-3234-373435373731.extra_data.json,6,13,25200000,3,384,91.0,75,506,1,31,100032,2026-04-06 02:36:10.000,,63130130,2026-04-06 11:45:35.194,2026-04-06 11:17:22.000,,,UTC-0300,yeLoKu9/uD,,com.sec.android.app.shealth,2026-04-06 11:02:10.000,00353839-3137-3134-3234-373435373731,
34,,61.0,6,21,23,18,1,37,428,133,0,10,,10,,16,0,,91,,39,,0,-1,,10,16,18,26,59.0,2026-04-07 11:06:41.000,25.0,,2026-04-07 03:23:34.000,82800000,,00353839-3137-3030-3030-363535373731.extra_data.json,6,11,25200000,6,329,91.0,70,428,1,27,100032,2026-04-07 03:23:34.000,,63130130,2026-04-07 11:21:47.975,2026-04-07 11:06:41.000,,,UTC-0300,yeLoKu9/uD,,com.sec.android.app.shealth,2026-04-07 10:31:34.000,00353839-3137-3030-3030-363535373731,
34,,78.0,6,38,57,16,8,44,491,160,3,18,,16,,16,0,,91,,61,,0,-1,,10,16,18,26,88.0,2026-04-08 11:02:43.000,23.0,,2026-04-08 02:50:52.000,82800000,,00353839-3137-3236-3136-343635373731.extra_data.json,6,16,25200000,4,329,91.0,84,491,1,30,100032,2026-04-08 02:50:52.000,,63130130,2026-04-08 11:03:00.191,2026-04-08 11:02:43.000,,,UTC-0300,yeLoKu9/uD,,com.sec.android.app.shealth,2026-04-08 11:01:52.000,00353839-3137-3236-3136-343635373731,
34,,89.0,6,36,41,6,3,30,443,115,0,10,,16,,16,0,,93,,92,,0,-1,,10,16,18,26,77.0,2026-04-09 10:39:45.000,14.0,,2026-04-09 03:16:20.000,82800000,,00353839-3137-3438-3131-333735373731.extra_data.json,6,24,25200000,4,280,93.0,93,443,1,31,100032,2026-04-09 03:16:20.000,,63130130,2026-04-09 10:39:56.482,2026-04-09 10:39:45.000,,,UTC-0300,yeLoKu9/uD,,com.sec.android.app.shealth,2026-04-09 10:39:20.000,00353839-3137-3438-3131-333735373731,
34,,43.0,6,0,0,6,0,9,119,66,0,0,,1,,16,0,,92,,18,,1,-1,,10,16,18,26,9.0,2026-04-09 12:56:39.000,17.0,,2026-04-09 10:46:21.000,82800000,,00353839-3137-3839-3339-333735373731.extra_data.json,6,20,25200000,1,92,92.0,45,119,1,2,100032,2026-04-09 10:46:21.000,,63130130,2026-04-09 13:10:43.429,2026-04-09 12:56:39.000,,,UTC-0300,yeLoKu9/uD,,com.sec.android.app.shealth,2026-04-09 12:45:21.000,00353839-3137-3839-3339-333735373731,
34,,50.0,6,1,1,18,0,18,237,236,0,9,,1,,16,0,,92,,30,bc2e75ee-cedb-4683-b589-a5ea29451907,0,-1,,10,16,18,26,17.0,2026-04-10 06:43:53.000,19.0,,2026-04-10 02:46:23.000,82800000,,00353839-3137-3233-3433-303835373731.extra_data.json,6,17,25200000,0,188,92.0,44,237,1,4,100032,2026-04-10 02:46:23.000,,63130130,2026-04-10 09:18:15.108,2026-04-10 06:43:53.000,,,UTC-0300,yeLoKu9/uD,,com.sec.android.app.shealth,2026-04-10 06:43:23.000,00353839-3137-3233-3433-303835373731,
34,,8.0,6,4,4,9,0,9,105,104,0,3,,6,,16,0,,91,,0,bc2e75ee-cedb-4683-b589-a5ea29451907,2,-1,,10,16,18,26,9.0,2026-04-10 09:07:09.000,20.0,,2026-04-10 07:07:55.000,82800000,,00353839-3137-3832-3032-313835373731.extra_data.json,6,1,25200000,0,92,91.0,31,105,1,2,100032,2026-04-10 07:07:55.000,,63130130,2026-04-10 09:18:15.119,2026-04-10 09:07:09.000,,,UTC-0300,yeLoKu9/uD,,com.sec.android.app.shealth,2026-04-10 08:52:55.000,00353839-3137-3832-3032-313835373731,
34,,80.0,6,20,39,3,0,42,422,144,0,27,,16,,16,0,,90,,69,,0,-1,,10,6,18,26,69.0,2026-04-11 11:01:32.000,18.0,,2026-04-11 03:38:38.000,82800000,,00353839-3137-3139-3235-303935373731.extra_data.json,6,22,25200000,4,272,90.0,75,422,1,25,100032,2026-04-11 03:38:38.000,,63130130,2026-04-11 11:26:42.832,2026-04-11 11:01:32.000,,,UTC-0300,yeLoKu9/uD,,com.sec.android.app.shealth,2026-04-11 10:40:38.000,00353839-3137-3139-3235-303935373731,
34,,11.0,6,15,15,3,0,7,170,166,0,0,,16,,16,0,,95,,3,,0,-1,,10,14,18,26,20.0,2026-04-11 15:49:09.000,4.0,,2026-04-11 12:36:42.000,82800000,,00353839-3137-3834-3532-323935373731.extra_data.json,6,2,25200000,0,145,95.0,40,170,1,2,100032,2026-04-11 12:36:42.000,,63130130,2026-04-11 16:13:17.398,2026-04-11 15:49:09.000,,,UTC-0300,yeLoKu9/uD,,com.sec.android.app.shealth,2026-04-11 15:26:42.000,00353839-3137-3834-3532-323935373731,
34,,68.0,5,4,4,39,1,58,534,369,0,20,,1,,16,0,,89,,40,,0,-1,,10,16,18,26,52.0,2026-04-12 12:31:55.000,25.0,,2026-04-12 03:37:47.000,82800000,,00353839-3137-3431-3137-393935373731.extra_data.json,6,8,25200000,3,432,89.0,60,534,1,30,100032,2026-04-12 03:37:47.000,,63130130,2026-04-12 12:57:02.922,2026-04-12 12:31:55.000,,,UTC-0300,yeLoKu9/uD,,com.sec.android.app.shealth,2026-04-12 12:31:47.000,00353839-3137-3431-3137-393935373731,
34,,63.0,5,21,21,17,0,34,322,298,0,23,,13,,16,0,,89,,45,,0,-1,,10,16,18,26,38.0,2026-04-13 09:11:26.000,23.0,,2026-04-13 03:41:49.000,82800000,,00353839-3137-3538-3431-373036373731.extra_data.json,6,19,25200000,1,222,89.0,62,322,1,9,100032,2026-04-13 03:41:49.000,,63130130,2026-04-13 09:16:36.636,2026-04-13 09:11:26.000,,,UTC-0300,yeLoKu9/uD,,com.sec.android.app.shealth,2026-04-13 09:03:49.000,00353839-3137-3538-3431-373036373731,
34,,23.0,6,28,28,24,0,26,304,302,0,4,,16,,16,0,,91,,2,ae70a960-9a6c-447e-b6db-82db4b33e4ac,0,-1,,10,6,18,26,48.0,2026-04-14 07:36:16.000,18.0,,2026-04-14 02:19:38.000,82800000,,00353839-3137-3537-3132-353136373731.extra_data.json,6,1,25200000,1,248,91.0,37,304,1,8,100032,2026-04-14 02:19:38.000,,63130130,2026-04-14 12:05:54.943,2026-04-14 07:36:16.000,,,UTC-0300,yeLoKu9/uD,,com.sec.android.app.shealth,2026-04-14 07:23:38.000,00353839-3137-3537-3132-353136373731,
34,,15.0,6,5,5,9,0,10,188,186,0,3,,4,,16,0,,94,,4,ae70a960-9a6c-447e-b6db-82db4b33e4ac,0,-1,,10,16,18,26,15.0,2026-04-14 11:41:46.000,12.0,,2026-04-14 08:16:20.000,82800000,,00353839-3137-3530-3936-363136373731.extra_data.json,6,2,25200000,1,169,94.0,31,188,1,3,100032,2026-04-14 08:16:20.000,,63130130,2026-04-14 12:05:55.009,2026-04-14 11:41:46.000,,,UTC-0300,yeLoKu9/uD,,com.sec.android.app.shealth,2026-04-14 11:24:20.000,00353839-3137-3530-3936-363136373731,
34,,45.0,5,38,38,22,0,49,474,394,0,29,,15,,16,0,,89,,15,,0,-1,,10,16,18,26,74.0,2026-04-15 12:05:50.000,22.0,,2026-04-15 03:50:49.000,82800000,,00353839-3137-3934-3734-353236373731.extra_data.json,6,3,25200000,2,372,89.0,69,474,1,30,100032,2026-04-15 03:50:49.000,,63130130,2026-04-15 12:31:03.424,2026-04-15 12:05:50.000,,,UTC-0300,yeLoKu9/uD,,com.sec.android.app.shealth,2026-04-15 11:44:49.000,00353839-3137-3934-3734-353236373731,
34,,92.0,6,16,31,11,0,46,556,150,0,11,,11,,16,0,,91,,103,,0,-1,,10,14,18,26,81.0,2026-04-16 12:23:52.000,17.0,,2026-04-16 02:49:40.000,82800000,,00353839-3137-3133-3232-343336373731.extra_data.json,6,23,25200000,5,376,91.0,85,556,1,31,100032,2026-04-16 02:49:40.000,,63130130,2026-04-16 12:48:04.438,2026-04-16 12:23:52.000,,,UTC-0300,yeLoKu9/uD,,com.sec.android.app.shealth,2026-04-16 12:05:40.000,00353839-3137-3133-3232-343336373731,
34,,76.0,6,17,17,8,2,27,418,122,0,8,,7,,16,0,,93,,59,,0,-1,,10,16,18,26,52.0,2026-04-17 10:37:35.000,15.0,,2026-04-17 03:30:43.000,82800000,,00353839-3137-3435-3232-323436373731.extra_data.json,6,19,25200000,5,315,93.0,76,418,1,28,100032,2026-04-17 03:30:43.000,,63130130,2026-04-17 11:07:46.066,2026-04-17 10:37:35.000,,,UTC-0300,yeLoKu9/uD,,com.sec.android.app.shealth,2026-04-17 10:28:43.000,00353839-3137-3435-3232-323436373731,
34,,83.0,5,21,40,14,2,58,537,151,0,36,,14,,16,0,,89,,72,,0,-1,,10,16,18,26,81.0,2026-04-19 12:53:50.000,27.0,,2026-04-19 03:38:30.000,82800000,,00353839-3137-3932-3233-303636373731.extra_data.json,6,18,25200000,5,367,89.0,83,537,1,30,100032,2026-04-19 03:38:30.000,,63130130,2026-04-19 13:20:03.563,2026-04-19 12:53:50.000,,,UTC-0300,yeLoKu9/uD,,com.sec.android.app.shealth,2026-04-19 12:35:30.000,00353839-3137-3932-3233-303636373731,
34,,67.0,6,15,15,14,2,21,285,191,0,3,,10,,16,0,,92,,45,,0,-1,,10,12,18,26,32.0,2026-04-20 08:55:32.000,15.0,,2026-04-20 03:58:50.000,82800000,,00353839-3137-3133-3335-373636373731.extra_data.json,6,21,25200000,2,204,92.0,56,285,1,7,100032,2026-04-20 03:58:50.000,,63130130,2026-04-20 09:13:44.978,2026-04-20 08:55:32.000,,,UTC-0300,yeLoKu9/uD,,com.sec.android.app.shealth,2026-04-20 08:43:50.000,00353839-3137-3133-3335-373636373731,
34,,75.0,5,9,9,30,1,78,572,370,0,47,,2,,16,0,,86,,49,,0,-1,,10,16,18,26,57.0,2026-04-21 12:25:22.000,30.0,,2026-04-21 02:48:03.000,82800000,,00353839-3137-3132-3334-373736373731.extra_data.json,6,10,25200000,4,436,86.0,62,572,1,29,100032,2026-04-21 02:48:03.000,,63130130,2026-04-21 12:30:33.111,2026-04-21 12:25:22.000,,,UTC-0300,yeLoKu9/uD,,com.sec.android.app.shealth,2026-04-21 12:20:03.000,00353839-3137-3132-3334-373736373731,
34,,78.0,6,27,27,28,0,40,430,352,0,16,,12,,16,0,,90,,65,,0,-1,,10,16,18,26,62.0,2026-04-22 11:20:22.000,21.0,,2026-04-22 03:52:25.000,82800000,,00353839-3137-3132-3836-353836373731.extra_data.json,6,20,25200000,3,298,90.0,81,430,1,27,100032,2026-04-22 03:52:25.000,,63130130,2026-04-22 11:46:33.132,2026-04-22 11:20:22.000,,,UTC-0300,yeLoKu9/uD,,com.sec.android.app.shealth,2026-04-22 11:02:25.000,00353839-3137-3132-3836-353836373731,
34,,7.0,6,0,0,7,0,7,74,73,0,0,,1,,16,0,,90,,0,,3,-1,,10,16,18,26,7.0,2026-04-23 20:41:55.000,19.0,,2026-04-23 19:27:53.000,82800000,,00353839-3137-3431-3936-373936373731.extra_data.json,6,1,25200000,0,67,90.0,26,74,1,2,100032,2026-04-23 19:27:53.000,,63200010,2026-04-23 20:42:02.334,2026-04-23 20:41:55.000,,,UTC-0300,yeLoKu9/uD,,com.sec.android.app.shealth,2026-04-23 20:41:53.000,00353839-3137-3431-3936-373936373731,
34,,44.0,5,19,19,41,0,59,461,351,0,23,,7,,16,0,,87,,17,,0,-1,,10,16,18,26,56.0,,29.0,,,82800000,,00353839-3137-3138-3637-323037373731.extra_data.json,6,3,25200000,2,366,87.0,58,461,1,27,100032,2026-04-24 03:07:02.000,,63200010,2026-04-24 10:53:13.931,2026-04-24 10:48:02.000,,,UTC-0300,yeLoKu9/uD,,com.sec.android.app.shealth,2026-04-24 10:48:02.000,00353839-3137-3138-3637-323037373731,
34,,9.0,5,3,3,14,0,25,142,131,0,7,,3,,16,0,,82,,1,,0,-1,,10,16,18,26,10.0,2026-04-24 20:57:33.000,27.0,,2026-04-24 18:18:12.000,82800000,,00353839-3137-3235-3234-363037373731.extra_data.json,6,1,25200000,1,113,82.0,27,142,1,2,100032,2026-04-24 18:18:12.000,,63200010,2026-04-24 21:14:42.154,2026-04-24 20:57:33.000,,,UTC-0300,yeLoKu9/uD,,com.sec.android.app.shealth,2026-04-24 20:40:12.000,00353839-3137-3235-3234-363037373731,
34,,69.0,6,31,31,20,0,33,436,287,0,3,,14,,16,0,,92,,48,,0,-1,,10,16,18,26,70.0,2026-04-25 11:14:26.000,15.0,,2026-04-25 03:42:27.000,82800000,,00353839-3137-3536-3635-313137373731.extra_data.json,6,14,25200000,3,324,92.0,79,436,1,29,100032,2026-04-25 03:42:27.000,,63200010,2026-04-25 12:02:37.549,2026-04-25 11:14:26.000,,,UTC-0300,yeLoKu9/uD,,com.sec.android.app.shealth,2026-04-25 10:58:27.000,00353839-3137-3536-3635-313137373731,
34,,69.0,5,20,21,14,1,41,329,131,0,18,,13,,16,0,,87,,53,,0,-1,,10,16,18,26,40.0,2026-04-26 08:39:52.000,29.0,,2026-04-26 03:10:10.000,82800000,,00353839-3137-3139-3732-393137373731.extra_data.json,6,21,25200000,1,214,87.0,64,329,1,9,100032,2026-04-26 03:10:10.000,,63200010,2026-04-26 08:48:02.764,2026-04-26 08:39:52.000,,,UTC-0300,yeLoKu9/uD,,com.sec.android.app.shealth,2026-04-26 08:39:10.000,00353839-3137-3139-3732-393137373731,
34,,37.0,4,12,12,60,0,83,362,229,0,56,,5,,16,0,,77,,22,c843dc2e-90c9-409f-a685-4deaafd04ebc,0,-1,,10,16,18,26,30.0,2026-04-27 09:02:24.000,65.0,,2026-04-27 02:59:39.000,82800000,,00353839-3137-3334-3530-383237373731.extra_data.json,6,6,25200000,2,245,77.0,38,362,1,7,100032,2026-04-27 02:59:39.000,,63200010,2026-04-27 17:04:07.233,2026-04-27 09:02:24.000,,,UTC-0300,yeLoKu9/uD,,com.sec.android.app.shealth,2026-04-27 09:01:39.000,00353839-3137-3334-3530-383237373731,
34,,5.0,6,15,15,0,0,0,32,31,0,0,,14,,16,0,,100,,0,c843dc2e-90c9-409f-a685-4deaafd04ebc,5,-1,,10,16,18,26,10.0,2026-04-27 09:49:31.000,0.0,,2026-04-27 09:17:28.000,82800000,,00353839-3137-3037-3333-383237373731.extra_data.json,6,1,25200000,0,17,100.0,39,32,1,2,100032,2026-04-27 09:17:28.000,,63200010,2026-04-27 17:04:07.292,2026-04-27 09:49:31.000,,,UTC-0300,yeLoKu9/uD,,com.sec.android.app.shealth,2026-04-27 09:49:28.000,00353839-3137-3037-3333-383237373731,
34,,8.0,6,1,1,7,0,7,109,108,0,0,,1,,16,0,,93,,0,5639c8bf-d697-4319-9052-c2be46afba0e,1,-1,,10,16,18,26,8.0,2026-04-29 04:48:29.000,13.0,,2026-04-29 02:46:17.000,82800000,,00353839-3137-3830-3138-333437373731.extra_data.json,6,1,25200000,0,101,93.0,26,109,1,2,100032,2026-04-29 02:46:17.000,,63200010,2026-04-29 12:06:40.219,2026-04-29 04:48:29.000,,,UTC-0300,yeLoKu9/uD,,com.sec.android.app.shealth,2026-04-29 04:35:17.000,00353839-3137-3830-3138-333437373731,
34,,35.0,5,7,7,9,0,9,86,85,0,5,,15,,16,0,,89,,12,5639c8bf-d697-4319-9052-c2be46afba0e,3,-1,,10,16,18,26,9.0,2026-04-29 08:04:02.000,27.0,,2026-04-29 06:37:50.000,82800000,,00353839-3137-3134-3839-343437373731.extra_data.json,6,19,25200000,1,58,89.0,57,86,1,2,100032,2026-04-29 06:37:50.000,,63200010,2026-04-29 12:06:40.271,2026-04-29 08:04:02.000,,,UTC-0300,yeLoKu9/uD,,com.sec.android.app.shealth,2026-04-29 08:03:50.000,00353839-3137-3134-3839-343437373731,
34,,23.0,6,17,17,4,0,11,177,87,0,4,,16,,16,0,,93,,11,5639c8bf-d697-4319-9052-c2be46afba0e,0,-1,,10,16,18,26,21.0,2026-04-29 11:51:33.000,13.0,,2026-04-29 08:34:06.000,82800000,,00353839-3137-3239-3433-363437373731.extra_data.json,6,6,25200000,1,138,93.0,46,177,1,2,100032,2026-04-29 08:34:06.000,,63200010,2026-04-29 12:06:40.298,2026-04-29 11:51:33.000,,,UTC-0300,yeLoKu9/uD,,com.sec.android.app.shealth,2026-04-29 11:31:06.000,00353839-3137-3239-3433-363437373731,
34,,67.0,6,11,18,13,0,43,477,118,0,13,,6,,16,0,,90,,43,,0,-1,,10,6,18,26,60.0,2026-04-30 11:39:56.000,23.0,,2026-04-30 03:24:45.000,82800000,,00353839-3137-3539-3139-343537373731.extra_data.json,6,10,25200000,3,373,90.0,58,477,1,30,100032,2026-04-30 03:24:45.000,,63200010,2026-04-30 12:04:06.097,2026-04-30 11:39:56.000,,,UTC-0300,yeLoKu9/uD,,com.sec.android.app.shealth,2026-04-30 11:21:45.000,00353839-3137-3539-3139-343537373731,
34,,90.0,6,45,45,12,2,21,470,341,0,0,,17,,16,0,,95,,90,,0,-1,,10,14,18,26,84.0,2026-05-01 14:24:41.000,7.0,,2026-05-01 05:49:25.000,82800000,,00353839-3137-3038-3435-343637373731.extra_data.json,6,24,25200000,4,314,95.0,93,470,1,32,100032,2026-05-01 05:49:25.000,,63200010,2026-05-01 14:48:53.335,2026-05-01 14:24:41.000,,,UTC-0300,yeLoKu9/uD,,com.sec.android.app.shealth,2026-05-01 13:39:25.000,00353839-3137-3038-3435-343637373731,
34,,14.0,5,11,11,10,0,27,160,103,0,0,,13,,16,0,,83,,6,01a0754f-1aaa-4b69-9e17-61ecdfe8cbd0,0,-1,,10,16,18,26,16.0,2026-05-02 06:45:54.000,22.0,,2026-05-02 04:01:31.000,82800000,,00353839-3137-3335-3334-303737373731.extra_data.json,6,3,25200000,1,116,83.0,39,160,1,2,100032,2026-05-02 04:01:31.000,,63200010,2026-05-02 10:59:02.555,2026-05-02 06:45:54.000,,,UTC-0300,yeLoKu9/uD,,com.sec.android.app.shealth,2026-05-02 06:41:31.000,00353839-3137-3335-3334-303737373731,
34,,18.0,5,20,20,10,0,21,200,140,0,3,,16,,16,0,,89,,8,01a0754f-1aaa-4b69-9e17-61ecdfe8cbd0,0,-1,,10,16,18,26,27.0,2026-05-02 10:55:50.000,19.0,,2026-05-02 07:23:58.000,82800000,,00353839-3137-3934-3339-313737373731.extra_data.json,6,3,25200000,1,151,89.0,42,200,1,2,100032,2026-05-02 07:23:58.000,,63200010,2026-05-02 10:59:02.566,2026-05-02 10:55:50.000,,,UTC-0300,yeLoKu9/uD,,com.sec.android.app.shealth,2026-05-02 10:43:58.000,00353839-3137-3934-3339-313737373731,
34,,6.0,5,6,6,6,0,6,55,54,0,3,,16,,16,0,,89,,0,2d2294d5-6c2c-4cd0-a028-a617f8b287de,4,-1,,10,16,18,26,7.0,2026-05-03 07:38:28.000,27.0,,2026-05-03 06:29:17.000,82800000,,00353839-3137-3730-3933-393737373731.extra_data.json,6,1,25200000,0,43,89.0,40,55,1,2,100032,2026-05-03 06:29:17.000,,63200010,2026-05-03 09:53:53.859,2026-05-03 07:38:28.000,,,UTC-0300,yeLoKu9/uD,,com.sec.android.app.shealth,2026-05-03 07:24:17.000,00353839-3137-3730-3933-393737373731,
34,,5.0,6,9,9,0,0,0,24,23,0,0,,15,,16,0,,100,,0,2d2294d5-6c2c-4cd0-a028-a617f8b287de,5,-1,,10,16,18,26,7.0,2026-05-03 09:25:45.000,0.0,,2026-05-03 09:01:39.000,82800000,,00353839-3137-3434-3330-303837373731.extra_data.json,6,1,25200000,0,15,100.0,40,24,1,2,100032,2026-05-03 09:01:39.000,,63200010,2026-05-03 09:53:53.883,2026-05-03 09:25:45.000,,,UTC-0300,yeLoKu9/uD,,com.sec.android.app.shealth,2026-05-03 09:25:39.000,00353839-3137-3434-3330-303837373731,
34,,76.0,6,39,39,20,0,42,558,289,0,0,,14,,16,0,,92,,48,,0,-1,,10,14,18,26,87.0,2026-05-04 12:00:28.000,14.0,,2026-05-04 01:33:05.000,82800000,,00353839-3137-3732-3036-393837373731.extra_data.json,6,10,25200000,4,429,92.0,75,558,1,31,100032,2026-05-04 01:33:05.000,,63200010,2026-05-04 12:24:40.956,2026-05-04 12:00:28.000,,,UTC-0300,yeLoKu9/uD,,com.sec.android.app.shealth,2026-05-04 10:51:05.000,00353839-3137-3732-3036-393837373731,
34,,88.0,6,16,28,9,0,43,511,115,0,11,,11,,16,0,,91,,89,,0,-1,,10,9,18,26,74.0,2026-05-05 11:40:54.000,18.0,,2026-05-05 02:52:42.000,82800000,,00353839-3137-3335-3231-383937373731.extra_data.json,6,23,25200000,4,351,91.0,80,511,1,31,100032,2026-05-05 02:52:42.000,,63200010,2026-05-05 12:06:08.640,2026-05-05 11:40:54.000,,,UTC-0300,yeLoKu9/uD,,com.sec.android.app.shealth,2026-05-05 11:23:42.000,00353839-3137-3335-3231-383937373731,
34,,82.0,6,22,23,11,1,52,534,165,0,19,,8,,16,0,,90,,69,,0,-1,,10,16,18,26,71.0,2026-05-07 12:52:31.000,20.0,,2026-05-07 03:42:12.000,82800000,,00353839-3137-3035-3338-353138373731.extra_data.json,6,17,25200000,6,390,90.0,77,534,1,30,100032,2026-05-07 03:42:12.000,,63200010,2026-05-07 13:04:44.740,2026-05-07 12:52:31.000,,,UTC-0300,yeLoKu9/uD,,com.sec.android.app.shealth,2026-05-07 12:36:12.000,00353839-3137-3035-3338-353138373731,
34,,72.0,5,20,20,32,2,51,472,191,0,23,,7,,16,0,,89,,53,,0,-1,,10,16,18,26,59.0,2026-05-08 10:46:35.000,32.0,,2026-05-08 02:54:31.000,82800000,,00353839-3137-3439-3137-333238373731.extra_data.json,6,14,25200000,3,348,89.0,72,472,1,30,100032,2026-05-08 02:54:31.000,,63200010,2026-05-08 10:51:49.083,2026-05-08 10:46:35.000,,,UTC-0300,yeLoKu9/uD,,com.sec.android.app.shealth,2026-05-08 10:46:31.000,00353839-3137-3439-3137-333238373731,
34,,7.0,6,0,0,7,0,7,78,77,0,0,,1,,16,0,,91,,1,533ca7cc-e050-4068-9ed8-f1e692649ec4,3,-1,,10,16,18,26,7.0,2026-05-09 04:16:07.000,18.0,,2026-05-09 02:57:55.000,82800000,,00353839-3137-3636-3130-303338373731.extra_data.json,6,2,25200000,1,70,91.0,27,78,1,2,100032,2026-05-09 02:57:55.000,,63200010,2026-05-09 11:23:12.339,2026-05-09 04:16:07.000,,,UTC-0300,yeLoKu9/uD,,com.sec.android.app.shealth,2026-05-09 04:15:55.000,00353839-3137-3636-3130-303338373731,
34,,79.0,6,8,27,4,1,16,354,109,0,0,,15,,16,0,,95,,61,533ca7cc-e050-4068-9ed8-f1e692649ec4,0,-1,,10,16,18,26,56.0,2026-05-09 10:59:03.000,8.0,,2026-05-09 04:42:10.000,82800000,,00353839-3137-3234-3334-323338373731.extra_data.json,6,23,25200000,3,250,95.0,79,354,1,19,100032,2026-05-09 04:42:10.000,,63200010,2026-05-09 11:23:12.352,2026-05-09 10:59:03.000,,,UTC-0300,yeLoKu9/uD,,com.sec.android.app.shealth,2026-05-09 10:36:10.000,00353839-3137-3234-3334-323338373731,
34,,93.0,6,16,28,17,0,42,569,179,0,14,,9,,16,0,,92,,111,,0,-1,,10,16,18,26,79.0,2026-05-10 13:06:32.000,18.0,,2026-05-10 03:20:15.000,82800000,,00353839-3137-3139-3338-313438373731.extra_data.json,6,24,25200000,4,388,92.0,86,569,1,31,100032,2026-05-10 03:20:15.000,,63200010,2026-05-10 13:32:39.099,2026-05-10 13:06:32.000,,,UTC-0300,yeLoKu9/uD,,com.sec.android.app.shealth,2026-05-10 12:49:15.000,00353839-3137-3139-3338-313438373731,
34,,79.0,6,35,35,26,1,52,534,247,0,26,,13,,16,0,,90,,60,,0,-1,,10,16,18,26,79.0,2026-05-11 12:30:42.000,25.0,,2026-05-11 03:32:38.000,82800000,,00353839-3137-3134-3632-303538373731.extra_data.json,6,14,25200000,3,387,90.0,79,534,1,30,100032,2026-05-11 03:32:38.000,,63200010,2026-05-11 12:35:54.981,2026-05-11 12:30:42.000,,,UTC-0300,yeLoKu9/uD,,com.sec.android.app.shealth,2026-05-11 12:26:38.000,00353839-3137-3134-3632-303538373731,
34,,39.0,6,21,35,7,3,21,318,101,0,3,,16,,16,0,,93,,20,,0,-1,,10,16,18,26,58.0,2026-05-12 09:55:00.000,14.0,,2026-05-12 04:19:18.000,82800000,,00353839-3137-3939-3639-373538373731.extra_data.json,6,6,25200000,3,242,93.0,55,318,1,11,100032,2026-05-12 04:19:18.000,,63200010,2026-05-12 10:19:08.034,2026-05-12 09:55:00.000,,,UTC-0300,yeLoKu9/uD,,com.sec.android.app.shealth,2026-05-12 09:37:18.000,00353839-3137-3939-3639-373538373731,
34,,8.0,5,13,13,12,0,12,114,113,0,6,,16,,16,0,,89,,0,,1,-1,,10,16,18,26,13.0,2026-05-12 13:07:23.000,26.0,,2026-05-12 10:48:06.000,82800000,,00353839-3137-3234-3231-393538373731.extra_data.json,6,1,25200000,0,89,89.0,40,114,1,2,100032,2026-05-12 10:48:06.000,,63200010,2026-05-12 13:13:32.305,2026-05-12 13:07:23.000,,,UTC-0300,yeLoKu9/uD,,com.sec.android.app.shealth,2026-05-12 12:42:06.000,00353839-3137-3234-3231-393538373731,
34,,81.0,5,15,15,42,9,68,538,333,0,18,,4,,16,0,,87,,67,,0,-1,,10,15,18,26,64.0,2026-05-13 11:59:36.000,28.0,,2026-05-13 03:01:29.000,82800000,,00353839-3137-3537-3533-373638373731.extra_data.json,6,17,25200000,4,388,87.0,70,538,1,29,100032,2026-05-13 03:01:29.000,,63200010,2026-05-13 12:29:41.698,2026-05-13 11:59:36.000,,,UTC-0300,yeLoKu9/uD,,com.sec.android.app.shealth,2026-05-13 11:59:29.000,00353839-3137-3537-3533-373638373731,
34,,74.0,6,36,36,17,0,60,531,231,0,13,,13,,16,0,,88,,51,,0,-1,,10,16,18,26,81.0,2026-05-14 12:35:04.000,20.0,,2026-05-14 03:20:47.000,82800000,,00353839-3137-3330-3132-363738373731.extra_data.json,6,12,25200000,4,384,88.0,77,531,1,30,100032,2026-05-14 03:20:47.000,,63200010,2026-05-14 13:03:17.007,2026-05-14 12:35:04.000,,,UTC-0300,yeLoKu9/uD,,com.sec.android.app.shealth,2026-05-14 12:11:47.000,00353839-3137-3330-3132-363738373731,
34,,86.0,6,11,23,2,1,19,360,87,0,3,,13,,16,0,,94,,77,,0,-1,,10,16,18,26,52.0,2026-05-15 10:34:05.000,8.0,,2026-05-15 04:11:14.000,82800000,,00353839-3137-3434-3231-343838373731.extra_data.json,6,24,25200000,5,241,94.0,78,360,1,19,100032,2026-05-15 04:11:14.000,,63200010,2026-05-15 10:58:16.143,2026-05-15 10:34:05.000,,,UTC-0300,yeLoKu9/uD,,com.sec.android.app.shealth,2026-05-15 10:11:14.000,00353839-3137-3434-3231-343838373731,
34,,8.0,6,0,0,6,0,7,95,94,0,0,,1,,16,0,,92,,0,,2,-1,,10,6,18,26,8.0,2026-05-15 20:56:33.000,13.0,,2026-05-15 19:12:19.000,82800000,,00353839-3137-3239-3538-373838373731.extra_data.json,6,1,25200000,0,88,92.0,16,95,1,2,100032,2026-05-15 19:12:19.000,,63200010,2026-05-15 21:12:41.041,2026-05-15 20:56:33.000,,,UTC-0300,yeLoKu9/uD,,com.sec.android.app.shealth,2026-05-15 20:47:19.000,00353839-3137-3239-3538-373838373731,
34,,90.0,6,7,22,5,1,24,491,103,0,3,,8,,16,0,,95,,92,,0,-1,,10,16,18,26,69.0,2026-05-17 12:39:25.000,10.0,,2026-05-17 03:44:19.000,82800000,,00353839-3137-3436-3531-323039373731.extra_data.json,6,24,25200000,2,353,95.0,86,491,1,32,100032,2026-05-17 03:44:19.000,,63200010,2026-05-17 13:03:34.967,2026-05-17 12:39:25.000,,,UTC-0300,yeLoKu9/uD,,com.sec.android.app.shealth,2026-05-17 11:55:19.000,00353839-3137-3436-3531-323039373731,
34,,63.0,6,11,11,18,0,38,399,244,0,7,,4,,16,0,,90,,43,,0,-1,,10,16,18,26,43.0,2026-05-18 11:15:36.000,17.0,,2026-05-18 04:05:42.000,82800000,,00353839-3137-3533-3932-303139373731.extra_data.json,6,14,25200000,3,307,90.0,62,399,1,22,100032,2026-05-18 04:05:42.000,,63200010,2026-05-18 11:34:45.786,2026-05-18 11:15:36.000,,,UTC-0300,yeLoKu9/uD,,com.sec.android.app.shealth,2026-05-18 10:44:42.000,00353839-3137-3533-3932-303139373731,
34,,70.0,6,12,12,11,0,46,506,186,0,7,,3,,16,0,,90,,45,,0,-1,,10,16,18,26,60.0,2026-05-19 12:25:22.000,16.0,,2026-05-19 03:43:13.000,82800000,,00353839-3137-3132-3533-393139373731.extra_data.json,6,10,25200000,5,403,90.0,65,506,1,30,100032,2026-05-19 03:43:13.000,,63200010,2026-05-19 17:22:56.113,2026-05-19 12:25:22.000,,,UTC-0300,yeLoKu9/uD,,com.sec.android.app.shealth,2026-05-19 12:09:13.000,00353839-3137-3132-3533-393139373731,
34,,70.0,5,33,33,43,0,92,574,361,0,61,,11,,16,0,,83,,40,,0,-1,,10,16,18,26,78.0,2026-05-20 12:54:50.000,39.0,,2026-05-20 03:13:39.000,82800000,,00353839-3137-3938-3631-383239373731.extra_data.json,6,7,25200000,2,409,83.0,67,574,1,28,100032,2026-05-20 03:13:39.000,,63200010,2026-05-20 13:09:00.538,2026-05-20 12:54:50.000,,,UTC-0300,yeLoKu9/uD,,com.sec.android.app.shealth,2026-05-20 12:47:39.000,00353839-3137-3938-3631-383239373731,
34,,93.0,6,52,52,25,1,50,557,379,0,26,,16,,16,0,,91,,111,,0,-1,,10,16,18,26,89.0,2026-05-21 13:00:30.000,20.0,,2026-05-21 03:28:12.000,82800000,,00353839-3137-3932-3438-363339373731.extra_data.json,6,23,25200000,2,344,91.0,91,557,1,30,100032,2026-05-21 03:28:12.000,,63200010,2026-05-21 13:27:39.633,2026-05-21 13:00:30.000,,,UTC-0300,yeLoKu9/uD,,com.sec.android.app.shealth,2026-05-21 12:45:12.000,00353839-3137-3932-3438-363339373731,
34,,73.0,6,14,14,23,0,38,401,254,0,15,,6,,16,0,,90,,57,,0,-1,,10,14,18,26,44.0,2026-05-22 10:28:45.000,21.0,,2026-05-22 03:27:53.000,82800000,,00353839-3137-3432-3735-343439373731.extra_data.json,6,19,25200000,2,292,90.0,68,401,1,23,100032,2026-05-22 03:27:53.000,,63200010,2026-05-22 10:52:54.128,2026-05-22 10:28:45.000,,,UTC-0300,yeLoKu9/uD,,com.sec.android.app.shealth,2026-05-22 10:08:53.000,00353839-3137-3432-3735-343439373731,
34,,7.0,6,0,0,7,0,7,71,70,0,0,,1,,16,0,,90,,0,,3,-1,,10,16,18,26,7.0,2026-05-22 19:42:04.000,20.0,,2026-05-22 18:19:53.000,82800000,,00353839-3137-3332-3938-373439373731.extra_data.json,6,1,25200000,0,64,90.0,26,71,1,2,100032,2026-05-22 18:19:53.000,,63200010,2026-05-22 20:07:15.967,2026-05-22 19:42:04.000,,,UTC-0300,yeLoKu9/uD,,com.sec.android.app.shealth,2026-05-22 19:30:53.000,00353839-3137-3332-3938-373439373731,
34,,93.0,6,28,43,9,0,52,591,120,0,31,,14,,16,0,,91,,108,,0,-1,,10,16,18,26,87.0,2026-05-23 14:42:36.000,22.0,,2026-05-23 04:31:22.000,82800000,,00353839-3137-3535-3337-343539373731.extra_data.json,6,23,25200000,6,388,91.0,90,591,1,31,100032,2026-05-23 04:31:22.000,,63200010,2026-05-23 15:08:50.379,2026-05-23 14:42:36.000,,,UTC-0300,yeLoKu9/uD,,com.sec.android.app.shealth,2026-05-23 14:22:22.000,00353839-3137-3535-3337-343539373731,
34,,80.0,6,32,32,22,1,30,486,276,0,3,,13,,16,0,,93,,63,,0,-1,,10,16,18,26,77.0,2026-05-24 13:02:44.000,15.0,,2026-05-24 04:16:37.000,82800000,,00353839-3137-3336-3737-323639373731.extra_data.json,6,17,25200000,3,361,93.0,83,486,1,31,100032,2026-05-24 04:16:37.000,,63200010,2026-05-24 13:30:53.955,2026-05-24 13:02:44.000,,,UTC-0300,yeLoKu9/uD,,com.sec.android.app.shealth,2026-05-24 12:22:37.000,00353839-3137-3336-3737-323639373731,
34,,85.0,5,13,13,38,0,59,562,256,0,40,,3,,16,0,,89,,74,,0,-1,,10,16,18,26,61.0,2026-05-25 13:01:43.000,32.0,,2026-05-25 03:22:41.000,82800000,,00353839-3137-3230-3134-313739373731.extra_data.json,6,18,25200000,2,416,89.0,72,562,1,30,100032,2026-05-25 03:22:41.000,,63200010,2026-05-25 13:10:58.840,2026-05-25 13:01:43.000,,,UTC-0300,yeLoKu9/uD,,com.sec.android.app.shealth,2026-05-25 12:44:41.000,00353839-3137-3230-3134-313739373731,
34,,84.0,6,9,9,11,1,32,460,141,0,6,,2,,16,0,,93,,76,,0,-1,,10,16,18,26,51.0,2026-05-26 11:12:45.000,16.0,,2026-05-26 03:31:51.000,82800000,,00353839-3137-3436-3933-393739373731.extra_data.json,6,22,25200000,4,343,93.0,77,460,1,31,100032,2026-05-26 03:31:51.000,,63200010,2026-05-26 11:38:54.516,2026-05-26 11:12:45.000,,,UTC-0300,yeLoKu9/uD,,com.sec.android.app.shealth,2026-05-26 11:11:51.000,00353839-3137-3436-3933-393739373731,
34,,8.0,5,9,9,14,0,14,107,106,0,10,,15,,16,0,,86,,0,b448b355-629f-4912-8063-0b90fb677bdb,2,-1,,10,16,18,26,10.0,2026-05-27 05:20:10.000,36.0,,2026-05-27 03:32:59.000,82800000,,00353839-3137-3930-3239-353839373731.extra_data.json,6,1,25200000,0,84,86.0,39,107,1,2,100032,2026-05-27 03:32:59.000,,63200010,2026-05-27 13:00:15.919,2026-05-27 05:20:10.000,,,UTC-0300,yeLoKu9/uD,,com.sec.android.app.shealth,2026-05-27 05:19:59.000,00353839-3137-3930-3239-353839373731,
34,,7.0,3,0,0,17,0,17,73,72,0,15,,0,,16,0,,76,,0,b448b355-629f-4912-8063-0b90fb677bdb,4,-1,,10,16,18,26,7.0,2026-05-27 06:48:24.000,67.0,,2026-05-27 05:35:14.000,82800000,,00353839-3137-3330-3534-363839373731.extra_data.json,6,1,25200000,0,56,76.0,21,73,1,1,100032,2026-05-27 05:35:14.000,,63200010,2026-05-27 13:00:15.956,2026-05-27 06:48:24.000,,,UTC-0300,yeLoKu9/uD,,com.sec.android.app.shealth,2026-05-27 06:48:14.000,00353839-3137-3330-3534-363839373731,
34,,71.0,6,12,12,10,0,13,279,225,0,0,,7,,16,0,,95,,48,b448b355-629f-4912-8063-0b90fb677bdb,0,-1,,10,16,18,26,30.0,2026-05-27 12:34:07.000,9.0,,2026-05-27 07:26:28.000,82800000,,00353839-3137-3634-3235-383839373731.extra_data.json,6,23,25200000,1,206,95.0,59,279,1,7,100032,2026-05-27 07:26:28.000,,63200010,2026-05-27 13:00:15.967,2026-05-27 12:34:07.000,,,UTC-0300,yeLoKu9/uD,,com.sec.android.app.shealth,2026-05-27 12:05:28.000,00353839-3137-3634-3235-383839373731,
34,,63.0,6,19,19,23,0,48,486,188,0,17,,7,,16,0,,90,,37,,0,-1,,10,16,18,26,61.0,2026-05-28 11:34:02.000,26.0,,2026-05-28 03:27:05.000,82800000,,00353839-3137-3134-3038-363939373731.extra_data.json,6,8,25200000,4,382,90.0,67,486,1,30,100032,2026-05-28 03:27:05.000,,63200010,2026-05-28 11:39:10.647,2026-05-28 11:34:02.000,,,UTC-0300,yeLoKu9/uD,,com.sec.android.app.shealth,2026-05-28 11:33:05.000,00353839-3137-3134-3038-363939373731,
34,,67.0,5,27,27,8,0,45,418,187,0,25,,13,,16,0,,89,,49,,0,-1,,10,16,18,26,57.0,2026-05-29 10:49:18.000,21.0,,2026-05-29 03:35:26.000,82800000,,00353839-3137-3735-3731-353030383731.extra_data.json,6,15,25200000,4,297,89.0,73,418,1,24,100032,2026-05-29 03:35:26.000,,63200010,2026-05-29 11:19:29.155,2026-05-29 10:49:18.000,,,UTC-0300,yeLoKu9/uD,,com.sec.android.app.shealth,2026-05-29 10:33:26.000,00353839-3137-3735-3731-353030383731,
34,,74.0,5,17,17,26,0,40,355,162,0,18,,9,,16,0,,88,,60,,0,-1,,10,16,18,26,40.0,2026-05-31 08:59:23.000,32.0,,2026-05-31 02:46:33.000,82800000,,00353839-3137-3236-3937-313230383731.extra_data.json,6,22,25200000,5,238,88.0,66,355,1,14,100032,2026-05-31 02:46:33.000,,63200010,2026-05-31 09:16:33.100,2026-05-31 08:59:23.000,,,UTC-0300,yeLoKu9/uD,,com.sec.android.app.shealth,2026-05-31 08:41:33.000,00353839-3137-3236-3937-313230383731,
34,,7.0,6,10,10,2,0,2,78,77,0,0,,17,,16,0,,97,,0,,3,-1,,10,16,18,26,10.0,2026-05-31 11:56:53.000,5.0,,2026-05-31 10:22:39.000,82800000,,00353839-3137-3231-3638-323230383731.extra_data.json,6,1,25200000,0,66,97.0,42,78,1,2,100032,2026-05-31 10:22:39.000,,63200010,2026-05-31 12:21:58.556,2026-05-31 11:56:53.000,,,UTC-0300,yeLoKu9/uD,,com.sec.android.app.shealth,2026-05-31 11:40:39.000,00353839-3137-3231-3638-323230383731,
34,,10.0,6,0,0,10,0,10,137,136,0,3,,1,,16,0,,92,,0,,0,-1,,10,16,18,26,10.0,2026-05-31 20:48:19.000,17.0,,2026-05-31 18:21:50.000,82800000,,00353839-3137-3839-3430-363230383731.extra_data.json,6,1,25200000,0,127,92.0,26,137,1,2,100032,2026-05-31 18:21:50.000,,63200010,2026-06-01 11:01:15.284,2026-05-31 20:48:19.000,,,UTC-0300,yeLoKu9/uD,,com.sec.android.app.shealth,2026-05-31 20:38:50.000,00353839-3137-3839-3430-363230383731,
34,,89.0,6,13,30,6,1,32,460,128,0,0,,13,,16,0,,93,,91,,0,-1,,10,16,18,26,73.0,2026-06-01 10:36:02.000,12.0,,2026-06-01 02:55:04.000,82800000,,00353839-3137-3136-3130-313330383731.extra_data.json,6,24,25200000,5,307,93.0,90,460,1,31,100032,2026-06-01 02:55:04.000,,63200010,2026-06-01 11:01:16.355,2026-06-01 10:36:02.000,,,UTC-0300,yeLoKu9/uD,,com.sec.android.app.shealth,2026-06-01 10:35:04.000,00353839-3137-3136-3130-313330383731,
34,,7.0,5,11,11,8,0,15,85,78,0,7,,14,,16,0,,82,,0,ec893bf1-fb69-4daf-a789-68ad36891875,3,-1,,10,16,18,26,10.0,2026-06-02 05:10:07.000,29.0,,2026-06-02 03:44:54.000,82800000,,00353839-3137-3630-3037-373330383731.extra_data.json,6,1,25200000,0,59,82.0,37,85,1,1,100032,2026-06-02 03:44:54.000,,63200010,2026-06-02 12:27:18.775,2026-06-02 05:10:07.000,,,UTC-0300,yeLoKu9/uD,,com.sec.android.app.shealth,2026-06-02 05:09:54.000,00353839-3137-3630-3037-373330383731,
34,,63.0,6,20,20,25,0,33,365,274,0,10,,11,,16,0,,90,,44,ec893bf1-fb69-4daf-a789-68ad36891875,0,-1,,10,12,18,26,46.0,2026-06-02 12:02:06.000,20.0,,2026-06-02 05:34:09.000,82800000,,00353839-3137-3532-3731-303430383731.extra_data.json,6,16,25200000,2,268,90.0,62,365,1,17,100032,2026-06-02 05:34:09.000,,63200010,2026-06-02 12:27:18.812,2026-06-02 12:02:06.000,,,UTC-0300,yeLoKu9/uD,,com.sec.android.app.shealth,2026-06-02 11:39:09.000,00353839-3137-3532-3731-303430383731,
34,,89.0,5,15,25,14,2,61,557,215,0,32,,8,,16,0,,89,,91,,0,-1,,10,16,18,26,73.0,2026-06-03 13:08:01.000,23.0,,2026-06-03 03:46:41.000,82800000,,00353839-3137-3038-3032-393430383731.extra_data.json,6,21,25200000,6,380,89.0,80,557,1,30,100032,2026-06-03 03:46:41.000,,63200010,2026-06-03 13:14:14.166,2026-06-03 13:08:01.000,,,UTC-0300,yeLoKu9/uD,,com.sec.android.app.shealth,2026-06-03 13:03:41.000,00353839-3137-3038-3032-393430383731,
34,,11.0,5,24,24,18,2,25,167,160,0,3,,15,,16,0,,85,,3,a22fb9aa-4e35-42f3-bf11-23e27f5d6cbe,0,-1,,10,16,18,26,25.0,2026-06-04 06:30:56.000,24.0,,2026-06-04 03:43:33.000,82800000,,00353839-3137-3535-3634-353530383731.extra_data.json,6,2,25200000,0,115,85.0,40,167,1,2,100032,2026-06-04 03:43:33.000,,63200010,2026-06-04 19:49:03.862,2026-06-04 06:30:56.000,,,UTC-0300,yeLoKu9/uD,,com.sec.android.app.shealth,2026-06-04 06:30:33.000,00353839-3137-3535-3634-353530383731,
34,,10.0,6,18,18,9,0,9,139,138,0,3,,16,,16,0,,93,,0,a22fb9aa-4e35-42f3-bf11-23e27f5d6cbe,0,-1,,10,16,18,26,19.0,2026-06-04 09:24:18.000,15.0,,2026-06-04 06:50:57.000,82800000,,00353839-3137-3735-3035-363530383731.extra_data.json,6,1,25200000,0,112,93.0,41,139,1,2,100032,2026-06-04 06:50:57.000,,63200010,2026-06-04 19:49:03.873,2026-06-04 09:24:18.000,,,UTC-0300,yeLoKu9/uD,,com.sec.android.app.shealth,2026-06-04 09:09:57.000,00353839-3137-3735-3035-363530383731,
34,,9.0,6,3,3,8,0,8,122,121,0,3,,3,,16,0,,93,,0,,1,-1,,10,16,18,26,10.0,2026-06-04 19:36:53.000,16.0,,2026-06-04 17:24:36.000,82800000,,00353839-3137-3231-3831-303630383731.extra_data.json,6,1,25200000,0,111,93.0,28,122,1,2,100032,2026-06-04 17:24:36.000,,63200010,2026-06-04 19:49:03.385,2026-06-04 19:36:53.000,,,UTC-0300,yeLoKu9/uD,,com.sec.android.app.shealth,2026-06-04 19:26:36.000,00353839-3137-3231-3831-303630383731,
34,,7.0,6,10,10,5,0,22,105,88,0,0,,14,,16,0,,79,,0,f05d553c-2a38-420d-9322-a3df4d5ac0b2,2,-1,,10,16,18,26,11.0,2026-06-05 04:53:33.000,11.0,,2026-06-05 03:08:18.000,82800000,,00353839-3137-3231-3235-333630383731.extra_data.json,6,1,25200000,0,73,79.0,38,105,1,1,100032,2026-06-05 03:08:18.000,,63200010,2026-06-05 12:41:47.507,2026-06-05 04:53:33.000,,,UTC-0300,yeLoKu9/uD,,com.sec.android.app.shealth,2026-06-05 04:53:18.000,00353839-3137-3231-3235-333630383731,
34,,57.0,6,4,4,11,1,24,385,171,0,3,,1,,16,0,,93,,34,f05d553c-2a38-420d-9322-a3df4d5ac0b2,0,-1,,10,16,18,26,36.0,2026-06-05 12:11:36.000,13.0,,2026-06-05 05:19:35.000,82800000,,00353839-3137-3539-3431-363630383731.extra_data.json,6,10,25200000,3,323,93.0,56,385,1,23,100032,2026-06-05 05:19:35.000,,63200010,2026-06-05 12:41:47.533,2026-06-05 12:11:36.000,,,UTC-0300,yeLoKu9/uD,,com.sec.android.app.shealth,2026-06-05 11:44:35.000,00353839-3137-3539-3431-363630383731,
34,,63.0,6,25,25,26,0,41,504,364,0,7,,9,,16,0,,91,,33,,0,-1,,10,16,18,26,72.0,2026-06-06 13:39:35.000,17.0,,2026-06-06 05:02:27.000,82800000,,00353839-3137-3437-3133-353730383731.extra_data.json,6,6,25200000,5,405,91.0,68,504,1,31,100032,2026-06-06 05:02:27.000,,63200010,2026-06-06 13:45:44.045,2026-06-06 13:39:35.000,,,UTC-0300,yeLoKu9/uD,,com.sec.android.app.shealth,2026-06-06 13:26:27.000,00353839-3137-3437-3133-353730383731,
34,,79.0,6,2,21,7,5,46,476,86,0,15,,8,,16,0,,90,,65,,0,-1,,10,16,18,26,63.0,2026-06-08 11:37:43.000,21.0,,2026-06-08 03:37:39.000,82800000,,00353839-3137-3236-3638-313930383731.extra_data.json,6,18,25200000,4,344,90.0,78,476,1,30,100032,2026-06-08 03:37:39.000,,63200010,2026-06-08 12:05:53.883,2026-06-08 11:37:43.000,,,UTC-0300,yeLoKu9/uD,,com.sec.android.app.shealth,2026-06-08 11:33:39.000,00353839-3137-3236-3638-313930383731,
34,,88.0,6,0,25,8,1,30,459,96,0,7,,10,,16,0,,93,,88,,0,-1,,10,16,18,26,67.0,2026-06-09 12:54:26.000,16.0,,2026-06-09 04:49:20.000,82800000,,00353839-3137-3536-3639-303031383731.extra_data.json,6,24,25200000,4,316,93.0,87,459,1,31,100032,2026-06-09 04:49:20.000,,63200010,2026-06-09 13:23:35.263,2026-06-09 12:54:26.000,,,UTC-0300,yeLoKu9/uD,,com.sec.android.app.shealth,2026-06-09 12:28:20.000,00353839-3137-3536-3639-303031383731,
34,,80.0,5,24,34,25,6,49,471,162,0,21,,14,,16,0,,89,,68,,0,-1,,10,16,18,26,72.0,2026-06-10 12:00:43.000,30.0,,2026-06-10 03:20:39.000,82800000,,00353839-3137-3234-3832-393031383731.extra_data.json,6,19,25200000,4,320,89.0,84,471,1,30,100032,2026-06-10 03:20:39.000,,63200010,2026-06-10 12:05:53.870,2026-06-10 12:00:43.000,,,UTC-0300,yeLoKu9/uD,,com.sec.android.app.shealth,2026-06-10 11:11:39.000,00353839-3137-3234-3832-393031383731,
34,,83.0,6,3,3,24,0,39,441,224,0,16,,1,,16,0,,91,,75,,0,-1,,10,16,18,26,38.0,2026-06-12 10:36:23.000,23.0,,2026-06-12 03:14:43.000,82800000,,00353839-3137-3238-3530-363231383731.extra_data.json,6,22,25200000,3,324,91.0,74,441,1,29,100032,2026-06-12 03:14:43.000,,63200010,2026-06-12 10:36:33.807,2026-06-12 10:36:23.000,,,UTC-0300,yeLoKu9/uD,,com.sec.android.app.shealth,2026-06-12 10:35:43.000,00353839-3137-3238-3530-363231383731,
34,,78.0,6,0,25,3,0,23,428,98,0,0,,11,,16,0,,94,,59,,0,-1,,10,12,18,26,64.0,2026-06-13 11:04:24.000,8.0,,2026-06-13 03:34:24.000,82800000,,00353839-3137-3336-3638-343331383731.extra_data.json,6,18,25200000,3,321,94.0,77,428,1,30,100032,2026-06-13 03:34:24.000,,63200010,2026-06-13 11:28:35.876,2026-06-13 11:04:24.000,,,UTC-0300,yeLoKu9/uD,,com.sec.android.app.shealth,2026-06-13 10:42:24.000,00353839-3137-3336-3638-343331383731,
34,,88.0,6,12,22,14,2,44,599,171,0,0,,6,,16,0,,92,,80,,0,-1,,10,16,18,26,82.0,2026-06-14 14:12:31.000,16.0,,2026-06-14 03:53:04.000,82800000,,00353839-3137-3035-3336-343431383731.extra_data.json,6,18,25200000,7,453,92.0,76,599,1,30,100032,2026-06-14 03:53:04.000,,63200010,2026-06-14 14:42:43.011,2026-06-14 14:12:31.000,,,UTC-0300,yeLoKu9/uD,,com.sec.android.app.shealth,2026-06-14 13:52:04.000,00353839-3137-3035-3336-343431383731,
34,,82.0,6,21,22,10,2,23,403,126,0,11,,10,,16,0,,94,,70,,0,-1,,10,16,18,26,54.0,2026-06-15 11:05:26.000,16.0,,2026-06-15 03:35:24.000,82800000,,00353839-3137-3532-3531-323531383731.extra_data.json,6,23,25200000,4,288,94.0,82,403,1,27,100032,2026-06-15 03:35:24.000,,63200010,2026-06-15 11:30:37.051,2026-06-15 11:05:26.000,,,UTC-0300,yeLoKu9/uD,,com.sec.android.app.shealth,2026-06-15 10:18:24.000,00353839-3137-3532-3531-323531383731,
34,,85.0,6,27,27,20,0,54,543,199,0,19,,9,,16,0,,90,,77,,0,-1,,10,16,18,26,74.0,2026-06-16 12:58:15.000,22.0,,2026-06-16 03:40:01.000,82800000,,00353839-3137-3439-3634-313631383731.extra_data.json,6,19,25200000,3,385,90.0,80,543,1,30,100032,2026-06-16 03:40:01.000,,63200010,2026-06-16 13:21:27.643,2026-06-16 12:58:15.000,,,UTC-0300,yeLoKu9/uD,,com.sec.android.app.shealth,2026-06-16 12:43:01.000,00353839-3137-3439-3634-313631383731,
34,,69.0,6,25,29,5,2,32,345,129,0,3,,15,,16,0,,90,,50,,0,-1,,10,16,18,26,54.0,2026-06-17 09:56:21.000,12.0,,2026-06-17 03:51:36.000,82800000,,00353839-3137-3038-3130-393631383731.extra_data.json,6,19,25200000,3,234,90.0,70,345,1,14,100032,2026-06-17 03:51:36.000,,63200010,2026-06-17 10:21:32.618,2026-06-17 09:56:21.000,,,UTC-0300,yeLoKu9/uD,,com.sec.android.app.shealth,2026-06-17 09:36:36.000,00353839-3137-3038-3130-393631383731,
34,,11.0,5,3,3,25,0,25,162,161,0,15,,2,,16,0,,84,,1,,0,-1,,10,16,18,26,10.0,2026-06-17 13:02:42.000,40.0,,2026-06-17 10:15:22.000,82800000,,00353839-3137-3136-3331-303731383731.extra_data.json,6,1,25200000,0,133,84.0,26,162,1,2,100032,2026-06-17 10:15:22.000,,63200010,2026-06-17 13:07:51.373,2026-06-17 13:02:42.000,,,UTC-0300,yeLoKu9/uD,,com.sec.android.app.shealth,2026-06-17 12:57:22.000,00353839-3137-3136-3331-303731383731,
34,,86.0,6,26,44,7,0,27,534,176,0,0,,16,,16,0,,94,,74,,0,-1,,10,16,18,26,88.0,2026-06-18 13:11:23.000,9.0,,2026-06-18 03:57:11.000,82800000,,00353839-3137-3238-3238-383731383731.extra_data.json,6,19,25200000,4,389,94.0,89,534,1,32,100032,2026-06-18 03:57:11.000,,63200010,2026-06-18 13:36:30.559,2026-06-18 13:11:23.000,,,UTC-0300,yeLoKu9/uD,,com.sec.android.app.shealth,2026-06-18 12:51:11.000,00353839-3137-3238-3238-383731383731,
34,,56.0,6,16,16,12,3,38,382,205,0,17,,7,,16,0,,90,,37,,0,-1,,10,16,18,26,43.0,2026-06-19 10:12:34.000,20.0,,2026-06-19 03:42:44.000,82800000,,00353839-3137-3335-3933-363831383731.extra_data.json,6,12,25200000,2,291,90.0,60,382,1,19,100032,2026-06-19 03:42:44.000,,63200010,2026-06-19 10:33:46.337,2026-06-19 10:12:34.000,,,UTC-0300,yeLoKu9/uD,,com.sec.android.app.shealth,2026-06-19 10:04:44.000,00353839-3137-3335-3933-363831383731,
34,,91.0,6,16,34,2,0,36,520,100,0,10,,13,,16,0,,93,,97,,0,-1,,10,16,18,26,79.0,2026-06-20 12:38:21.000,10.0,,2026-06-20 03:38:08.000,82800000,,00353839-3137-3030-3139-353931383731.extra_data.json,6,24,25200000,5,353,93.0,90,520,1,31,100032,2026-06-20 03:38:08.000,,63200010,2026-06-20 13:05:30.170,2026-06-20 12:38:21.000,,,UTC-0300,yeLoKu9/uD,,com.sec.android.app.shealth,2026-06-20 12:18:08.000,00353839-3137-3030-3139-353931383731,
34,,86.0,6,42,51,10,4,40,518,194,0,7,,16,,16,0,,92,,80,,0,-1,,10,16,18,26,89.0,2026-06-21 14:31:08.000,14.0,,2026-06-21 05:06:52.000,82800000,,00353839-3137-3736-3232-353032383731.extra_data.json,6,21,25200000,6,347,92.0,90,518,1,31,100032,2026-06-21 05:06:52.000,,63200010,2026-06-21 14:37:19.442,2026-06-21 14:31:08.000,,,UTC-0300,yeLoKu9/uD,,com.sec.android.app.shealth,2026-06-21 13:44:52.000,00353839-3137-3736-3232-353032383731,
34,,81.0,6,34,34,31,0,51,553,371,0,9,,12,,16,0,,90,,63,,0,-1,,10,16,18,26,83.0,2026-06-22 13:00:31.000,19.0,,2026-06-22 03:36:20.000,82800000,,00353839-3137-3033-3233-333132383731.extra_data.json,6,15,25200000,3,405,90.0,79,553,1,30,100032,2026-06-22 03:36:20.000,,63200010,2026-06-22 13:05:46.097,2026-06-22 13:00:31.000,,,UTC-0300,yeLoKu9/uD,,com.sec.android.app.shealth,2026-06-22 12:49:20.000,00353839-3137-3033-3233-333132383731,
34,,80.0,5,16,16,25,1,62,563,253,0,16,,4,,16,0,,88,,62,,0,-1,,10,16,18,26,69.0,2026-06-23 12:02:10.000,24.0,,2026-06-23 02:24:43.000,82800000,,00353839-3137-3932-3136-313232383731.extra_data.json,6,14,25200000,7,423,88.0,69,563,1,30,100032,2026-06-23 02:24:43.000,,63200010,2026-06-23 12:02:48.459,2026-06-23 12:02:10.000,,,UTC-0300,yeLoKu9/uD,,com.sec.android.app.shealth,2026-06-23 11:47:43.000,00353839-3137-3932-3136-313232383731,
34,,89.0,6,25,25,20,2,31,573,360,0,0,,8,,16,0,,94,,84,,0,-1,,10,16,18,26,81.0,2026-06-24 13:03:46.000,11.0,,2026-06-24 03:14:23.000,82800000,,00353839-3137-3532-3236-303332383731.extra_data.json,6,20,25200000,4,433,94.0,82,573,1,32,100032,2026-06-24 03:14:23.000,,63200010,2026-06-24 13:28:55.942,2026-06-24 13:03:46.000,,,UTC-0300,yeLoKu9/uD,,com.sec.android.app.shealth,2026-06-24 12:47:23.000,00353839-3137-3532-3236-303332383731,
34,,82.0,6,7,7,14,0,31,473,278,0,10,,2,,16,0,,93,,70,,0,-1,,10,16,18,26,49.0,2026-06-25 13:10:36.000,14.0,,2026-06-25 04:51:27.000,82800000,,00353839-3137-3533-3033-393332383731.extra_data.json,6,20,25200000,2,365,93.0,75,473,1,31,100032,2026-06-25 04:51:27.000,,63200010,2026-06-25 13:35:45.770,2026-06-25 13:10:36.000,,,UTC-0300,yeLoKu9/uD,,com.sec.android.app.shealth,2026-06-25 12:44:27.000,00353839-3137-3533-3033-393332383731,
34,,90.0,6,32,32,12,0,21,385,240,0,0,,16,,16,0,,94,,93,,0,-1,,10,16,18,26,65.0,2026-06-26 09:37:38.000,10.0,,2026-06-26 03:11:52.000,82800000,,00353839-3137-3735-3636-363432383731.extra_data.json,6,24,25200000,2,239,94.0,86,385,1,24,100032,2026-06-26 03:11:52.000,,63200010,2026-06-27 12:16:24.070,2026-06-26 09:37:38.000,,,UTC-0300,yeLoKu9/uD,,com.sec.android.app.shealth,2026-06-26 09:36:52.000,00353839-3137-3735-3636-363432383731,
34,,87.0,6,32,33,6,5,45,527,109,0,14,,12,,16,0,,91,,83,,0,-1,,10,16,18,26,79.0,2026-06-28 13:49:10.000,17.0,,2026-06-28 04:33:55.000,82800000,,00353839-3137-3934-3534-353632383731.extra_data.json,6,21,25200000,5,366,91.0,86,527,1,31,100032,2026-06-28 04:33:55.000,,63200010,2026-06-28 14:14:24.261,2026-06-28 13:49:10.000,,,UTC-0300,yeLoKu9/uD,,com.sec.android.app.shealth,2026-06-28 13:20:55.000,00353839-3137-3934-3534-353632383731,
34,,6.0,6,0,0,6,0,6,66,65,0,3,,1,,16,0,,90,,0,,4,-1,,10,16,18,26,6.0,2026-06-28 19:38:57.000,23.0,,2026-06-28 18:22:46.000,82800000,,00353839-3137-3633-3535-373632383731.extra_data.json,6,1,25200000,0,60,90.0,26,66,1,2,100032,2026-06-28 18:22:46.000,,63200010,2026-06-28 20:04:01.894,2026-06-28 19:38:57.000,,,UTC-0300,yeLoKu9/uD,,com.sec.android.app.shealth,2026-06-28 19:28:46.000,00353839-3137-3633-3535-373632383731,
34,,79.0,6,16,16,27,0,35,393,302,0,3,,7,,16,0,,91,,67,,0,-1,,10,16,18,26,49.0,2026-06-29 09:54:53.000,19.0,,2026-06-29 03:21:03.000,82800000,,00353839-3137-3239-3836-323732383731.extra_data.json,6,22,25200000,2,275,91.0,73,393,1,22,100032,2026-06-29 03:21:03.000,,63200010,2026-06-29 10:25:06.844,2026-06-29 09:54:53.000,,,UTC-0300,yeLoKu9/uD,,com.sec.android.app.shealth,2026-06-29 09:54:03.000,00353839-3137-3239-3836-323732383731,
34,,7.0,5,0,0,13,0,13,80,79,0,6,,0,,16,0,,83,,0,,3,-1,,10,16,18,26,7.0,2026-06-29 11:58:11.000,40.0,,2026-06-29 10:27:55.000,82800000,,00353839-3137-3039-3234-333732383731.extra_data.json,6,1,25200000,0,67,83.0,23,80,1,1,100032,2026-06-29 10:27:55.000,,63200010,2026-06-29 12:22:16.955,2026-06-29 11:58:11.000,,,UTC-0300,yeLoKu9/uD,,com.sec.android.app.shealth,2026-06-29 11:47:55.000,00353839-3137-3039-3234-333732383731,
34,,76.0,6,41,41,22,0,59,629,247,0,7,,13,,16,0,,90,,40,,0,-1,,10,16,18,26,91.0,2026-06-30 11:52:14.000,18.0,,2026-06-30 00:56:54.000,82800000,,00353839-3137-3333-3330-323832383731.extra_data.json,6,6,25200000,4,489,90.0,69,629,1,28,100032,2026-06-30 00:56:54.000,,63200010,2026-06-30 12:16:28.779,2026-06-30 11:52:14.000,,,UTC-0300,yeLoKu9/uD,,com.sec.android.app.shealth,2026-06-30 11:25:54.000,00353839-3137-3333-3330-323832383731,
34,,53.0,6,9,9,25,1,33,410,312,0,0,,3,,16,0,,91,,30,,0,-1,,10,12,18,26,45.0,2026-07-01 09:04:16.000,15.0,,2026-07-01 01:53:19.000,82800000,,00353839-3137-3535-3636-393832383731.extra_data.json,6,8,25200000,3,338,91.0,54,410,1,25,100032,2026-07-01 01:53:19.000,,70001070,2026-07-01 09:25:32.123,2026-07-01 09:04:16.000,,,UTC-0300,yeLoKu9/uD,,com.sec.android.app.shealth,2026-07-01 08:43:19.000,00353839-3137-3535-3636-393832383731,
34,,75.0,6,12,18,10,2,40,465,153,0,6,,6,,16,0,,91,,56,,0,-1,,10,14,18,26,60.0,2026-07-02 09:44:05.000,16.0,,2026-07-02 01:36:09.000,82800000,,00353839-3137-3434-3435-383932383731.extra_data.json,6,16,25200000,2,351,91.0,73,465,1,31,100032,2026-07-02 01:36:09.000,,70001070,2026-07-02 10:48:27.799,2026-07-02 09:44:05.000,,,UTC-0300,yeLoKu9/uD,,com.sec.android.app.shealth,2026-07-02 09:21:09.000,00353839-3137-3434-3435-383932383731,
34,,5.0,6,20,20,0,0,0,39,38,0,0,,14,,16,0,,100,,0,,5,-1,,10,16,18,26,12.0,2026-07-02 10:54:14.000,0.0,,2026-07-02 10:15:09.000,82800000,,00353839-3137-3335-3639-383932383731.extra_data.json,6,1,25200000,0,19,100.0,39,39,1,2,100032,2026-07-02 10:15:09.000,,70001070,2026-07-02 11:19:21.097,2026-07-02 10:54:14.000,,,UTC-0300,yeLoKu9/uD,,com.sec.android.app.shealth,2026-07-02 10:54:09.000,00353839-3137-3335-3639-383932383731,
34,,70.0,5,33,33,21,3,82,474,242,3,52,,13,,16,0,,82,,52,,0,-1,,10,16,18,26,67.0,2026-07-03 09:48:14.000,37.0,,2026-07-03 01:54:11.000,82800000,,00353839-3137-3339-3032-373033383731.extra_data.json,6,14,25200000,6,307,82.0,73,474,1,25,100032,2026-07-03 01:54:11.000,,70001070,2026-07-03 09:53:25.402,2026-07-03 09:48:14.000,,,UTC-0300,yeLoKu9/uD,,com.sec.android.app.shealth,2026-07-03 09:48:11.000,00353839-3137-3339-3032-373033383731,
34,,86.0,6,19,39,4,4,38,489,93,0,0,,15,,16,0,,92,,81,,0,-1,,10,16,18,26,81.0,2026-07-05 12:16:57.000,11.0,,2026-07-05 03:46:56.000,82800000,,00353839-3137-3631-3833-353233383731.extra_data.json,6,22,25200000,7,331,92.0,90,489,1,31,100032,2026-07-05 03:46:56.000,,70001070,2026-07-05 12:29:07.217,2026-07-05 12:16:57.000,,,UTC-0300,yeLoKu9/uD,,com.sec.android.app.shealth,2026-07-05 11:55:56.000,00353839-3137-3631-3833-353233383731,
34,,8.0,5,19,19,15,0,15,104,103,0,12,,15,,16,0,,85,,0,,1,-1,,10,16,18,26,14.0,2026-07-05 19:53:01.000,41.0,,2026-07-05 18:08:50.000,82800000,,00353839-3137-3038-3131-383233383731.extra_data.json,6,1,25200000,0,70,85.0,39,104,1,2,100032,2026-07-05 18:08:50.000,,70001070,2026-07-07 11:27:25.774,2026-07-05 19:53:01.000,,,UTC-0300,yeLoKu9/uD,,com.sec.android.app.shealth,2026-07-05 19:52:50.000,00353839-3137-3038-3131-383233383731,
34,,91.0,5,34,34,61,1,94,630,473,0,58,,11,,16,0,,85,,96,,0,-1,,10,12,18,26,83.0,2026-07-07 11:15:25.000,37.0,,2026-07-07 00:45:06.000,82800000,,00353839-3137-3432-3932-323433383731.extra_data.json,6,20,25200000,2,406,85.0,76,630,1,28,100032,2026-07-07 00:45:06.000,,70001070,2026-07-07 11:27:28.302,2026-07-07 11:15:25.000,,,UTC-0300,yeLoKu9/uD,,com.sec.android.app.shealth,2026-07-07 11:15:06.000,00353839-3137-3432-3932-323433383731,
34,,19.0,6,1,1,8,1,9,129,128,0,0,,1,,16,0,,93,,8,,1,-1,,10,6,18,26,9.0,2026-07-07 18:54:26.000,13.0,,2026-07-07 16:45:13.000,82800000,,00353839-3137-3536-3430-353433383731.extra_data.json,6,6,25200000,1,111,93.0,21,129,1,2,100032,2026-07-07 16:45:13.000,,70001070,2026-07-07 18:59:58.615,2026-07-07 18:54:26.000,,,UTC-0300,yeLoKu9/uD,,com.sec.android.app.shealth,2026-07-07 18:54:13.000,00353839-3137-3536-3430-353433383731,
34,,61.0,6,17,17,5,0,19,393,211,0,0,,7,,16,0,,95,,37,,0,-1,,10,16,18,26,52.0,2026-07-08 10:01:20.000,7.0,,2026-07-08 03:07:38.000,82800000,,00353839-3137-3937-3834-303533383731.extra_data.json,6,11,25200000,2,320,95.0,66,393,1,26,100032,2026-07-08 03:07:38.000,,70001070,2026-07-08 10:25:37.798,2026-07-08 10:01:20.000,,,UTC-0300,yeLoKu9/uD,,com.sec.android.app.shealth,2026-07-08 09:40:38.000,00353839-3137-3937-3834-303533383731,
34,,92.0,6,47,62,25,2,61,627,200,0,37,,16,,16,0,,90,,101,,0,-1,,10,6,18,26,94.0,2026-07-09 10:53:32.000,28.0,,2026-07-09 00:16:13.000,82800000,,00353839-3137-3131-3434-393533383731.extra_data.json,6,21,25200000,6,403,90.0,77,627,1,28,100032,2026-07-09 00:16:13.000,,70001070,2026-07-09 11:22:30.579,2026-07-09 10:53:32.000,,,UTC-0300,yeLoKu9/uD,,com.sec.android.app.shealth,2026-07-09 10:43:13.000,00353839-3137-3131-3434-393533383731,
34,,7.0,6,10,10,4,0,4,87,86,0,0,,17,,16,0,,95,,0,,3,-1,,10,16,18,26,11.0,2026-07-09 18:57:39.000,9.0,,2026-07-09 17:12:25.000,82800000,,00353839-3137-3835-3433-323633383731.extra_data.json,6,1,25200000,0,73,95.0,42,87,1,2,100032,2026-07-09 17:12:25.000,,70001070,2026-07-09 19:20:47.230,2026-07-09 18:57:39.000,,,UTC-0300,yeLoKu9/uD,,com.sec.android.app.shealth,2026-07-09 18:39:25.000,00353839-3137-3835-3433-323633383731,
34,,47.0,6,19,19,11,1,28,342,175,0,13,,11,,16,0,,91,,28,,0,-1,,10,16,18,26,41.0,2026-07-10 12:24:06.000,18.0,,2026-07-10 06:19:24.000,82800000,,00353839-3137-3534-3236-383633383731.extra_data.json,6,9,25200000,4,267,91.0,56,342,1,14,100032,2026-07-10 06:19:24.000,,70001070,2026-07-10 12:37:27.503,2026-07-10 12:24:06.000,,,UTC-0300,yeLoKu9/uD,,com.sec.android.app.shealth,2026-07-10 12:01:24.000,00353839-3137-3534-3236-383633383731,
34,,54.0,5,26,26,25,0,58,368,147,0,46,,13,,16,0,,84,,38,,0,-1,,10,16,18,26,45.0,2026-07-11 08:34:56.000,45.0,,2026-07-11 02:26:10.000,82800000,,00353839-3137-3539-3838-353733383731.extra_data.json,6,13,25200000,3,246,84.0,59,368,1,12,100032,2026-07-11 02:26:10.000,,70001070,2026-07-11 08:59:05.112,2026-07-11 08:34:56.000,,,UTC-0300,yeLoKu9/uD,,com.sec.android.app.shealth,2026-07-11 08:34:10.000,00353839-3137-3539-3838-353733383731,
34,,6.0,3,1,1,14,0,15,52,51,0,9,,2,,16,0,,71,,0,,5,-1,,10,6,18,26,6.0,2026-07-11 10:59:15.000,73.0,,2026-07-11 10:07:08.000,82800000,,00353839-3137-3435-3537-363733383731.extra_data.json,6,1,25200000,0,36,71.0,13,52,1,1,100032,2026-07-11 10:07:08.000,,70001070,2026-07-11 11:25:29.342,2026-07-11 10:59:15.000,,,UTC-0300,yeLoKu9/uD,,com.sec.android.app.shealth,2026-07-11 10:59:08.000,00353839-3137-3435-3537-363733383731,
34,,67.0,6,14,14,10,1,15,299,238,0,0,,8,,16,0,,94,,44,,0,-1,,10,12,18,26,34.0,2026-07-12 06:31:50.000,8.0,,2026-07-12 01:25:14.000,82800000,,00353839-3137-3930-3937-333833383731.extra_data.json,6,20,25200000,2,226,94.0,56,299,1,10,100032,2026-07-12 01:25:14.000,,70001070,2026-07-12 06:37:00.437,2026-07-12 06:31:50.000,,,UTC-0300,yeLoKu9/uD,,com.sec.android.app.shealth,2026-07-12 06:24:14.000,00353839-3137-3930-3937-333833383731,
34,,89.0,5,31,31,9,1,61,560,145,0,33,,11,,16,0,,89,,91,,0,-1,,10,16,18,26,77.0,2026-07-13 12:49:38.000,23.0,,2026-07-13 02:45:30.000,82800000,,00353839-3137-3737-3936-343933383731.extra_data.json,6,21,25200000,3,377,89.0,83,560,1,30,100032,2026-07-13 02:45:30.000,,70001070,2026-07-13 20:49:02.565,2026-07-13 12:49:38.000,,,UTC-0300,yeLoKu9/uD,,com.sec.android.app.shealth,2026-07-13 12:05:30.000,00353839-3137-3737-3936-343933383731,
34,,17.0,6,25,25,3,0,3,124,123,0,0,,17,,16,0,,97,,6,,1,-1,,10,16,18,26,23.0,2026-07-13 20:22:48.000,5.0,,2026-07-13 17:45:27.000,82800000,,00353839-3137-3736-3134-373933383731.extra_data.json,6,4,25200000,0,90,97.0,45,124,1,2,100032,2026-07-13 17:45:27.000,,70001070,2026-07-13 20:49:01.948,2026-07-13 20:22:48.000,,,UTC-0300,yeLoKu9/uD,,com.sec.android.app.shealth,2026-07-13 19:49:27.000,00353839-3137-3736-3134-373933383731,
34,,73.0,6,27,27,20,1,23,418,363,0,4,,13,,16,0,,94,,53,,0,-1,,10,16,18,26,64.0,2026-07-14 11:41:52.000,12.0,,2026-07-14 04:14:58.000,82800000,,00353839-3137-3131-3339-323034383731.extra_data.json,6,17,25200000,2,315,94.0,81,418,1,29,100032,2026-07-14 04:14:58.000,,70001070,2026-07-14 12:11:03.948,2026-07-14 11:41:52.000,,,UTC-0300,yeLoKu9/uD,,com.sec.android.app.shealth,2026-07-14 11:12:58.000,00353839-3137-3131-3339-323034383731,
34,,58.0,5,0,0,11,1,44,348,144,0,22,,0,,16,0,,87,,41,,0,-1,,10,6,18,26,28.0,2026-07-16 06:09:47.000,26.0,,2026-07-16 00:21:06.000,82800000,,00353839-3137-3638-3132-383134383731.extra_data.json,6,15,25200000,2,263,87.0,38,348,1,12,100032,2026-07-16 00:21:06.000,,70001070,2026-07-16 06:35:57.057,2026-07-16 06:09:47.000,,,UTC-0300,yeLoKu9/uD,,com.sec.android.app.shealth,2026-07-16 06:09:06.000,00353839-3137-3638-3132-383134383731,
34,,68.0,6,3,3,21,0,30,330,306,0,3,,1,,16,0,,90,,49,179b81ba-33ef-45d1-95bd-22816095fbf2,0,-1,,10,15,18,26,27.0,2026-07-17 08:27:21.000,15.0,,2026-07-17 02:47:40.000,82800000,,00353839-3137-3034-3836-373234383731.extra_data.json,6,20,25200000,1,248,90.0,53,330,1,11,100032,2026-07-17 02:47:40.000,,70050090,2026-07-17 11:25:51.596,2026-07-17 08:27:21.000,,,UTC-0300,yeLoKu9/uD,,com.sec.android.app.shealth,2026-07-17 08:17:40.000,00353839-3137-3034-3836-373234383731,
34,,11.0,6,16,16,15,0,15,154,153,0,7,,16,,16,0,,90,,0,179b81ba-33ef-45d1-95bd-22816095fbf2,0,-1,,10,16,18,26,18.0,2026-07-17 11:20:40.000,24.0,,2026-07-17 08:46:24.000,82800000,,00353839-3137-3933-3237-383234383731.extra_data.json,6,1,25200000,0,123,90.0,41,154,1,2,100032,2026-07-17 08:46:24.000,,70050090,2026-07-17 11:25:51.639,2026-07-17 11:20:40.000,,,UTC-0300,yeLoKu9/uD,,com.sec.android.app.shealth,2026-07-17 11:20:24.000,00353839-3137-3933-3237-383234383731,
34,,69.0,6,19,19,6,0,29,440,109,0,4,,8,,16,0,,93,,46,,0,-1,,10,16,18,26,59.0,2026-07-18 11:21:54.000,13.0,,2026-07-18 03:42:03.000,82800000,,00353839-3137-3331-3733-373334383731.extra_data.json,6,13,25200000,4,346,93.0,73,440,1,30,100032,2026-07-18 03:42:03.000,,70050090,2026-07-18 11:35:06.175,2026-07-18 11:21:54.000,,,UTC-0300,yeLoKu9/uD,,com.sec.android.app.shealth,2026-07-18 11:02:03.000,00353839-3137-3331-3733-373334383731,
34,,32.0,6,32,32,14,2,33,313,163,0,3,,16,,16,0,,89,,16,5d307f05-508c-43d8-9b28-485da24f1dba,0,-1,,10,16,18,26,53.0,2026-07-19 09:38:15.000,18.0,,2026-07-19 04:24:40.000,82800000,,00353839-3137-3439-3833-353434383731.extra_data.json,6,5,25200000,4,232,89.0,51,313,1,8,100032,2026-07-19 04:24:40.000,,70050090,2026-07-19 10:50:30.391,2026-07-19 09:38:15.000,,,UTC-0300,yeLoKu9/uD,,com.sec.android.app.shealth,2026-07-19 09:37:40.000,00353839-3137-3439-3833-353434383731,
34,,5.0,6,20,20,0,0,0,38,37,0,0,,14,,16,0,,100,,0,5d307f05-508c-43d8-9b28-485da24f1dba,5,-1,,10,16,18,26,12.0,2026-07-19 10:30:24.000,0.0,,2026-07-19 09:52:19.000,82800000,,00353839-3137-3332-3037-353434383731.extra_data.json,6,1,25200000,0,18,100.0,39,38,1,2,100032,2026-07-19 09:52:19.000,,70050090,2026-07-19 10:50:30.421,2026-07-19 10:30:24.000,,,UTC-0300,yeLoKu9/uD,,com.sec.android.app.shealth,2026-07-19 10:30:19.000,00353839-3137-3332-3037-353434383731,
34,,81.0,5,6,6,46,3,66,597,503,0,18,,1,,16,0,,88,,60,,0,-1,,10,16,18,26,64.0,2026-07-20 11:59:45.000,23.0,,2026-07-20 01:47:35.000,82800000,,00353839-3137-3438-3738-343534383731.extra_data.json,6,12,25200000,3,465,88.0,64,597,1,30,100032,2026-07-20 01:47:35.000,,70050090,2026-07-20 12:13:58.824,2026-07-20 11:59:45.000,,,UTC-0300,yeLoKu9/uD,,com.sec.android.app.shealth,2026-07-20 11:44:35.000,00353839-3137-3438-3738-343534383731,
34,,71.0,5,24,24,39,0,76,535,439,0,28,,8,,16,0,,85,,48,,0,-1,,10,16,18,26,68.0,2026-07-21 12:07:02.000,26.0,,2026-07-21 02:39:52.000,82800000,,00353839-3137-3132-3635-333634383731.extra_data.json,6,11,25200000,2,387,85.0,69,535,1,29,100032,2026-07-21 02:39:52.000,,70050090,2026-07-21 12:32:10.083,2026-07-21 12:07:02.000,,,UTC-0300,yeLoKu9/uD,,com.sec.android.app.shealth,2026-07-21 11:34:52.000,00353839-3137-3132-3635-333634383731,
34,,7.0,5,20,20,15,0,15,83,82,0,7,,13,,16,0,,81,,0,485514a2-a08f-4b78-89d9-f17507d42c21,3,-1,,10,16,18,26,14.0,2026-07-22 04:08:28.000,45.0,,2026-07-22 02:45:07.000,82800000,,00353839-3137-3730-3333-393634383731.extra_data.json,6,1,25200000,0,48,81.0,36,83,1,1,100032,2026-07-22 02:45:07.000,,70050090,2026-07-22 12:58:32.627,2026-07-22 04:08:28.000,,,UTC-0300,yeLoKu9/uD,,com.sec.android.app.shealth,2026-07-22 04:08:07.000,00353839-3137-3730-3333-393634383731,
34,,6.0,6,31,31,0,0,0,45,44,0,0,,13,,16,0,,100,,0,485514a2-a08f-4b78-89d9-f17507d42c21,5,-1,,10,16,18,26,19.0,2026-07-22 05:24:27.000,0.0,,2026-07-22 04:39:23.000,82800000,,00353839-3137-3636-3837-393634383731.extra_data.json,6,1,25200000,0,14,100.0,38,45,1,2,100032,2026-07-22 04:39:23.000,,70050090,2026-07-22 12:58:32.670,2026-07-22 05:24:27.000,,,UTC-0300,yeLoKu9/uD,,com.sec.android.app.shealth,2026-07-22 05:24:23.000,00353839-3137-3636-3837-393634383731,
34,,55.0,6,6,6,1,0,30,385,77,0,5,,2,,16,0,,92,,34,485514a2-a08f-4b78-89d9-f17507d42c21,0,-1,,10,16,18,26,37.0,2026-07-22 12:33:24.000,10.0,,2026-07-22 05:34:29.000,82800000,,00353839-3137-3330-3633-323734383731.extra_data.json,6,10,25200000,4,315,92.0,56,385,1,22,100032,2026-07-22 05:34:29.000,,70050090,2026-07-22 12:58:32.705,2026-07-22 12:33:24.000,,,UTC-0300,yeLoKu9/uD,,com.sec.android.app.shealth,2026-07-22 11:59:29.000,00353839-3137-3330-3633-323734383731,
34,,7.0,6,0,0,1,0,16,84,69,0,0,,0,,16,0,,80,,0,,3,-1,,10,16,18,26,7.0,2026-07-23 04:43:11.000,3.0,,2026-07-23 03:18:29.000,82800000,,00353839-3137-3039-3731-383734383731.extra_data.json,6,1,25200000,0,68,80.0,24,84,1,1,100032,2026-07-23 03:18:29.000,,70050090,2026-07-23 04:43:17.806,2026-07-23 04:43:11.000,,,UTC-0300,yeLoKu9/uD,,com.sec.android.app.shealth,2026-07-23 04:42:29.000,00353839-3137-3039-3731-383734383731,
34,,75.0,6,35,35,21,2,34,470,376,0,9,,14,,16,0,,92,,55,,0,-1,,10,16,18,26,76.0,2026-07-24 10:56:30.000,15.0,,2026-07-24 02:42:26.000,82800000,,00353839-3137-3938-3530-393834383731.extra_data.json,6,15,25200000,2,346,92.0,82,470,1,31,100032,2026-07-24 02:42:26.000,,70050090,2026-07-24 12:03:29.136,2026-07-24 10:56:30.000,,,UTC-0300,yeLoKu9/uD,,com.sec.android.app.shealth,2026-07-24 10:32:26.000,00353839-3137-3938-3530-393834383731,
34,,87.0,6,15,15,31,2,61,584,326,0,15,,4,,16,0,,89,,81,,0,-1,,10,16,18,26,70.0,2026-07-25 13:04:25.000,21.0,,2026-07-25 03:20:01.000,82800000,,00353839-3137-3436-3634-383934383731.extra_data.json,6,19,25200000,2,427,89.0,75,584,1,30,100032,2026-07-25 03:20:01.000,,70050090,2026-07-25 14:31:20.249,2026-07-25 13:04:25.000,,,UTC-0300,yeLoKu9/uD,,com.sec.android.app.shealth,2026-07-25 13:04:01.000,00353839-3137-3436-3634-383934383731,
34,,70.0,6,12,12,20,1,47,465,187,0,7,,4,,16,0,,89,,49,,0,-1,,10,16,18,26,52.0,2026-07-26 11:10:58.000,20.0,,2026-07-26 03:25:56.000,82800000,,00353839-3137-3735-3234-363035383731.extra_data.json,6,13,25200000,3,357,89.0,69,465,1,30,100032,2026-07-26 03:25:56.000,,70050090,2026-07-26 11:16:07.301,2026-07-26 11:10:58.000,,,UTC-0300,yeLoKu9/uD,,com.sec.android.app.shealth,2026-07-26 11:10:56.000,00353839-3137-3735-3234-363035383731,
34,,14.0,6,19,19,3,0,3,78,77,0,0,,16,,16,0,,96,,4,,3,-1,,10,16,18,26,15.0,2026-07-26 18:14:05.000,8.0,,2026-07-26 16:35:52.000,82800000,,00353839-3137-3434-3639-383035383731.extra_data.json,6,5,25200000,0,52,96.0,45,78,1,2,100032,2026-07-26 16:35:52.000,,70050090,2026-07-26 18:39:11.138,2026-07-26 18:14:05.000,,,UTC-0300,yeLoKu9/uD,,com.sec.android.app.shealth,2026-07-26 17:53:52.000,00353839-3137-3434-3639-383035383731,
34,,82.0,5,18,32,31,0,72,513,128,0,37,,12,,16,0,,85,,73,,0,-1,,10,16,18,26,71.0,2026-07-27 12:48:43.000,43.0,,2026-07-27 03:28:34.000,82800000,,00353839-3137-3232-3536-353135383731.extra_data.json,6,19,25200000,5,336,85.0,81,513,1,29,100032,2026-07-27 03:28:34.000,,70050090,2026-07-27 13:18:58.848,2026-07-27 12:48:43.000,,,UTC-0300,yeLoKu9/uD,,com.sec.android.app.shealth,2026-07-27 12:01:34.000,00353839-3137-3232-3536-353135383731,
34,,70.0,5,4,4,37,0,72,546,390,0,23,,1,,16,0,,86,,43,,0,-1,,10,16,18,26,52.0,2026-07-28 12:01:04.000,26.0,,2026-07-28 02:30:49.000,82800000,,00353839-3137-3336-3030-343235383731.extra_data.json,6,9,25200000,4,427,86.0,60,546,1,29,100032,2026-07-28 02:30:49.000,,70050090,2026-07-28 12:25:14.531,2026-07-28 12:01:04.000,,,UTC-0300,yeLoKu9/uD,,com.sec.android.app.shealth,2026-07-28 11:36:49.000,00353839-3137-3336-3030-343235383731,
34,,35.0,5,11,11,16,1,25,217,135,0,12,,10,,16,0,,88,,21,,0,-1,,10,16,18,26,19.0,2026-07-29 05:32:14.000,29.0,,2026-07-29 01:51:05.000,82800000,,00353839-3137-3333-3133-303335383731.extra_data.json,6,12,25200000,1,160,88.0,46,217,1,3,100032,2026-07-29 01:51:05.000,,70050090,2026-07-29 05:32:21.473,2026-07-29 05:32:14.000,,,UTC-0300,yeLoKu9/uD,,com.sec.android.app.shealth,2026-07-29 05:28:05.000,00353839-3137-3333-3133-303335383731,
34,,89.0,6,15,15,18,1,35,531,320,0,0,,4,,16,0,,93,,88,,0,-1,,10,16,18,26,68.0,2026-07-30 13:03:44.000,11.0,,2026-07-30 03:45:24.000,82800000,,00353839-3137-3332-3636-313435383731.extra_data.json,6,22,25200000,3,393,93.0,79,531,1,31,100032,2026-07-30 03:45:24.000,,70060030,2026-07-30 13:27:52.534,2026-07-30 13:03:44.000,,,UTC-0300,yeLoKu9/uD,,com.sec.android.app.shealth,2026-07-30 12:36:24.000,00353839-3137-3332-3636-313435383731,
34,,89.0,6,1,34,6,0,26,449,55,0,5,,15,,16,0,,94,,88,,0,-1,,10,14,18,26,73.0,2026-07-31 11:08:12.000,17.0,,2026-07-31 03:14:03.000,82800000,,00353839-3137-3139-3036-393435383731.extra_data.json,6,24,25200000,5,301,94.0,91,449,1,32,100032,2026-07-31 03:14:03.000,,70060030,2026-07-31 11:32:25.432,2026-07-31 11:08:12.000,,,UTC-0300,yeLoKu9/uD,,com.sec.android.app.shealth,2026-07-31 10:43:03.000,00353839-3137-3139-3036-393435383731,
34,,90.0,6,20,20,29,0,41,658,460,0,3,,4,,16,0,,93,,79,,0,-1,,10,14,18,26,84.0,2026-08-01 14:59:23.000,12.0,,2026-08-01 03:34:47.000,82800000,,00353839-3137-3236-3336-393535383731.extra_data.json,6,16,25200000,3,518,93.0,65,658,1,25,100032,2026-08-01 03:34:47.000,,70060030,2026-08-01 15:23:35.168,2026-08-01 14:59:23.000,,,UTC-0300,yeLoKu9/uD,,com.sec.android.app.shealth,2026-08-01 14:32:47.000,00353839-3137-3236-3336-393535383731,
34,,79.0,6,16,16,3,2,49,513,95,0,5,,5,,16,0,,90,,64,,0,-1,,10,16,18,26,66.0,2026-08-02 12:53:39.000,14.0,,2026-08-02 04:11:24.000,82800000,,00353839-3137-3831-3235-373635383731.extra_data.json,6,17,25200000,3,384,90.0,74,513,1,30,100032,2026-08-02 04:11:24.000,,70060030,2026-08-02 13:07:50.670,2026-08-02 12:53:39.000,,,UTC-0300,yeLoKu9/uD,,com.sec.android.app.shealth,2026-08-02 12:44:24.000,00353839-3137-3831-3235-373635383731,
34,,63.0,6,21,21,25,0,44,433,224,0,8,,9,,16,0,,89,,42,,0,-1,,10,16,18,26,58.0,2026-08-04 11:18:37.000,22.0,,2026-08-04 03:28:33.000,82800000,,00353839-3137-3631-3332-343835383731.extra_data.json,6,12,25200000,3,326,89.0,70,433,1,27,100032,2026-08-04 03:28:33.000,,70060030,2026-08-04 11:43:40.425,2026-08-04 11:18:37.000,,,UTC-0300,yeLoKu9/uD,,com.sec.android.app.shealth,2026-08-04 10:41:33.000,00353839-3137-3631-3332-343835383731,
34,,74.0,6,17,23,7,4,51,498,126,0,3,,8,,16,0,,89,,54,,0,-1,,10,16,18,26,70.0,2026-08-05 11:57:21.000,14.0,,2026-08-05 03:04:06.000,82800000,,00353839-3137-3034-3031-333935383731.extra_data.json,6,14,25200000,2,370,89.0,74,498,1,30,100032,2026-08-05 03:04:06.000,,70060030,2026-08-05 12:21:29.914,2026-08-05 11:57:21.000,,,UTC-0300,yeLoKu9/uD,,com.sec.android.app.shealth,2026-08-05 11:22:06.000,00353839-3137-3034-3031-333935383731,
