com.samsung.shealth.step_daily_trend,7006003,6
binning_data,update_time,create_time,source_pkg_name,source_type,count,speed,distance,calorie,deviceuuid,pkg_name,datauuid,day_time
490a137a-4fa3-4e18-bec1-b236ba631641.binning_data.json,2026-08-04 03:04:52.651,2026-08-03 19:46:22.510,com.sec.android.app.shealth,-2,8778,1.6371717,6519.52,315.71533,VfS0qUERdZ,com.sec.android.app.shealth,490a137a-4fa3-4e18-bec1-b236ba631641,2026-08-03 00:00:00.000,
e43f03cd-7cc9-401f-b010-0b009108bfed.binning_data.json,2025-11-05 10:44:35.953,2025-11-04 19:12:19.067,com.sec.android.app.shealth,-2,13978,1.7211654,10463.63,485.98642,VfS0qUERdZ,com.sec.android.app.shealth,e43f03cd-7cc9-401f-b010-0b009108bfed,2025-11-04 00:00:00.000,
539f6180-ea1a-470f-a075-958e95b41aae.binning_data.json,2025-11-05 03:54:33.976,2025-11-05 03:54:33.976,com.sec.android.app.shealth,0,5251,1.2915523,3949.47,159.84999,g1bnYRM2yN,com.sec.android.app.shealth,539f6180-ea1a-470f-a075-958e95b41aae,2025-11-04 00:00:00.000,
b3579073-11ab-43f8-bfad-151a29eb984f.binning_data.json,2025-11-06 03:00:02.563,2025-11-05 03:54:34.470,com.sec.android.app.shealth,25,13311,2.0441391,9948.145,477.85684,yeLoKu9/uD,com.sec.android.app.shealth,b3579073-11ab-43f8-bfad-151a29eb984f,2025-11-04 00:00:00.000,
e8ec6f7f-c918-4ff1-a008-9e98469442c6.binning_data.json,2025-11-06 09:09:42.826,2025-11-05 10:44:35.465,com.sec.android.app.shealth,-2,18943,1.6478829,14202.525,815.4363,VfS0qUERdZ,com.sec.android.app.shealth,e8ec6f7f-c918-4ff1-a008-9e98469442c6,2025-11-05 00:00:00.000,
7c428bff-e512-4bf4-b50d-c53e5ec8094e.binning_data.json,2025-11-06 03:10:15.118,2025-11-06 03:00:01.598,com.sec.android.app.shealth,0,9771,1.2679975,7317.8,297.3499,g1bnYRM2yN,com.sec.android.app.shealth,7c428bff-e512-4bf4-b50d-c53e5ec8094e,2025-11-05 00:00:00.000,
038dbabc-1635-478a-92dd-53d22c4f337a.binning_data.json,2025-11-07 03:00:04.498,2025-11-06 03:00:02.584,com.sec.android.app.shealth,25,18447,2.0490205,13796.737,872.90564,yeLoKu9/uD,com.sec.android.app.shealth,038dbabc-1635-478a-92dd-53d22c4f337a,2025-11-05 00:00:00.000,
f7de9400-fbd8-4c60-b6d1-1df372bf4feb.binning_data.json,2025-11-07 10:42:40.203,2025-11-06 11:30:52.024,com.sec.android.app.shealth,-2,14760,1.502263,11077.936,626.5913,VfS0qUERdZ,com.sec.android.app.shealth,f7de9400-fbd8-4c60-b6d1-1df372bf4feb,2025-11-06 00:00:00.000,
12945d33-0b14-4acc-b800-24906592e902.binning_data.json,2025-11-07 03:00:03.196,2025-11-07 03:00:03.196,com.sec.android.app.shealth,0,10242,1.3063018,7711.9697,311.6999,g1bnYRM2yN,com.sec.android.app.shealth,12945d33-0b14-4acc-b800-24906592e902,2025-11-06 00:00:00.000,
9d96bb83-4d25-4706-9cdb-b2ab4f39cabe.binning_data.json,2025-11-08 03:35:34.449,2025-11-07 03:00:04.471,com.sec.android.app.shealth,25,14008,2.1196384,10456.883,650.18726,yeLoKu9/uD,com.sec.android.app.shealth,9d96bb83-4d25-4706-9cdb-b2ab4f39cabe,2025-11-06 00:00:00.000,
86aa9fa6-a699-463a-b743-7e9a0824011b.binning_data.json,2025-11-08 05:49:57.114,2025-11-07 11:31:08.039,com.sec.android.app.shealth,-2,13015,1.4820774,9688.25,643.963,VfS0qUERdZ,com.sec.android.app.shealth,86aa9fa6-a699-463a-b743-7e9a0824011b,2025-11-07 00:00:00.000,
97660cd8-6504-4bb8-87d7-6551857eb59a.binning_data.json,2025-11-08 03:35:25.791,2025-11-08 03:35:25.791,com.sec.android.app.shealth,0,7791,1.2063767,5778.57,239.14998,g1bnYRM2yN,com.sec.android.app.shealth,97660cd8-6504-4bb8-87d7-6551857eb59a,2025-11-07 00:00:00.000,
2d70c590-089f-45a7-97b9-be5b010a479b.binning_data.json,2025-11-09 03:00:03.680,2025-11-08 03:35:34.444,com.sec.android.app.shealth,25,11758,1.7880414,8731.602,642.2525,yeLoKu9/uD,com.sec.android.app.shealth,2d70c590-089f-45a7-97b9-be5b010a479b,2025-11-07 00:00:00.000,
daff5368-235d-434f-ad36-7af8cb15782e.binning_data.json,2025-11-09 10:49:16.531,2025-11-08 05:49:56.013,com.sec.android.app.shealth,-2,18114,1.7470012,13463.006,630.8971,VfS0qUERdZ,com.sec.android.app.shealth,daff5368-235d-434f-ad36-7af8cb15782e,2025-11-08 00:00:00.000,
4eaef05e-e23f-41ee-a9ea-49b9bdbd5644.binning_data.json,2025-11-09 03:00:01.933,2025-11-09 03:00:01.933,com.sec.android.app.shealth,0,11345,1.1585397,8353.0,344.98996,g1bnYRM2yN,com.sec.android.app.shealth,4eaef05e-e23f-41ee-a9ea-49b9bdbd5644,2025-11-08 00:00:00.000,
0f199eb2-51a0-4def-984f-eab7f7c2e23f.binning_data.json,2025-11-10 03:02:39.585,2025-11-09 03:00:03.654,com.sec.android.app.shealth,25,17700,2.0513067,13128.363,632.6426,yeLoKu9/uD,com.sec.android.app.shealth,0f199eb2-51a0-4def-984f-eab7f7c2e23f,2025-11-08 00:00:00.000,
c79f4427-a5dc-4c77-9757-8f91a8593f99.binning_data.json,2025-11-10 09:59:28.863,2025-11-09 10:13:48.201,com.sec.android.app.shealth,-2,10159,1.6318368,7520.899,358.45682,VfS0qUERdZ,com.sec.android.app.shealth,c79f4427-a5dc-4c77-9757-8f91a8593f99,2025-11-09 00:00:00.000,
683f76f9-943a-41a5-bfdf-81e0be053156.binning_data.json,2025-11-10 03:02:21.702,2025-11-10 03:02:21.702,com.sec.android.app.shealth,0,6490,1.1354953,4756.88,200.42,g1bnYRM2yN,com.sec.android.app.shealth,683f76f9-943a-41a5-bfdf-81e0be053156,2025-11-09 00:00:00.000,
c2badc9f-3ac0-4075-aa80-2ece49717fe6.binning_data.json,2025-11-11 03:00:09.816,2025-11-10 03:02:39.506,com.sec.android.app.shealth,25,9410,1.8797361,6955.0234,342.42383,yeLoKu9/uD,com.sec.android.app.shealth,c2badc9f-3ac0-4075-aa80-2ece49717fe6,2025-11-09 00:00:00.000,
9d9ba84d-652e-4736-8dc5-43e57c2fa837.binning_data.json,2025-11-11 08:44:52.086,2025-11-10 11:04:11.027,com.sec.android.app.shealth,-2,14924,1.4670912,11200.3,645.04456,VfS0qUERdZ,com.sec.android.app.shealth,9d9ba84d-652e-4736-8dc5-43e57c2fa837,2025-11-10 00:00:00.000,
4e829b19-0d37-4258-ac87-d40439587eb9.binning_data.json,2025-11-11 03:00:06.536,2025-11-11 03:00:06.536,com.sec.android.app.shealth,0,8626,1.2878678,6473.42,262.11993,g1bnYRM2yN,com.sec.android.app.shealth,4e829b19-0d37-4258-ac87-d40439587eb9,2025-11-10 00:00:00.000,
043dc6ef-a6d0-4f14-a1ad-d4982fe98aff.binning_data.json,2025-11-12 03:00:04.842,2025-11-11 03:00:09.702,com.sec.android.app.shealth,25,14136,1.9057559,10576.945,697.1132,yeLoKu9/uD,com.sec.android.app.shealth,043dc6ef-a6d0-4f14-a1ad-d4982fe98aff,2025-11-10 00:00:00.000,
309007f6-18e0-4067-a721-be702ebe3cb8.binning_data.json,2025-11-12 10:53:28.659,2025-11-11 11:06:25.672,com.sec.android.app.shealth,-2,16656,1.5718347,12420.811,581.1654,VfS0qUERdZ,com.sec.android.app.shealth,309007f6-18e0-4067-a721-be702ebe3cb8,2025-11-11 00:00:00.000,
eb6e1899-5d53-4ce2-b3b6-b79a5f5302b8.binning_data.json,2025-11-12 03:00:02.386,2025-11-12 03:00:02.386,com.sec.android.app.shealth,0,10520,1.2564211,7864.02,322.08994,g1bnYRM2yN,com.sec.android.app.shealth,eb6e1899-5d53-4ce2-b3b6-b79a5f5302b8,2025-11-11 00:00:00.000,
43eb08a7-8a25-4092-ba72-b9ca69a096d4.binning_data.json,2025-11-13 03:00:04.885,2025-11-12 03:00:04.835,com.sec.android.app.shealth,25,14889,2.0639243,11110.793,572.6061,yeLoKu9/uD,com.sec.android.app.shealth,43eb08a7-8a25-4092-ba72-b9ca69a096d4,2025-11-11 00:00:00.000,
93583ad3-df72-4be3-8183-4b2bacbcc606.binning_data.json,2025-11-13 11:54:25.848,2025-11-12 03:02:59.265,com.sec.android.app.shealth,-2,18296,1.5072885,13757.774,664.31915,VfS0qUERdZ,com.sec.android.app.shealth,93583ad3-df72-4be3-8183-4b2bacbcc606,2025-11-12 00:00:00.000,
8fb89fca-eee5-4974-9239-9f851b9824a4.binning_data.json,2025-11-13 03:00:02.729,2025-11-13 03:00:02.729,com.sec.android.app.shealth,0,11430,1.2830641,8581.369,348.4099,g1bnYRM2yN,com.sec.android.app.shealth,8fb89fca-eee5-4974-9239-9f851b9824a4,2025-11-12 00:00:00.000,
620f9faa-66f0-4173-80be-f9759c9475d4.binning_data.json,2025-11-14 03:00:04.265,2025-11-13 03:00:04.900,com.sec.android.app.shealth,25,17150,1.9594353,12866.959,690.93396,yeLoKu9/uD,com.sec.android.app.shealth,620f9faa-66f0-4173-80be-f9759c9475d4,2025-11-12 00:00:00.000,
95b5e562-502c-4b48-b604-32ca0c1fff08.binning_data.json,2025-11-14 10:54:00.667,2025-11-13 11:42:16.131,com.sec.android.app.shealth,-2,10802,1.4904499,8062.9243,381.03137,VfS0qUERdZ,com.sec.android.app.shealth,95b5e562-502c-4b48-b604-32ca0c1fff08,2025-11-13 00:00:00.000,
b635ccc8-e83f-42b0-b4bf-a8e334f10230.binning_data.json,2025-11-14 03:00:02.351,2025-11-14 03:00:02.351,com.sec.android.app.shealth,0,5222,1.1552663,3854.54,163.24998,g1bnYRM2yN,com.sec.android.app.shealth,b635ccc8-e83f-42b0-b4bf-a8e334f10230,2025-11-13 00:00:00.000,
82af2277-5dbe-4905-a6b2-a291aced7a83.binning_data.json,2025-11-15 03:00:45.485,2025-11-14 03:00:04.257,com.sec.android.app.shealth,25,9977,1.5706921,7434.6094,360.34753,yeLoKu9/uD,com.sec.android.app.shealth,82af2277-5dbe-4905-a6b2-a291aced7a83,2025-11-13 00:00:00.000,
bfc42aaa-f715-454e-86a4-6d86ad85ab10.binning_data.json,2025-11-15 03:36:09.992,2025-11-14 10:29:20.676,com.sec.android.app.shealth,-2,14582,1.4782928,10926.626,503.83014,VfS0qUERdZ,com.sec.android.app.shealth,bfc42aaa-f715-454e-86a4-6d86ad85ab10,2025-11-14 00:00:00.000,
4798c5c2-f3a1-4bc7-9a91-52d50216cd14.binning_data.json,2025-11-15 03:00:01.870,2025-11-15 03:00:01.870,com.sec.android.app.shealth,0,8525,1.2437104,6360.3696,260.55994,g1bnYRM2yN,com.sec.android.app.shealth,4798c5c2-f3a1-4bc7-9a91-52d50216cd14,2025-11-14 00:00:00.000,
b2dc09c5-d90c-4add-9f62-3f002f35c4f9.binning_data.json,2025-11-16 03:29:58.945,2025-11-15 03:00:45.481,com.sec.android.app.shealth,25,13670,1.8056662,10232.108,497.08603,yeLoKu9/uD,com.sec.android.app.shealth,b2dc09c5-d90c-4add-9f62-3f002f35c4f9,2025-11-14 00:00:00.000,
93a0d982-8a3f-4bbb-87da-fb98d2278a52.binning_data.json,2025-11-16 05:11:54.590,2025-11-15 03:14:38.348,com.sec.android.app.shealth,-2,8715,1.537366,6509.477,302.96075,VfS0qUERdZ,com.sec.android.app.shealth,93a0d982-8a3f-4bbb-87da-fb98d2278a52,2025-11-15 00:00:00.000,
f7964ee2-d2db-445c-9b0c-0dae8c250d07.binning_data.json,2025-11-16 03:29:56.961,2025-11-16 03:29:56.961,com.sec.android.app.shealth,0,4807,1.2488266,3589.7898,148.43997,g1bnYRM2yN,com.sec.android.app.shealth,f7964ee2-d2db-445c-9b0c-0dae8c250d07,2025-11-15 00:00:00.000,
ba0868fa-3723-4270-8bc1-0f46346dfaa8.binning_data.json,2025-11-17 03:00:09.487,2025-11-16 03:29:58.685,com.sec.android.app.shealth,25,7709,1.7980118,5753.6377,279.35107,yeLoKu9/uD,com.sec.android.app.shealth,ba0868fa-3723-4270-8bc1-0f46346dfaa8,2025-11-15 00:00:00.000,
754c79fd-1089-4469-a473-6bf3465a42c6.binning_data.json,2025-11-17 02:21:02.454,2025-11-16 04:15:04.700,com.sec.android.app.shealth,-2,7867,1.4225125,5834.0825,272.80093,VfS0qUERdZ,com.sec.android.app.shealth,754c79fd-1089-4469-a473-6bf3465a42c6,2025-11-16 00:00:00.000,
4d0ac068-d129-47be-9140-4f58f6fae81a.binning_data.json,2025-11-17 03:00:06.160,2025-11-17 03:00:06.160,com.sec.android.app.shealth,0,4924,1.2068217,3651.55,152.51999,g1bnYRM2yN,com.sec.android.app.shealth,4d0ac068-d129-47be-9140-4f58f6fae81a,2025-11-16 00:00:00.000,
ef0672f7-f6f2-490e-821b-e09a8b172409.binning_data.json,2025-11-17 03:00:09.512,2025-11-17 03:00:09.512,com.sec.android.app.shealth,25,6595,1.5589237,4884.6274,238.87547,yeLoKu9/uD,com.sec.android.app.shealth,ef0672f7-f6f2-490e-821b-e09a8b172409,2025-11-16 00:00:00.000,
0c3ec872-1c88-455a-a759-72843919ad11.binning_data.json,2025-11-18 11:10:36.030,2025-11-17 03:23:29.855,com.sec.android.app.shealth,-2,15613,1.5208261,11628.467,539.3708,VfS0qUERdZ,com.sec.android.app.shealth,0c3ec872-1c88-455a-a759-72843919ad11,2025-11-17 00:00:00.000,
fdde1c44-9bd6-4c4a-9907-62f99f20d294.binning_data.json,2025-11-19 07:37:26.077,2025-11-18 03:11:05.069,com.sec.android.app.shealth,-2,11070,1.3447825,8176.783,370.30856,VfS0qUERdZ,com.sec.android.app.shealth,fdde1c44-9bd6-4c4a-9907-62f99f20d294,2025-11-18 00:00:00.000,
dc023bfb-4072-4d43-a346-6d0692d03ebc.binning_data.json,2025-11-18 03:13:25.227,2025-11-18 03:13:25.227,com.sec.android.app.shealth,0,8950,1.1764878,6610.2896,275.62994,g1bnYRM2yN,com.sec.android.app.shealth,dc023bfb-4072-4d43-a346-6d0692d03ebc,2025-11-17 00:00:00.000,
625fe200-3365-4234-aced-59c970efe024.binning_data.json,2025-11-19 03:00:01.908,2025-11-18 03:13:25.386,com.sec.android.app.shealth,0,7667,1.1566234,5638.73,235.23997,g1bnYRM2yN,com.sec.android.app.shealth,625fe200-3365-4234-aced-59c970efe024,2025-11-18 00:00:00.000,
c9f6bfa6-9911-43f6-8a0c-704befaed995.binning_data.json,2025-11-19 03:00:03.430,2025-11-18 03:13:28.878,com.sec.android.app.shealth,25,14326,1.7848157,10649.4,515.52576,yeLoKu9/uD,com.sec.android.app.shealth,c9f6bfa6-9911-43f6-8a0c-704befaed995,2025-11-17 00:00:00.000,
b646577d-7d02-4188-b186-af27291efbc1.binning_data.json,2025-11-20 03:00:03.979,2025-11-19 03:00:03.421,com.sec.android.app.shealth,25,9773,1.8088057,7205.076,349.06107,yeLoKu9/uD,com.sec.android.app.shealth,b646577d-7d02-4188-b186-af27291efbc1,2025-11-18 00:00:00.000,
6b23c378-e03f-4a0d-90a7-97b5d615fe00.binning_data.json,2025-11-20 12:20:42.630,2025-11-19 03:24:36.802,com.sec.android.app.shealth,-2,12541,1.5125506,9377.099,435.62457,VfS0qUERdZ,com.sec.android.app.shealth,6b23c378-e03f-4a0d-90a7-97b5d615fe00,2025-11-19 00:00:00.000,
4ae0c7d8-a15a-482a-9a9d-fee3123a38f9.binning_data.json,2025-11-20 03:00:02.132,2025-11-20 03:00:02.132,com.sec.android.app.shealth,0,6563,1.2261358,4889.4297,202.50998,g1bnYRM2yN,com.sec.android.app.shealth,4ae0c7d8-a15a-482a-9a9d-fee3123a38f9,2025-11-19 00:00:00.000,
be2f0e8d-d1b9-417e-8bab-8648b03fe9b1.binning_data.json,2025-11-21 11:54:34.582,2025-11-20 03:00:03.995,com.sec.android.app.shealth,25,11656,1.7019843,8708.486,420.76108,yeLoKu9/uD,com.sec.android.app.shealth,be2f0e8d-d1b9-417e-8bab-8648b03fe9b1,2025-11-19 00:00:00.000,
b69f74a2-58aa-4d9d-865c-5f2ed416c2c5.binning_data.json,2025-11-21 13:16:44.641,2025-11-20 03:06:45.876,com.sec.android.app.shealth,-2,19044,1.5301514,14363.988,944.5548,VfS0qUERdZ,com.sec.android.app.shealth,b69f74a2-58aa-4d9d-865c-5f2ed416c2c5,2025-11-20 00:00:00.000,
34039187-622d-4e58-8a59-3812f3cdefa8.binning_data.json,2025-11-21 11:54:34.344,2025-11-21 11:54:34.344,com.sec.android.app.shealth,0,11780,1.3153168,8945.4795,372.24994,g1bnYRM2yN,com.sec.android.app.shealth,34039187-622d-4e58-8a59-3812f3cdefa8,2025-11-20 00:00:00.000,
56790e5b-3c29-4c7c-a30e-509385c5020b.binning_data.json,2025-11-22 03:00:09.822,2025-11-21 11:54:35.233,com.sec.android.app.shealth,25,17410,1.7937301,13034.439,983.36127,yeLoKu9/uD,com.sec.android.app.shealth,56790e5b-3c29-4c7c-a30e-509385c5020b,2025-11-20 00:00:00.000,
0e262e64-1eb8-48d8-be1b-0d44e9f2eb0b.binning_data.json,2025-11-22 03:14:32.437,2025-11-21 13:16:28.710,com.sec.android.app.shealth,-2,9642,1.5830344,7185.1025,330.358,VfS0qUERdZ,com.sec.android.app.shealth,0e262e64-1eb8-48d8-be1b-0d44e9f2eb0b,2025-11-21 00:00:00.000,
b8cfa41e-5a1d-43d2-bd43-60d276694380.binning_data.json,2025-11-22 03:00:06.640,2025-11-22 03:00:06.640,com.sec.android.app.shealth,0,6232,1.1634698,4600.26,193.33998,g1bnYRM2yN,com.sec.android.app.shealth,b8cfa41e-5a1d-43d2-bd43-60d276694380,2025-11-21 00:00:00.000,
02c4e767-e0ff-46ae-86f9-b583a183246e.binning_data.json,2025-11-23 03:00:04.964,2025-11-22 03:00:09.807,com.sec.android.app.shealth,25,7790,2.0278997,5813.3125,278.4513,yeLoKu9/uD,com.sec.android.app.shealth,02c4e767-e0ff-46ae-86f9-b583a183246e,2025-11-21 00:00:00.000,
23d77e8b-a719-479d-b714-ef3679dfbb90.binning_data.json,2025-11-23 03:27:44.016,2025-11-22 03:01:08.277,com.sec.android.app.shealth,-2,12714,1.4494209,9495.968,444.16028,VfS0qUERdZ,com.sec.android.app.shealth,23d77e8b-a719-479d-b714-ef3679dfbb90,2025-11-22 00:00:00.000,
6d47734d-71b8-49bc-93da-246b818e4b23.binning_data.json,2025-11-23 03:00:02.710,2025-11-23 03:00:02.710,com.sec.android.app.shealth,0,6705,1.2405622,5004.34,208.40996,g1bnYRM2yN,com.sec.android.app.shealth,6d47734d-71b8-49bc-93da-246b818e4b23,2025-11-22 00:00:00.000,
c8dc0195-781e-4857-9ef2-ec23888a7671.binning_data.json,2025-11-24 03:00:04.233,2025-11-23 03:00:04.956,com.sec.android.app.shealth,25,11983,1.6077468,8922.994,432.7974,yeLoKu9/uD,com.sec.android.app.shealth,c8dc0195-781e-4857-9ef2-ec23888a7671,2025-11-22 00:00:00.000,
007d6d5a-fa01-4415-9b7b-fe7a6b2c2ed4.binning_data.json,2025-11-24 11:22:43.612,2025-11-23 03:27:43.557,com.sec.android.app.shealth,-2,9394,1.5847455,7025.2124,332.46075,VfS0qUERdZ,com.sec.android.app.shealth,007d6d5a-fa01-4415-9b7b-fe7a6b2c2ed4,2025-11-23 00:00:00.000,
33d977a2-8720-43bc-862d-127e669e7fa4.binning_data.json,2025-11-24 03:00:02.028,2025-11-24 03:00:02.028,com.sec.android.app.shealth,0,4903,1.2276682,3661.42,154.74998,g1bnYRM2yN,com.sec.android.app.shealth,33d977a2-8720-43bc-862d-127e669e7fa4,2025-11-23 00:00:00.000,
57204cb7-1b53-49f1-aeef-e8ede1a762a8.binning_data.json,2025-11-25 03:00:05.652,2025-11-24 03:00:04.225,com.sec.android.app.shealth,25,8845,1.632758,6585.457,319.28137,yeLoKu9/uD,com.sec.android.app.shealth,57204cb7-1b53-49f1-aeef-e8ede1a762a8,2025-11-23 00:00:00.000,
2eeae62f-1214-40b4-8741-340e17e87e6a.binning_data.json,2025-11-25 11:32:29.941,2025-11-24 03:15:00.367,com.sec.android.app.shealth,-2,11758,1.3346481,8753.408,403.3509,VfS0qUERdZ,com.sec.android.app.shealth,2eeae62f-1214-40b4-8741-340e17e87e6a,2025-11-24 00:00:00.000,
a20b2e01-8ec7-4764-85b3-8620e4e9d053.binning_data.json,2025-11-25 03:00:03.346,2025-11-25 03:00:03.346,com.sec.android.app.shealth,0,7356,1.1935176,5438.4697,226.14998,g1bnYRM2yN,com.sec.android.app.shealth,a20b2e01-8ec7-4764-85b3-8620e4e9d053,2025-11-24 00:00:00.000,
4e5d3161-0b10-4a1e-a0f6-4b167957add6.binning_data.json,2025-11-26 03:00:34.950,2025-11-25 03:00:05.674,com.sec.android.app.shealth,25,10662,1.571095,7960.215,384.79596,yeLoKu9/uD,com.sec.android.app.shealth,4e5d3161-0b10-4a1e-a0f6-4b167957add6,2025-11-24 00:00:00.000,
59cbc457-9510-44e0-9c87-ce2c23f2ed99.binning_data.json,2025-11-26 03:06:18.101,2025-11-25 11:16:05.646,com.sec.android.app.shealth,-2,12985,1.4137645,9692.824,452.48343,VfS0qUERdZ,com.sec.android.app.shealth,59cbc457-9510-44e0-9c87-ce2c23f2ed99,2025-11-25 00:00:00.000,
d0e2e7dd-d579-4484-9f91-20643c47f571.binning_data.json,2025-11-26 03:00:30.338,2025-11-26 03:00:30.338,com.sec.android.app.shealth,0,6929,1.2111177,5142.34,213.98996,g1bnYRM2yN,com.sec.android.app.shealth,d0e2e7dd-d579-4484-9f91-20643c47f571,2025-11-25 00:00:00.000,
2c32ea7b-050f-4580-a7d7-20c602d2f114.binning_data.json,2025-11-27 03:00:04.389,2025-11-26 03:00:34.931,com.sec.android.app.shealth,25,11724,1.6629826,8758.375,427.6261,yeLoKu9/uD,com.sec.android.app.shealth,2c32ea7b-050f-4580-a7d7-20c602d2f114,2025-11-25 00:00:00.000,
4e060305-53a0-4926-a971-280e8f0b8d03.binning_data.json,2025-11-27 12:16:55.996,2025-11-26 03:06:17.573,com.sec.android.app.shealth,-2,14112,1.4738253,10543.363,487.0436,VfS0qUERdZ,com.sec.android.app.shealth,4e060305-53a0-4926-a971-280e8f0b8d03,2025-11-26 00:00:00.000,
0355e2d9-a70c-4feb-af03-26be550efd7a.binning_data.json,2025-11-27 03:00:02.227,2025-11-27 03:00:02.227,com.sec.android.app.shealth,0,8157,1.209715,6055.2,251.96997,g1bnYRM2yN,com.sec.android.app.shealth,0355e2d9-a70c-4feb-af03-26be550efd7a,2025-11-26 00:00:00.000,
76a737a8-2997-4cb7-9ef7-9799cebe583a.binning_data.json,2025-11-28 03:03:31.587,2025-11-27 03:00:04.409,com.sec.android.app.shealth,25,12540,1.7326022,9384.929,451.8423,yeLoKu9/uD,com.sec.android.app.shealth,76a737a8-2997-4cb7-9ef7-9799cebe583a,2025-11-26 00:00:00.000,
4faca52e-d16f-4d54-b5cc-47cd9dea5958.binning_data.json,2025-11-28 10:43:28.555,2025-11-27 03:21:43.671,com.sec.android.app.shealth,-2,4985,1.2630932,3702.6604,176.99223,VfS0qUERdZ,com.sec.android.app.shealth,4faca52e-d16f-4d54-b5cc-47cd9dea5958,2025-11-27 00:00:00.000,
4d705e3c-0c62-4e84-b9d5-6b5e95baa85a.binning_data.json,2025-11-28 03:03:28.881,2025-11-28 03:03:28.881,com.sec.android.app.shealth,0,1594,1.1611156,1174.36,49.74999,g1bnYRM2yN,com.sec.android.app.shealth,4d705e3c-0c62-4e84-b9d5-6b5e95baa85a,2025-11-27 00:00:00.000,
102279cb-ad0c-4f00-821f-6cfba1b91305.binning_data.json,2025-11-29 03:00:04.432,2025-11-28 03:03:31.570,com.sec.android.app.shealth,25,4388,1.2774878,3257.5938,160.30933,yeLoKu9/uD,com.sec.android.app.shealth,102279cb-ad0c-4f00-821f-6cfba1b91305,2025-11-27 00:00:00.000,
dca29166-d49b-40be-833f-08eda257e624.binning_data.json,2025-11-29 04:16:03.322,2025-11-28 03:17:26.636,com.sec.android.app.shealth,-2,13549,1.4478004,10044.186,465.9709,VfS0qUERdZ,com.sec.android.app.shealth,dca29166-d49b-40be-833f-08eda257e624,2025-11-28 00:00:00.000,
adf4e089-adf6-4e04-a7c4-64a48b8607b6.binning_data.json,2025-11-29 03:00:02.314,2025-11-29 03:00:02.314,com.sec.android.app.shealth,0,8115,1.1857822,6000.67,250.66995,g1bnYRM2yN,com.sec.android.app.shealth,adf4e089-adf6-4e04-a7c4-64a48b8607b6,2025-11-28 00:00:00.000,
6965aafa-7849-4afc-85d6-6dc15e8dbc9f.binning_data.json,2025-11-30 03:01:02.050,2025-11-29 03:00:04.454,com.sec.android.app.shealth,25,12475,1.6941918,9233.345,452.49384,yeLoKu9/uD,com.sec.android.app.shealth,6965aafa-7849-4afc-85d6-6dc15e8dbc9f,2025-11-28 00:00:00.000,
54fa9f65-6df7-4bf0-8a87-06f3f9d7117e.binning_data.json,2025-11-30 01:47:29.633,2025-11-29 04:08:31.008,com.sec.android.app.shealth,-2,13351,1.562519,10049.969,449.77753,VfS0qUERdZ,com.sec.android.app.shealth,54fa9f65-6df7-4bf0-8a87-06f3f9d7117e,2025-11-29 00:00:00.000,
3af07fb4-3523-42fc-8af4-eaacd72b389f.binning_data.json,2025-11-30 03:00:55.212,2025-11-30 03:00:55.212,com.sec.android.app.shealth,0,9595,1.3198032,7255.1196,295.12994,g1bnYRM2yN,com.sec.android.app.shealth,3af07fb4-3523-42fc-8af4-eaacd72b389f,2025-11-29 00:00:00.000,
a25f0c26-038a-4311-88e4-d985efa089bb.binning_data.json,2025-11-30 03:01:02.092,2025-11-30 03:01:02.092,com.sec.android.app.shealth,25,10960,2.0109863,8211.527,396.54565,yeLoKu9/uD,com.sec.android.app.shealth,a25f0c26-038a-4311-88e4-d985efa089bb,2025-11-29 00:00:00.000,
ae9d3566-e7df-4c84-b6c7-8523f2fdc3c5.binning_data.json,2025-12-01 03:38:08.733,2025-11-30 03:20:38.955,com.sec.android.app.shealth,-2,16364,1.6919545,12173.893,565.94666,VfS0qUERdZ,com.sec.android.app.shealth,ae9d3566-e7df-4c84-b6c7-8523f2fdc3c5,2025-11-30 00:00:00.000,
b278fe7f-a277-41cf-9550-bc9252dfb88e.binning_data.json,2025-12-01 03:00:02.984,2025-12-01 03:00:02.984,com.sec.android.app.shealth,0,8327,1.1524351,6128.08,257.21,g1bnYRM2yN,com.sec.android.app.shealth,b278fe7f-a277-41cf-9550-bc9252dfb88e,2025-11-30 00:00:00.000,
da638662-9308-4c5d-adac-fbd89ede01af.binning_data.json,2025-12-02 03:03:44.987,2025-12-01 03:00:06.190,com.sec.android.app.shealth,25,15092,2.041707,11195.359,542.00793,yeLoKu9/uD,com.sec.android.app.shealth,da638662-9308-4c5d-adac-fbd89ede01af,2025-11-30 00:00:00.000,
0df63e56-363b-4b29-8f36-b4e78fbd80a0.binning_data.json,2025-12-02 11:33:33.443,2025-12-01 03:36:01.316,com.sec.android.app.shealth,-2,4163,1.2960774,3094.866,142.43222,VfS0qUERdZ,com.sec.android.app.shealth,0df63e56-363b-4b29-8f36-b4e78fbd80a0,2025-12-01 00:00:00.000,
f3cffa6e-58fa-4a01-996b-13b424e5daf4.binning_data.json,2025-12-02 03:03:42.392,2025-12-02 03:03:42.392,com.sec.android.app.shealth,0,2017,1.2025903,1491.83,62.819992,g1bnYRM2yN,com.sec.android.app.shealth,f3cffa6e-58fa-4a01-996b-13b424e5daf4,2025-12-01 00:00:00.000,
5b74c384-f214-4563-9245-c25c496de8f7.binning_data.json,2025-12-03 03:00:04.769,2025-12-02 03:03:44.984,com.sec.android.app.shealth,25,2954,1.3773123,2203.6997,106.32192,yeLoKu9/uD,com.sec.android.app.shealth,5b74c384-f214-4563-9245-c25c496de8f7,2025-12-01 00:00:00.000,
58070496-cd87-4b88-ac81-bdc5b0fbedc9.binning_data.json,2025-12-03 11:01:03.021,2025-12-02 10:34:43.540,com.sec.android.app.shealth,-2,8004,1.3843181,5941.9062,280.52634,VfS0qUERdZ,com.sec.android.app.shealth,58070496-cd87-4b88-ac81-bdc5b0fbedc9,2025-12-02 00:00:00.000,
f554238f-8660-410a-aebc-86d4798bae24.binning_data.json,2025-12-03 03:00:02.428,2025-12-03 03:00:02.428,com.sec.android.app.shealth,0,3765,1.1727458,2781.48,118.09998,g1bnYRM2yN,com.sec.android.app.shealth,f554238f-8660-410a-aebc-86d4798bae24,2025-12-02 00:00:00.000,
3066b0e9-70d0-4f4c-a712-c3f3bf8d8c95.binning_data.json,2025-12-04 03:00:29.244,2025-12-03 03:00:04.793,com.sec.android.app.shealth,25,7010,1.4717695,5200.2524,254.0471,yeLoKu9/uD,com.sec.android.app.shealth,3066b0e9-70d0-4f4c-a712-c3f3bf8d8c95,2025-12-02 00:00:00.000,
e5ad9f3e-5377-4c31-8ab9-f3b95ed6b9fc.binning_data.json,2025-12-04 03:01:16.297,2025-12-03 03:04:18.733,com.sec.android.app.shealth,-2,13062,1.5830512,9736.41,455.79327,VfS0qUERdZ,com.sec.android.app.shealth,e5ad9f3e-5377-4c31-8ab9-f3b95ed6b9fc,2025-12-03 00:00:00.000,
218d4e3d-233d-4e6d-bbfd-5ac131565864.binning_data.json,2025-12-04 03:00:22.821,2025-12-04 03:00:22.821,com.sec.android.app.shealth,0,6597,1.1829461,4889.94,206.41997,g1bnYRM2yN,com.sec.android.app.shealth,218d4e3d-233d-4e6d-bbfd-5ac131565864,2025-12-03 00:00:00.000,
f26fe0dc-cad9-480b-b74c-294dbb268c26.binning_data.json,2025-12-05 03:02:03.642,2025-12-04 03:00:23.038,com.sec.android.app.shealth,0,4239,1.2781914,3214.0,135.12999,g1bnYRM2yN,com.sec.android.app.shealth,f26fe0dc-cad9-480b-b74c-294dbb268c26,2025-12-04 00:00:00.000,
9a768edf-1219-4359-bdac-8882048945d0.binning_data.json,2025-12-05 03:08:12.031,2025-12-04 03:00:28.417,com.sec.android.app.shealth,-2,9286,1.2994611,6995.323,325.9845,VfS0qUERdZ,com.sec.android.app.shealth,9a768edf-1219-4359-bdac-8882048945d0,2025-12-04 00:00:00.000,
f4db53fd-0bc2-4f39-89dd-d82c2e53630d.binning_data.json,2025-12-06 03:01:38.882,2025-12-04 03:00:29.195,com.sec.android.app.shealth,25,11588,1.7474248,8620.63,417.0782,yeLoKu9/uD,com.sec.android.app.shealth,f4db53fd-0bc2-4f39-89dd-d82c2e53630d,2025-12-03 00:00:00.000,
c050a333-4f12-468c-b54b-f9500cbfab35.binning_data.json,2025-12-06 11:21:04.802,2025-12-05 03:02:02.711,com.sec.android.app.shealth,-2,15084,1.480526,11249.611,526.4595,VfS0qUERdZ,com.sec.android.app.shealth,c050a333-4f12-468c-b54b-f9500cbfab35,2025-12-05 00:00:00.000,
5cfa9a00-9002-4b60-8443-9b42133faf70.binning_data.json,2025-12-06 03:01:34.296,2025-12-05 03:02:03.635,com.sec.android.app.shealth,0,6904,1.2200042,5128.75,213.00998,g1bnYRM2yN,com.sec.android.app.shealth,5cfa9a00-9002-4b60-8443-9b42133faf70,2025-12-05 00:00:00.000,
ab32348d-5369-480d-9acd-4a85cb69236c.binning_data.json,2025-12-06 03:01:38.805,2025-12-06 03:01:38.805,com.sec.android.app.shealth,25,8552,1.3606133,6417.5596,308.4516,yeLoKu9/uD,com.sec.android.app.shealth,ab32348d-5369-480d-9acd-4a85cb69236c,2025-12-04 00:00:00.000,
c7d227c0-9807-473f-8063-36bb84c83aa6.binning_data.json,2025-12-07 03:13:42.797,2025-12-06 03:01:38.888,com.sec.android.app.shealth,25,14078,1.6563616,10490.291,508.29565,yeLoKu9/uD,com.sec.android.app.shealth,c7d227c0-9807-473f-8063-36bb84c83aa6,2025-12-05 00:00:00.000,
09e4cdd5-d283-44a4-96d4-12a782cc44e7.binning_data.json,2025-12-07 03:13:41.709,2025-12-06 04:07:41.177,com.sec.android.app.shealth,-2,7024,1.4362555,5259.681,235.2189,VfS0qUERdZ,com.sec.android.app.shealth,09e4cdd5-d283-44a4-96d4-12a782cc44e7,2025-12-06 00:00:00.000,
29e2f951-deb5-44e3-972f-18bda6d0dcce.binning_data.json,2025-12-08 02:59:55.415,2025-12-07 03:13:27.420,com.sec.android.app.shealth,-2,13107,2.1469345,9984.471,470.10184,VfS0qUERdZ,com.sec.android.app.shealth,29e2f951-deb5-44e3-972f-18bda6d0dcce,2025-12-07 00:00:00.000,
ebfc7226-3d57-4543-b711-4ea1a9ffe665.binning_data.json,2025-12-08 03:00:18.184,2025-12-07 03:13:36.240,com.sec.android.app.shealth,0,3118,1.2199848,2319.03,95.95999,g1bnYRM2yN,com.sec.android.app.shealth,ebfc7226-3d57-4543-b711-4ea1a9ffe665,2025-12-07 00:00:00.000,
2477d43f-43f2-4b00-bfef-f39368334523.binning_data.json,2025-12-07 03:13:36.381,2025-12-07 03:13:36.381,com.sec.android.app.shealth,0,5162,1.2643166,3860.5996,159.71996,g1bnYRM2yN,com.sec.android.app.shealth,2477d43f-43f2-4b00-bfef-f39368334523,2025-12-06 00:00:00.000,
b42afbdb-d9e1-473c-8404-1e323e55db49.binning_data.json,2025-12-08 03:00:22.590,2025-12-07 03:13:42.471,com.sec.android.app.shealth,25,12537,2.3210895,9555.151,456.2139,yeLoKu9/uD,com.sec.android.app.shealth,b42afbdb-d9e1-473c-8404-1e323e55db49,2025-12-07 00:00:00.000,
db555a23-3896-4afc-b1af-70320ca2f92f.binning_data.json,2025-12-07 03:13:42.747,2025-12-07 03:13:42.747,com.sec.android.app.shealth,25,5559,1.8451796,4151.654,199.6423,yeLoKu9/uD,com.sec.android.app.shealth,db555a23-3896-4afc-b1af-70320ca2f92f,2025-12-06 00:00:00.000,
3990d7fe-b4b1-4ab0-a8d1-ba3ba220f9d5.binning_data.json,2025-12-09 12:01:53.273,2025-12-08 03:21:14.766,com.sec.android.app.shealth,-2,9238,1.4335777,6830.408,322.8879,VfS0qUERdZ,com.sec.android.app.shealth,3990d7fe-b4b1-4ab0-a8d1-ba3ba220f9d5,2025-12-08 00:00:00.000,
f76ecdd1-52fe-4fe8-b11b-569c4bee8759.binning_data.json,2025-12-09 03:58:10.117,2025-12-09 03:58:10.117,com.sec.android.app.shealth,0,5003,1.1747317,3696.1897,157.07997,g1bnYRM2yN,com.sec.android.app.shealth,f76ecdd1-52fe-4fe8-b11b-569c4bee8759,2025-12-08 00:00:00.000,
97714df1-827c-4496-8946-a31384f8140f.binning_data.json,2025-12-10 03:04:34.346,2025-12-09 03:58:29.242,com.sec.android.app.shealth,25,8257,1.427203,6089.4004,298.2669,yeLoKu9/uD,com.sec.android.app.shealth,97714df1-827c-4496-8946-a31384f8140f,2025-12-08 00:00:00.000,
cf82973b-0eaa-4e8f-933f-3927e9819dfa.binning_data.json,2025-12-10 12:39:14.549,2025-12-09 10:55:41.491,com.sec.android.app.shealth,-2,5020,1.2410476,3777.7183,181.21576,VfS0qUERdZ,com.sec.android.app.shealth,cf82973b-0eaa-4e8f-933f-3927e9819dfa,2025-12-09 00:00:00.000,
ad28dd91-6828-4e20-8eb7-085ac3832314.binning_data.json,2025-12-10 03:04:29.248,2025-12-10 03:04:29.248,com.sec.android.app.shealth,0,1349,1.2120234,1002.13,42.579998,g1bnYRM2yN,com.sec.android.app.shealth,ad28dd91-6828-4e20-8eb7-085ac3832314,2025-12-09 00:00:00.000,
a62aaa94-3afe-4786-bf5d-87168421ee0f.binning_data.json,2025-12-11 03:00:03.976,2025-12-10 03:04:34.339,com.sec.android.app.shealth,25,4502,1.2483265,3391.287,166.93774,yeLoKu9/uD,com.sec.android.app.shealth,a62aaa94-3afe-4786-bf5d-87168421ee0f,2025-12-09 00:00:00.000,
4247fdda-7dd2-458a-9317-c59eae32681d.binning_data.json,2025-12-11 02:52:53.718,2025-12-10 10:01:21.875,com.sec.android.app.shealth,-2,3520,1.1732503,2635.9756,121.69925,VfS0qUERdZ,com.sec.android.app.shealth,4247fdda-7dd2-458a-9317-c59eae32681d,2025-12-10 00:00:00.000,
42d942d4-cc40-4178-a12f-4f583d6c8db1.binning_data.json,2025-12-11 03:00:02.317,2025-12-11 03:00:02.317,com.sec.android.app.shealth,0,1781,1.1890044,1325.9099,55.909992,g1bnYRM2yN,com.sec.android.app.shealth,42d942d4-cc40-4178-a12f-4f583d6c8db1,2025-12-10 00:00:00.000,
2e5c6aa3-947b-4ab5-8940-3817ba4dd04b.binning_data.json,2025-12-11 03:00:03.971,2025-12-11 03:00:03.971,com.sec.android.app.shealth,25,2467,1.1549646,1847.9434,89.63257,yeLoKu9/uD,com.sec.android.app.shealth,2e5c6aa3-947b-4ab5-8940-3817ba4dd04b,2025-12-10 00:00:00.000,
6075bc36-9c1d-482b-857b-2e4ad44bbc73.binning_data.json,2025-12-12 07:26:14.234,2025-12-11 03:08:22.997,com.sec.android.app.shealth,-2,7783,1.3397679,5821.488,273.99792,VfS0qUERdZ,com.sec.android.app.shealth,6075bc36-9c1d-482b-857b-2e4ad44bbc73,2025-12-11 00:00:00.000,
d31ea6c4-9366-4775-9f40-7a9e3d85e5e7.binning_data.json,2025-12-12 03:00:02.911,2025-12-12 03:00:02.911,com.sec.android.app.shealth,0,3778,1.2165452,2810.71,117.51999,g1bnYRM2yN,com.sec.android.app.shealth,d31ea6c4-9366-4775-9f40-7a9e3d85e5e7,2025-12-11 00:00:00.000,
c7128564-1033-4773-a9e3-76da13315b00.binning_data.json,2025-12-13 03:00:03.880,2025-12-12 03:00:04.680,com.sec.android.app.shealth,25,7266,1.3566133,5426.453,265.0204,yeLoKu9/uD,com.sec.android.app.shealth,c7128564-1033-4773-a9e3-76da13315b00,2025-12-11 00:00:00.000,
955653ca-574d-4446-9e5a-635c5a3101ad.binning_data.json,2025-12-13 08:55:07.004,2025-12-12 07:07:00.386,com.sec.android.app.shealth,-2,10041,1.6318362,7491.658,342.04794,VfS0qUERdZ,com.sec.android.app.shealth,955653ca-574d-4446-9e5a-635c5a3101ad,2025-12-12 00:00:00.000,
2c8468e0-c25f-4243-8e1e-164f80f3d28d.binning_data.json,2025-12-13 03:00:02.245,2025-12-13 03:00:02.245,com.sec.android.app.shealth,0,7498,1.2290514,5581.8696,229.34998,g1bnYRM2yN,com.sec.android.app.shealth,2c8468e0-c25f-4243-8e1e-164f80f3d28d,2025-12-12 00:00:00.000,
d7c03654-72f0-426d-bc4f-1539967d7b9b.binning_data.json,2025-12-14 03:00:07.955,2025-12-13 03:00:03.876,com.sec.android.app.shealth,25,9453,2.137005,7052.117,338.3319,yeLoKu9/uD,com.sec.android.app.shealth,d7c03654-72f0-426d-bc4f-1539967d7b9b,2025-12-12 00:00:00.000,
b1f32ec9-37d2-498d-9358-340a8a970048.binning_data.json,2025-12-14 13:09:44.758,2025-12-13 08:42:23.058,com.sec.android.app.shealth,-2,8174,1.503655,6086.4453,285.93448,VfS0qUERdZ,com.sec.android.app.shealth,b1f32ec9-37d2-498d-9358-340a8a970048,2025-12-13 00:00:00.000,
99345dbd-4aca-4a6f-8d31-68913fcd1d06.binning_data.json,2025-12-14 03:00:05.161,2025-12-14 03:00:05.161,com.sec.android.app.shealth,0,4522,1.2010137,3346.37,139.41,g1bnYRM2yN,com.sec.android.app.shealth,99345dbd-4aca-4a6f-8d31-68913fcd1d06,2025-12-13 00:00:00.000,
c5a6384e-dd3d-45d3-86f1-59720bd6079e.binning_data.json,2025-12-15 03:00:03.736,2025-12-14 03:00:07.949,com.sec.android.app.shealth,25,7840,1.7003725,5837.9453,282.8999,yeLoKu9/uD,com.sec.android.app.shealth,c5a6384e-dd3d-45d3-86f1-59720bd6079e,2025-12-13 00:00:00.000,
8dea9a83-d0a7-4586-b0a2-0cded51121c7.binning_data.json,2025-12-15 09:57:12.020,2025-12-14 11:07:36.762,com.sec.android.app.shealth,-2,5326,1.3043659,3971.0527,188.52621,VfS0qUERdZ,com.sec.android.app.shealth,8dea9a83-d0a7-4586-b0a2-0cded51121c7,2025-12-14 00:00:00.000,
bbd33fb2-b3e0-4405-b743-d3d5892c474d.binning_data.json,2025-12-15 03:00:02.227,2025-12-15 03:00:02.227,com.sec.android.app.shealth,0,1668,1.1874003,1235.01,52.359993,g1bnYRM2yN,com.sec.android.app.shealth,bbd33fb2-b3e0-4405-b743-d3d5892c474d,2025-12-14 00:00:00.000,
32ee71d6-67e8-4dd1-90ca-4e0f2121798d.binning_data.json,2025-12-16 03:07:31.419,2025-12-15 03:00:03.732,com.sec.android.app.shealth,25,5011,1.3040379,3738.2422,180.37671,yeLoKu9/uD,com.sec.android.app.shealth,32ee71d6-67e8-4dd1-90ca-4e0f2121798d,2025-12-14 00:00:00.000,
9d696478-44f4-4f8f-8b3e-4116d97e9707.binning_data.json,2025-12-16 04:17:08.816,2025-12-15 10:37:08.728,com.sec.android.app.shealth,-2,4137,1.2053136,3088.8025,145.7592,VfS0qUERdZ,com.sec.android.app.shealth,9d696478-44f4-4f8f-8b3e-4116d97e9707,2025-12-15 00:00:00.000,
73fa3bc4-fa50-48f6-a125-bbc144b48da5.binning_data.json,2025-12-16 03:07:17.158,2025-12-16 03:07:17.158,com.sec.android.app.shealth,0,1917,1.203134,1426.27,61.679993,g1bnYRM2yN,com.sec.android.app.shealth,73fa3bc4-fa50-48f6-a125-bbc144b48da5,2025-12-15 00:00:00.000,
798afaa7-82ff-4b5a-846d-704749f02c9c.binning_data.json,2025-12-17 04:53:35.113,2025-12-16 03:07:31.414,com.sec.android.app.shealth,25,2942,1.1811619,2204.8354,108.9831,yeLoKu9/uD,com.sec.android.app.shealth,798afaa7-82ff-4b5a-846d-704749f02c9c,2025-12-15 00:00:00.000,
b17b92b3-25f8-4f38-b128-07bca525de7d.binning_data.json,2025-12-17 10:10:40.076,2025-12-16 03:54:14.808,com.sec.android.app.shealth,-2,9774,1.4734654,7299.3906,347.80853,VfS0qUERdZ,com.sec.android.app.shealth,b17b92b3-25f8-4f38-b128-07bca525de7d,2025-12-16 00:00:00.000,
184e199e-088c-46a6-8c8a-ed9ccae2c86f.binning_data.json,2025-12-17 04:53:26.046,2025-12-17 04:53:26.046,com.sec.android.app.shealth,0,3992,1.2112588,2961.39,124.51999,g1bnYRM2yN,com.sec.android.app.shealth,184e199e-088c-46a6-8c8a-ed9ccae2c86f,2025-12-16 00:00:00.000,
b913c6e7-67ae-43b4-8b4a-deb10ab5807b.binning_data.json,2025-12-18 03:00:04.633,2025-12-17 04:53:35.137,com.sec.android.app.shealth,25,9227,1.5312139,6890.4624,334.0476,yeLoKu9/uD,com.sec.android.app.shealth,b913c6e7-67ae-43b4-8b4a-deb10ab5807b,2025-12-16 00:00:00.000,
c35885e0-50a4-49b4-95ea-e5038e14db70.binning_data.json,2025-12-18 12:49:19.533,2025-12-17 11:46:19.038,com.sec.android.app.shealth,-2,5602,1.313801,4203.1494,193.0895,VfS0qUERdZ,com.sec.android.app.shealth,c35885e0-50a4-49b4-95ea-e5038e14db70,2025-12-17 00:00:00.000,
845e1001-954a-4235-ab32-66c108032bda.binning_data.json,2025-12-18 03:00:02.765,2025-12-18 03:00:02.765,com.sec.android.app.shealth,0,2748,1.302844,2069.45,84.10999,g1bnYRM2yN,com.sec.android.app.shealth,845e1001-954a-4235-ab32-66c108032bda,2025-12-17 00:00:00.000,
85c93d52-537b-43af-9a5b-e4e09897c785.binning_data.json,2025-12-19 03:00:04.189,2025-12-18 03:00:04.618,com.sec.android.app.shealth,25,5105,1.5067042,3842.0957,194.77133,yeLoKu9/uD,com.sec.android.app.shealth,85c93d52-537b-43af-9a5b-e4e09897c785,2025-12-17 00:00:00.000,
f855754f-ce74-4aaa-be5d-fcf16f609113.binning_data.json,2025-12-19 09:57:58.084,2025-12-18 10:59:32.276,com.sec.android.app.shealth,-2,7351,1.322708,5482.62,258.87683,VfS0qUERdZ,com.sec.android.app.shealth,f855754f-ce74-4aaa-be5d-fcf16f609113,2025-12-18 00:00:00.000,
d4fd639f-1b34-4cc5-92cd-1b0c49aeeb25.binning_data.json,2025-12-19 03:00:02.229,2025-12-19 03:00:02.229,com.sec.android.app.shealth,0,3033,1.1749543,2240.03,95.05999,g1bnYRM2yN,com.sec.android.app.shealth,d4fd639f-1b34-4cc5-92cd-1b0c49aeeb25,2025-12-18 00:00:00.000,
79db3cff-26b4-4b65-b48d-170fecb6e060.binning_data.json,2025-12-20 03:00:04.087,2025-12-19 03:00:04.183,com.sec.android.app.shealth,25,6817,1.3260663,5083.254,246.47455,yeLoKu9/uD,com.sec.android.app.shealth,79db3cff-26b4-4b65-b48d-170fecb6e060,2025-12-18 00:00:00.000,
d44bd6e1-cab1-46e4-aa10-a6c2cd21617e.binning_data.json,2025-12-20 02:54:10.201,2025-12-19 10:43:02.491,com.sec.android.app.shealth,-2,5357,1.3696015,3990.9604,183.39423,VfS0qUERdZ,com.sec.android.app.shealth,d44bd6e1-cab1-46e4-aa10-a6c2cd21617e,2025-12-19 00:00:00.000,
1916f182-3665-4d25-8b1b-b8f3ef791f5b.binning_data.json,2025-12-20 03:00:02.283,2025-12-20 03:00:02.283,com.sec.android.app.shealth,0,3277,1.2369939,2444.0198,101.82998,g1bnYRM2yN,com.sec.android.app.shealth,1916f182-3665-4d25-8b1b-b8f3ef791f5b,2025-12-19 00:00:00.000,
bea71892-aeb5-4335-bd68-7607166d4c55.binning_data.json,2025-12-20 03:00:04.083,2025-12-20 03:00:04.083,com.sec.android.app.shealth,25,4458,1.493133,3309.7783,161.84698,yeLoKu9/uD,com.sec.android.app.shealth,bea71892-aeb5-4335-bd68-7607166d4c55,2025-12-19 00:00:00.000,
df3d2387-33da-47bc-bd9c-1aa0b2a170ab.binning_data.json,2025-12-21 03:26:44.945,2025-12-20 03:45:52.045,com.sec.android.app.shealth,-2,11839,1.3654689,9008.815,412.97333,VfS0qUERdZ,com.sec.android.app.shealth,df3d2387-33da-47bc-bd9c-1aa0b2a170ab,2025-12-20 00:00:00.000,
81bc64e2-7f12-48eb-bcab-442c218429f8.binning_data.json,2025-12-22 03:30:25.406,2025-12-21 03:26:44.317,com.sec.android.app.shealth,-2,15752,1.7119479,11854.822,598.36414,VfS0qUERdZ,com.sec.android.app.shealth,81bc64e2-7f12-48eb-bcab-442c218429f8,2025-12-21 00:00:00.000,
6c1ee49f-d296-4a67-b3d8-081d82713f30.binning_data.json,2025-12-21 03:56:19.713,2025-12-21 03:56:19.713,com.sec.android.app.shealth,0,6564,1.3045388,4950.8,200.68,g1bnYRM2yN,com.sec.android.app.shealth,6c1ee49f-d296-4a67-b3d8-081d82713f30,2025-12-20 00:00:00.000,
4cfc1471-f81a-4d96-bfa4-06ba3cfcb188.binning_data.json,2025-12-23 03:00:04.273,2025-12-21 03:56:23.730,com.sec.android.app.shealth,25,15091,2.1805346,11375.123,640.1444,yeLoKu9/uD,com.sec.android.app.shealth,4cfc1471-f81a-4d96-bfa4-06ba3cfcb188,2025-12-21 00:00:00.000,
213da232-1b13-440c-b742-6c8e8a6f1cb3.binning_data.json,2025-12-21 03:56:23.748,2025-12-21 03:56:23.748,com.sec.android.app.shealth,25,10793,1.6834185,8192.637,400.26422,yeLoKu9/uD,com.sec.android.app.shealth,213da232-1b13-440c-b742-6c8e8a6f1cb3,2025-12-20 00:00:00.000,
e709e6a4-95c9-449b-93e9-2ca6788f94bf.binning_data.json,2025-12-22 03:00:02.653,2025-12-22 03:00:02.653,com.sec.android.app.shealth,0,7635,1.2965397,5746.4297,233.67996,g1bnYRM2yN,com.sec.android.app.shealth,e709e6a4-95c9-449b-93e9-2ca6788f94bf,2025-12-21 00:00:00.000,
cc7f06d4-0f05-481f-a81f-ba3ad5660df3.binning_data.json,2025-12-23 03:01:37.560,2025-12-22 03:00:28.567,com.sec.android.app.shealth,-2,11404,1.3940613,8560.691,672.56116,VfS0qUERdZ,com.sec.android.app.shealth,cc7f06d4-0f05-481f-a81f-ba3ad5660df3,2025-12-22 00:00:00.000,
166f85ad-396f-4720-86cf-c033bceba849.binning_data.json,2025-12-23 03:00:02.095,2025-12-23 03:00:02.095,com.sec.android.app.shealth,0,7618,1.2664412,5760.62,242.95996,g1bnYRM2yN,com.sec.android.app.shealth,166f85ad-396f-4720-86cf-c033bceba849,2025-12-22 00:00:00.000,
dcc68ea5-979c-41b4-928e-52e1e530a959.binning_data.json,2025-12-24 03:00:04.815,2025-12-23 03:00:04.269,com.sec.android.app.shealth,25,10052,1.6623173,7508.133,658.9716,yeLoKu9/uD,com.sec.android.app.shealth,dcc68ea5-979c-41b4-928e-52e1e530a959,2025-12-22 00:00:00.000,
bcc4d25e-1d5c-4066-b571-f220a68f5e22.binning_data.json,2025-12-24 13:27:04.820,2025-12-23 03:01:36.909,com.sec.android.app.shealth,-2,6695,1.3188089,4949.6387,236.695,VfS0qUERdZ,com.sec.android.app.shealth,bcc4d25e-1d5c-4066-b571-f220a68f5e22,2025-12-23 00:00:00.000,
d79e7be2-e7ca-42e5-a3ce-ce45ffafbde4.binning_data.json,2025-12-24 03:00:02.311,2025-12-24 03:00:02.311,com.sec.android.app.shealth,0,2695,1.167377,1985.4299,84.66999,g1bnYRM2yN,com.sec.android.app.shealth,d79e7be2-e7ca-42e5-a3ce-ce45ffafbde4,2025-12-23 00:00:00.000,
17830e37-ba50-4e35-b624-2a7d48b3ab1d.binning_data.json,2025-12-25 03:00:04.837,2025-12-24 03:00:04.769,com.sec.android.app.shealth,25,6141,1.3277624,4536.5215,221.75037,yeLoKu9/uD,com.sec.android.app.shealth,17830e37-ba50-4e35-b624-2a7d48b3ab1d,2025-12-23 00:00:00.000,
4444cab2-1be6-4b5d-bc8d-cebb3d9a43fb.binning_data.json,2025-12-25 03:09:34.850,2025-12-24 13:12:02.881,com.sec.android.app.shealth,-2,7210,1.5020181,5355.014,250.3815,VfS0qUERdZ,com.sec.android.app.shealth,4444cab2-1be6-4b5d-bc8d-cebb3d9a43fb,2025-12-24 00:00:00.000,
ff1aea46-bbbc-4a9a-b63c-6481314e8d67.binning_data.json,2025-12-25 03:00:02.490,2025-12-25 03:00:02.490,com.sec.android.app.shealth,0,4319,1.2134746,3203.52,134.45998,g1bnYRM2yN,com.sec.android.app.shealth,ff1aea46-bbbc-4a9a-b63c-6481314e8d67,2025-12-24 00:00:00.000,
4f1e25e6-1997-420e-a3c1-eb8f816940a3.binning_data.json,2025-12-27 03:30:26.730,2025-12-25 03:00:04.828,com.sec.android.app.shealth,25,6611,1.6806898,4902.0117,238.69363,yeLoKu9/uD,com.sec.android.app.shealth,4f1e25e6-1997-420e-a3c1-eb8f816940a3,2025-12-24 00:00:00.000,
bac2be8e-2bfe-40fb-bfad-28e184258950.binning_data.json,2025-12-26 12:47:11.944,2025-12-25 03:00:08.025,com.sec.android.app.shealth,-2,8868,1.4570421,6519.433,311.80078,VfS0qUERdZ,com.sec.android.app.shealth,bac2be8e-2bfe-40fb-bfad-28e184258950,2025-12-25 00:00:00.000,
cf785864-34e1-4d5d-80a7-f145d562fa84.binning_data.json,2025-12-27 03:30:24.843,2025-12-26 03:02:15.758,com.sec.android.app.shealth,0,7146,1.3118749,5383.57,217.52994,g1bnYRM2yN,com.sec.android.app.shealth,cf785864-34e1-4d5d-80a7-f145d562fa84,2025-12-26 00:00:00.000,
d6c13f38-bf85-4785-b0f3-ee9e7dc2d5ed.binning_data.json,2025-12-26 03:02:15.770,2025-12-26 03:02:15.770,com.sec.android.app.shealth,0,4480,1.1541425,3297.17,140.56998,g1bnYRM2yN,com.sec.android.app.shealth,d6c13f38-bf85-4785-b0f3-ee9e7dc2d5ed,2025-12-25 00:00:00.000,
04d6d361-e692-462e-b1f0-f9f5b2129c86.binning_data.json,2025-12-27 03:30:44.195,2025-12-26 03:02:16.941,com.sec.android.app.shealth,-2,9991,1.4329798,7513.5693,331.54028,VfS0qUERdZ,com.sec.android.app.shealth,04d6d361-e692-462e-b1f0-f9f5b2129c86,2025-12-26 00:00:00.000,
b6ffd5ec-df08-4c63-907b-0f3fcf351bf2.binning_data.json,2025-12-27 03:30:26.651,2025-12-27 03:30:26.651,com.sec.android.app.shealth,25,7919,1.4833454,5809.7695,287.30002,yeLoKu9/uD,com.sec.android.app.shealth,b6ffd5ec-df08-4c63-907b-0f3fcf351bf2,2025-12-25 00:00:00.000,
cc8a26bd-5095-4e8d-b246-0ee5d2ca6618.binning_data.json,2025-12-28 03:00:05.070,2025-12-27 03:30:27.140,com.sec.android.app.shealth,25,8877,2.0006402,6668.801,316.8631,yeLoKu9/uD,com.sec.android.app.shealth,cc8a26bd-5095-4e8d-b246-0ee5d2ca6618,2025-12-26 00:00:00.000,
80dbc117-1ec0-413f-9319-6c62e1f806f9.binning_data.json,2025-12-28 13:59:19.536,2025-12-27 03:30:35.763,com.sec.android.app.shealth,-2,12100,1.6375736,8980.508,418.8857,VfS0qUERdZ,com.sec.android.app.shealth,80dbc117-1ec0-413f-9319-6c62e1f806f9,2025-12-27 00:00:00.000,
fbb81651-1649-4b49-bf3c-4014a088c61f.binning_data.json,2025-12-28 03:00:02.680,2025-12-28 03:00:02.680,com.sec.android.app.shealth,0,5214,1.1904005,3861.55,161.67996,g1bnYRM2yN,com.sec.android.app.shealth,fbb81651-1649-4b49-bf3c-4014a088c61f,2025-12-27 00:00:00.000,
098791f5-a7b4-4c88-816a-4b265adb26c1.binning_data.json,2025-12-29 03:00:04.466,2025-12-28 03:00:05.117,com.sec.android.app.shealth,25,10806,1.8693345,8006.9824,385.58133,yeLoKu9/uD,com.sec.android.app.shealth,098791f5-a7b4-4c88-816a-4b265adb26c1,2025-12-27 00:00:00.000,
5c29adbe-c4ae-4f92-bbc0-84b9f441ab1f.binning_data.json,2025-12-29 03:23:43.963,2025-12-28 03:18:57.461,com.sec.android.app.shealth,-2,3601,1.3702465,2698.0432,123.94974,VfS0qUERdZ,com.sec.android.app.shealth,5c29adbe-c4ae-4f92-bbc0-84b9f441ab1f,2025-12-28 00:00:00.000,
2adab7cf-e64a-4b88-8a57-510a6479eafa.binning_data.json,2025-12-29 03:00:02.332,2025-12-29 03:00:02.332,com.sec.android.app.shealth,0,1830,1.2523102,1370.12,57.779995,g1bnYRM2yN,com.sec.android.app.shealth,2adab7cf-e64a-4b88-8a57-510a6479eafa,2025-12-28 00:00:00.000,
6e557866-5f51-4219-b977-c79532ed98ea.binning_data.json,2025-12-30 03:01:57.720,2025-12-29 03:00:04.457,com.sec.android.app.shealth,25,2790,1.4282712,2094.7979,99.98748,yeLoKu9/uD,com.sec.android.app.shealth,6e557866-5f51-4219-b977-c79532ed98ea,2025-12-28 00:00:00.000,
76a1c920-2481-4504-a95c-d5b1d3ec7d0f.binning_data.json,2025-12-30 05:39:56.026,2025-12-29 03:23:52.157,com.sec.android.app.shealth,-2,9159,1.3176538,6839.84,640.077,VfS0qUERdZ,com.sec.android.app.shealth,76a1c920-2481-4504-a95c-d5b1d3ec7d0f,2025-12-29 00:00:00.000,
725ad652-5e6d-4bd4-b870-91223867475a.binning_data.json,2025-12-30 03:01:46.841,2025-12-30 03:01:46.841,com.sec.android.app.shealth,0,4681,1.2528462,3502.1497,143.84996,g1bnYRM2yN,com.sec.android.app.shealth,725ad652-5e6d-4bd4-b870-91223867475a,2025-12-29 00:00:00.000,
05060d3e-6bd4-4a25-b8bd-9b0644c2871a.binning_data.json,2025-12-31 03:00:04.790,2025-12-30 03:01:57.739,com.sec.android.app.shealth,25,8614,1.4704416,6420.9287,672.37354,yeLoKu9/uD,com.sec.android.app.shealth,05060d3e-6bd4-4a25-b8bd-9b0644c2871a,2025-12-29 00:00:00.000,
c02bcdc4-ead0-4b88-a57d-ba8c06b5b8b3.binning_data.json,2025-12-31 02:50:36.943,2025-12-30 03:10:32.348,com.sec.android.app.shealth,-2,13932,1.557939,10426.925,570.696,VfS0qUERdZ,com.sec.android.app.shealth,c02bcdc4-ead0-4b88-a57d-ba8c06b5b8b3,2025-12-30 00:00:00.000,
571c1729-f12d-4cd9-aacc-dccc60580325.binning_data.json,2025-12-31 03:00:02.682,2025-12-31 03:00:02.682,com.sec.android.app.shealth,0,9439,1.2729774,7076.1895,288.6299,g1bnYRM2yN,com.sec.android.app.shealth,571c1729-f12d-4cd9-aacc-dccc60580325,2025-12-30 00:00:00.000,
a7caaa84-ddea-4a9d-b156-d5200d2ba01b.binning_data.json,2025-12-31 03:00:04.809,2025-12-31 03:00:04.809,com.sec.android.app.shealth,25,13130,2.1443582,9792.569,666.1297,yeLoKu9/uD,com.sec.android.app.shealth,a7caaa84-ddea-4a9d-b156-d5200d2ba01b,2025-12-30 00:00:00.000,
ddf5e242-97cc-4180-9463-63933e2e37be.binning_data.json,2026-01-01 03:00:42.878,2025-12-31 13:21:22.884,com.sec.android.app.shealth,-2,5983,1.2284135,4462.466,214.14622,VfS0qUERdZ,com.sec.android.app.shealth,ddf5e242-97cc-4180-9463-63933e2e37be,2025-12-31 00:00:00.000,
29656ca9-0d42-4f2a-8783-a86e9bb7e436.binning_data.json,2026-01-01 03:00:28.736,2026-01-01 03:00:28.736,com.sec.android.app.shealth,0,2082,1.1978807,1542.02,66.17,g1bnYRM2yN,com.sec.android.app.shealth,29656ca9-0d42-4f2a-8783-a86e9bb7e436,2025-12-31 00:00:00.000,
617a36e7-0191-46bb-b5b4-c9e70d3e4cb0.binning_data.json,2026-01-02 03:00:39.004,2026-01-01 03:00:32.409,com.sec.android.app.shealth,25,5562,1.2096953,4153.287,203.42072,yeLoKu9/uD,com.sec.android.app.shealth,617a36e7-0191-46bb-b5b4-c9e70d3e4cb0,2025-12-31 00:00:00.000,
ac455b03-6757-4fdc-b49a-09136fd34eb6.binning_data.json,2026-01-02 03:23:43.685,2026-01-01 03:02:43.840,com.sec.android.app.shealth,-2,6050,1.2520175,4513.1074,212.0276,VfS0qUERdZ,com.sec.android.app.shealth,ac455b03-6757-4fdc-b49a-09136fd34eb6,2026-01-01 00:00:00.000,
8e29de2b-53b4-4e41-9168-f0e50d26782b.binning_data.json,2026-01-02 03:00:36.200,2026-01-02 03:00:36.200,com.sec.android.app.shealth,0,2704,1.2080129,2012.4299,84.649994,g1bnYRM2yN,com.sec.android.app.shealth,8e29de2b-53b4-4e41-9168-f0e50d26782b,2026-01-01 00:00:00.000,
18fdb170-14b2-4848-9ae7-b27b0e60205f.binning_data.json,2026-01-03 03:05:53.366,2026-01-02 03:00:38.932,com.sec.android.app.shealth,25,5346,1.2654052,3986.0261,193.40071,yeLoKu9/uD,com.sec.android.app.shealth,18fdb170-14b2-4848-9ae7-b27b0e60205f,2026-01-01 00:00:00.000,
1f8ced23-8f6f-4ffe-96e1-fc4b6d0b8f83.binning_data.json,2026-01-03 03:23:08.088,2026-01-02 03:15:01.703,com.sec.android.app.shealth,-2,7083,1.2310749,5286.4233,588.1455,VfS0qUERdZ,com.sec.android.app.shealth,1f8ced23-8f6f-4ffe-96e1-fc4b6d0b8f83,2026-01-02 00:00:00.000,
211d4c90-a481-4ccc-a410-8a13a636ce8a.binning_data.json,2026-01-03 03:05:39.768,2026-01-03 03:05:39.768,com.sec.android.app.shealth,0,1962,1.2096024,1460.62,61.949997,g1bnYRM2yN,com.sec.android.app.shealth,211d4c90-a481-4ccc-a410-8a13a636ce8a,2026-01-02 00:00:00.000,
4c3e22bd-a745-4e44-b735-0a7c694bf977.binning_data.json,2026-01-04 03:07:58.006,2026-01-03 03:05:52.638,com.sec.android.app.shealth,25,6525,1.2161691,4864.677,579.5182,yeLoKu9/uD,com.sec.android.app.shealth,4c3e22bd-a745-4e44-b735-0a7c694bf977,2026-01-02 00:00:00.000,
79db1c76-6d98-4530-a01c-fe89b5c758d8.binning_data.json,2026-01-04 03:17:36.759,2026-01-03 03:18:13.359,com.sec.android.app.shealth,-2,10677,1.4700826,7928.063,371.00504,VfS0qUERdZ,com.sec.android.app.shealth,79db1c76-6d98-4530-a01c-fe89b5c758d8,2026-01-03 00:00:00.000,
303b5f72-6dc6-40c3-8576-c3416841b2f7.binning_data.json,2026-01-04 03:07:46.207,2026-01-04 03:07:46.207,com.sec.android.app.shealth,0,5040,1.23664,3751.3398,156.37997,g1bnYRM2yN,com.sec.android.app.shealth,303b5f72-6dc6-40c3-8576-c3416841b2f7,2026-01-03 00:00:00.000,
5331e34a-0f46-4362-838a-d9743163b318.binning_data.json,2026-01-05 03:42:37.158,2026-01-04 03:07:57.201,com.sec.android.app.shealth,25,10028,1.6102289,7433.89,358.7327,yeLoKu9/uD,com.sec.android.app.shealth,5331e34a-0f46-4362-838a-d9743163b318,2026-01-03 00:00:00.000,
07f07975-9eb7-4307-8ab3-be01d4c62b73.binning_data.json,2026-01-05 09:21:54.694,2026-01-04 03:15:01.435,com.sec.android.app.shealth,-2,6072,1.3010323,4536.3765,211.3157,VfS0qUERdZ,com.sec.android.app.shealth,07f07975-9eb7-4307-8ab3-be01d4c62b73,2026-01-04 00:00:00.000,
72a00041-fcb6-4f31-96ea-01eb8d2361fb.binning_data.json,2026-01-05 03:24:52.701,2026-01-05 03:24:52.701,com.sec.android.app.shealth,0,3463,1.2161617,2573.3198,108.54999,g1bnYRM2yN,com.sec.android.app.shealth,72a00041-fcb6-4f31-96ea-01eb8d2361fb,2026-01-04 00:00:00.000,
7e07a3e6-26cd-4885-935f-0702eb5186a5.binning_data.json,2026-01-06 03:21:29.945,2026-01-05 03:42:36.986,com.sec.android.app.shealth,25,5406,1.3237578,4037.461,194.39362,yeLoKu9/uD,com.sec.android.app.shealth,7e07a3e6-26cd-4885-935f-0702eb5186a5,2026-01-04 00:00:00.000,
9e81ac6f-c84a-4a91-b854-86ab0a85c9a4.binning_data.json,2026-01-06 07:02:36.635,2026-01-05 09:04:55.797,com.sec.android.app.shealth,-2,11533,1.3954775,8531.973,645.1581,VfS0qUERdZ,com.sec.android.app.shealth,9e81ac6f-c84a-4a91-b854-86ab0a85c9a4,2026-01-05 00:00:00.000,
5bb56268-c352-443d-905c-5d6a8f9dbb32.binning_data.json,2026-01-06 03:21:14.701,2026-01-06 03:21:14.701,com.sec.android.app.shealth,0,6121,1.1499848,4506.3496,190.81996,g1bnYRM2yN,com.sec.android.app.shealth,5bb56268-c352-443d-905c-5d6a8f9dbb32,2026-01-05 00:00:00.000,
1117614f-83ec-4386-88de-4c0050c38806.binning_data.json,2026-01-07 03:00:04.601,2026-01-06 03:21:30.613,com.sec.android.app.shealth,25,9539,1.5163802,7051.168,628.8279,yeLoKu9/uD,com.sec.android.app.shealth,1117614f-83ec-4386-88de-4c0050c38806,2026-01-05 00:00:00.000,
8dd4e496-90d1-49a9-ad9f-6044fafed2ab.binning_data.json,2026-01-07 10:23:58.362,2026-01-06 09:35:19.353,com.sec.android.app.shealth,-2,7672,1.4613912,5723.556,265.92554,VfS0qUERdZ,com.sec.android.app.shealth,8dd4e496-90d1-49a9-ad9f-6044fafed2ab,2026-01-06 00:00:00.000,
72555692-030b-4ba4-a3bd-6c1cdf340f02.binning_data.json,2026-01-07 03:00:02.725,2026-01-07 03:00:02.725,com.sec.android.app.shealth,0,4390,1.2278004,3267.92,135.40999,g1bnYRM2yN,com.sec.android.app.shealth,72555692-030b-4ba4-a3bd-6c1cdf340f02,2026-01-06 00:00:00.000,
50baa5e2-2d6f-4503-b3ef-3dafcec50a4e.binning_data.json,2026-01-08 03:00:05.436,2026-01-07 03:00:04.592,com.sec.android.app.shealth,25,7054,1.6176809,5257.463,253.1742,yeLoKu9/uD,com.sec.android.app.shealth,50baa5e2-2d6f-4503-b3ef-3dafcec50a4e,2026-01-06 00:00:00.000,
a39b3a51-d88c-4eb8-bb99-d3648f871e54.binning_data.json,2026-01-08 03:01:08.113,2026-01-07 03:06:27.401,com.sec.android.app.shealth,-2,15274,1.4738336,11409.288,733.4444,VfS0qUERdZ,com.sec.android.app.shealth,a39b3a51-d88c-4eb8-bb99-d3648f871e54,2026-01-07 00:00:00.000,
5191228a-d746-4335-9f20-28a8ea4a4821.binning_data.json,2026-01-08 03:00:22.899,2026-01-08 03:00:03.052,com.sec.android.app.shealth,0,9345,1.2718425,7025.34,287.09998,g1bnYRM2yN,com.sec.android.app.shealth,5191228a-d746-4335-9f20-28a8ea4a4821,2026-01-07 00:00:00.000,
1bf2d211-35da-4af1-b193-28f1091ed9b1.binning_data.json,2026-01-09 03:00:05.107,2026-01-08 03:00:05.432,com.sec.android.app.shealth,25,14082,1.9111117,10447.41,775.5171,yeLoKu9/uD,com.sec.android.app.shealth,1bf2d211-35da-4af1-b193-28f1091ed9b1,2026-01-07 00:00:00.000,
19174b4e-c0bd-4838-a5d6-e11b19d1494f.binning_data.json,2026-01-09 09:53:31.165,2026-01-08 03:00:21.915,com.sec.android.app.shealth,-2,12429,1.4382296,9245.578,752.57764,VfS0qUERdZ,com.sec.android.app.shealth,19174b4e-c0bd-4838-a5d6-e11b19d1494f,2026-01-08 00:00:00.000,
13752b50-4120-4ab4-a47e-fc9275ff92dd.binning_data.json,2026-01-09 03:00:03.194,2026-01-08 03:00:22.876,com.sec.android.app.shealth,0,5264,1.1473154,3872.19,165.28998,g1bnYRM2yN,com.sec.android.app.shealth,13752b50-4120-4ab4-a47e-fc9275ff92dd,2026-01-08 00:00:00.000,
8fcef51d-273f-4a5e-9509-cd44166fb783.binning_data.json,2026-01-10 03:00:38.859,2026-01-09 03:00:05.095,com.sec.android.app.shealth,25,10906,1.5215418,8114.8906,743.5689,yeLoKu9/uD,com.sec.android.app.shealth,8fcef51d-273f-4a5e-9509-cd44166fb783,2026-01-08 00:00:00.000,
a0ae0914-8fbf-4a50-b0b9-a83dc897741f.binning_data.json,2026-01-10 08:29:01.049,2026-01-09 09:47:35.262,com.sec.android.app.shealth,-2,16161,1.6079968,12086.271,567.5572,VfS0qUERdZ,com.sec.android.app.shealth,a0ae0914-8fbf-4a50-b0b9-a83dc897741f,2026-01-09 00:00:00.000,
e6614f66-2491-4b51-b860-f736533693a4.binning_data.json,2026-01-10 03:00:29.902,2026-01-10 03:00:29.902,com.sec.android.app.shealth,0,3638,1.2654047,2732.42,114.20999,g1bnYRM2yN,com.sec.android.app.shealth,e6614f66-2491-4b51-b860-f736533693a4,2026-01-09 00:00:00.000,
72919fa0-7339-4abf-9f4e-987dfb81676a.binning_data.json,2026-01-11 03:00:06.845,2026-01-10 03:00:38.852,com.sec.android.app.shealth,25,15226,1.6434674,11367.316,542.02295,yeLoKu9/uD,com.sec.android.app.shealth,72919fa0-7339-4abf-9f4e-987dfb81676a,2026-01-09 00:00:00.000,
9a63fe42-d754-41dc-9bbc-d5bef4a27aba.binning_data.json,2026-01-11 09:21:55.872,2026-01-10 09:05:02.207,com.sec.android.app.shealth,-2,7052,1.37771,5248.1655,236.55821,VfS0qUERdZ,com.sec.android.app.shealth,9a63fe42-d754-41dc-9bbc-d5bef4a27aba,2026-01-10 00:00:00.000,
46a5defa-09fd-4a40-b270-90df16c3256e.binning_data.json,2026-01-12 03:00:02.572,2026-01-11 03:00:04.164,com.sec.android.app.shealth,0,2626,1.2085955,1950.0499,82.17999,g1bnYRM2yN,com.sec.android.app.shealth,46a5defa-09fd-4a40-b270-90df16c3256e,2026-01-11 00:00:00.000,
3eebdd32-f44e-459e-ac2d-640572fb2c00.binning_data.json,2026-01-11 03:00:04.176,2026-01-11 03:00:04.176,com.sec.android.app.shealth,0,4635,1.238077,3449.6401,142.92996,g1bnYRM2yN,com.sec.android.app.shealth,3eebdd32-f44e-459e-ac2d-640572fb2c00,2026-01-10 00:00:00.000,
e5be3e4e-1ecd-45c9-bc15-650c7ca1dc6e.binning_data.json,2026-01-12 14:13:23.556,2026-01-11 03:00:06.283,com.sec.android.app.shealth,-2,6835,1.3517232,5108.9585,238.45145,VfS0qUERdZ,com.sec.android.app.shealth,e5be3e4e-1ecd-45c9-bc15-650c7ca1dc6e,2026-01-11 00:00:00.000,
ff27b886-af1e-439d-ad46-048617a211fd.binning_data.json,2026-01-12 03:00:05.043,2026-01-11 03:00:06.829,com.sec.android.app.shealth,25,5874,1.7440859,4360.215,209.00267,yeLoKu9/uD,com.sec.android.app.shealth,ff27b886-af1e-439d-ad46-048617a211fd,2026-01-10 00:00:00.000,
c73aeb25-c068-4834-a49d-215ad3d4c3a9.binning_data.json,2026-01-13 03:04:18.752,2026-01-12 03:00:05.031,com.sec.android.app.shealth,25,6299,1.3983643,4707.8267,231.37563,yeLoKu9/uD,com.sec.android.app.shealth,c73aeb25-c068-4834-a49d-215ad3d4c3a9,2026-01-11 00:00:00.000,
6bf2a3fe-9574-418e-98fd-0ea28d51c860.binning_data.json,2026-01-13 10:31:01.937,2026-01-12 10:16:33.027,com.sec.android.app.shealth,-2,5662,1.5068471,4181.359,195.71942,VfS0qUERdZ,com.sec.android.app.shealth,6bf2a3fe-9574-418e-98fd-0ea28d51c860,2026-01-12 00:00:00.000,
2fc7491b-db05-42af-b9f5-38733a0c7936.binning_data.json,2026-01-13 03:04:14.697,2026-01-13 03:04:14.697,com.sec.android.app.shealth,0,2943,1.142028,2160.6099,92.68997,g1bnYRM2yN,com.sec.android.app.shealth,2fc7491b-db05-42af-b9f5-38733a0c7936,2026-01-12 00:00:00.000,
4f451b61-282b-46b6-a399-e9e45efe2ad4.binning_data.json,2026-01-14 03:00:05.224,2026-01-13 03:04:18.746,com.sec.android.app.shealth,25,4703,1.681537,3475.1765,168.03174,yeLoKu9/uD,com.sec.android.app.shealth,4f451b61-282b-46b6-a399-e9e45efe2ad4,2026-01-12 00:00:00.000,
ce20f746-c722-462e-bfc7-59218e878e2a.binning_data.json,2026-01-14 10:30:17.654,2026-01-13 10:03:57.031,com.sec.android.app.shealth,-2,10893,1.5944105,8083.311,378.54565,VfS0qUERdZ,com.sec.android.app.shealth,ce20f746-c722-462e-bfc7-59218e878e2a,2026-01-13 00:00:00.000,
c0d3641f-ff7e-4172-9905-93b7ed3dde74.binning_data.json,2026-01-14 03:00:02.706,2026-01-14 03:00:02.706,com.sec.android.app.shealth,0,6203,1.2130803,4605.8,191.31998,g1bnYRM2yN,com.sec.android.app.shealth,c0d3641f-ff7e-4172-9905-93b7ed3dde74,2026-01-13 00:00:00.000,
f2123d9d-1217-41cd-a81c-dc115e96f692.binning_data.json,2026-01-15 03:00:06.050,2026-01-14 03:00:05.241,com.sec.android.app.shealth,25,10225,1.796568,7575.5283,366.8308,yeLoKu9/uD,com.sec.android.app.shealth,f2123d9d-1217-41cd-a81c-dc115e96f692,2026-01-13 00:00:00.000,
a8fb5ae5-07dd-4e42-9c5a-9fa60690daa1.binning_data.json,2026-01-15 10:30:30.603,2026-01-14 10:03:45.587,com.sec.android.app.shealth,-2,7792,1.3912165,5785.409,274.76306,VfS0qUERdZ,com.sec.android.app.shealth,a8fb5ae5-07dd-4e42-9c5a-9fa60690daa1,2026-01-14 00:00:00.000,
44dab192-9db8-4dc6-97c1-b34f279cb937.binning_data.json,2026-01-15 03:00:03.859,2026-01-15 03:00:03.859,com.sec.android.app.shealth,0,2796,1.118142,2046.21,87.83998,g1bnYRM2yN,com.sec.android.app.shealth,44dab192-9db8-4dc6-97c1-b34f279cb937,2026-01-14 00:00:00.000,
8ed37b16-d832-4915-9d5a-8e35dccf4534.binning_data.json,2026-01-16 03:26:37.157,2026-01-15 03:00:06.040,com.sec.android.app.shealth,25,7294,1.4315699,5416.1064,262.46674,yeLoKu9/uD,com.sec.android.app.shealth,8ed37b16-d832-4915-9d5a-8e35dccf4534,2026-01-14 00:00:00.000,
2c2cc16a-63e1-4093-8a56-533a63613544.binning_data.json,2026-01-16 10:34:37.951,2026-01-15 09:05:31.288,com.sec.android.app.shealth,-2,10179,1.4794667,7577.743,360.55292,VfS0qUERdZ,com.sec.android.app.shealth,2c2cc16a-63e1-4093-8a56-533a63613544,2026-01-15 00:00:00.000,
8039a8bd-4d21-4399-8e0f-52ee68000675.binning_data.json,2026-01-16 03:26:29.813,2026-01-16 03:26:29.813,com.sec.android.app.shealth,0,4009,1.2402519,2990.7598,125.43999,g1bnYRM2yN,com.sec.android.app.shealth,8039a8bd-4d21-4399-8e0f-52ee68000675,2026-01-15 00:00:00.000,
e24d73e5-ae79-426a-86d4-9d20835e8871.binning_data.json,2026-01-17 03:55:31.141,2026-01-16 03:26:37.174,com.sec.android.app.shealth,25,9510,1.5169972,7079.3203,344.65283,yeLoKu9/uD,com.sec.android.app.shealth,e24d73e5-ae79-426a-86d4-9d20835e8871,2026-01-15 00:00:00.000,
c66c3781-2071-44d9-99f9-854c44e807bd.binning_data.json,2026-01-17 07:23:29.199,2026-01-16 10:07:09.269,com.sec.android.app.shealth,-2,8369,1.3768991,6215.8657,291.3167,VfS0qUERdZ,com.sec.android.app.shealth,c66c3781-2071-44d9-99f9-854c44e807bd,2026-01-16 00:00:00.000,
7b1d4ad0-f725-4837-ba27-2a42bb01f128.binning_data.json,2026-01-17 03:55:25.121,2026-01-17 03:55:25.121,com.sec.android.app.shealth,0,3850,1.1856565,2847.96,120.90998,g1bnYRM2yN,com.sec.android.app.shealth,7b1d4ad0-f725-4837-ba27-2a42bb01f128,2026-01-16 00:00:00.000,
ddd728e9-3458-4a3e-bfea-87cdc28bcaae.binning_data.json,2026-01-18 03:35:09.543,2026-01-17 03:55:31.128,com.sec.android.app.shealth,25,6375,1.4328895,4728.535,230.88086,yeLoKu9/uD,com.sec.android.app.shealth,ddd728e9-3458-4a3e-bfea-87cdc28bcaae,2026-01-16 00:00:00.000,
84bb673f-ce37-4d2f-bc39-93991e135aaf.binning_data.json,2026-01-18 11:32:02.540,2026-01-17 13:26:02.690,com.sec.android.app.shealth,-2,10663,1.5381143,7948.722,369.63324,VfS0qUERdZ,com.sec.android.app.shealth,84bb673f-ce37-4d2f-bc39-93991e135aaf,2026-01-17 00:00:00.000,
e5fdb2b0-bb2c-4c8f-a476-8fba88d14efe.binning_data.json,2026-01-18 03:35:06.321,2026-01-18 03:35:06.321,com.sec.android.app.shealth,0,5835,1.2399968,4347.5303,180.08998,g1bnYRM2yN,com.sec.android.app.shealth,e5fdb2b0-bb2c-4c8f-a476-8fba88d14efe,2026-01-17 00:00:00.000,
e5153dea-b7d4-4cbb-8c49-0e813c965fcd.binning_data.json,2026-01-19 03:00:04.941,2026-01-18 03:35:09.539,com.sec.android.app.shealth,25,9914,1.7320222,7361.0938,356.08228,yeLoKu9/uD,com.sec.android.app.shealth,e5153dea-b7d4-4cbb-8c49-0e813c965fcd,2026-01-17 00:00:00.000,
377cc469-0518-43ec-8385-41ff765ccb3d.binning_data.json,2026-01-19 10:43:46.727,2026-01-18 11:22:05.781,com.sec.android.app.shealth,-2,9392,1.4155955,7042.039,343.67242,VfS0qUERdZ,com.sec.android.app.shealth,377cc469-0518-43ec-8385-41ff765ccb3d,2026-01-18 00:00:00.000,
11b30024-34f6-46b4-bcd7-30f2057d9f95.binning_data.json,2026-01-19 03:00:02.771,2026-01-19 03:00:02.771,com.sec.android.app.shealth,0,832,1.1819881,614.24,26.279997,g1bnYRM2yN,com.sec.android.app.shealth,11b30024-34f6-46b4-bcd7-30f2057d9f95,2026-01-18 00:00:00.000,
12c0c22a-f262-41e6-8140-ebfaa4653234.binning_data.json,2026-01-20 03:00:06.199,2026-01-19 03:00:04.931,com.sec.android.app.shealth,25,9288,1.4212803,6964.273,341.22372,yeLoKu9/uD,com.sec.android.app.shealth,12c0c22a-f262-41e6-8140-ebfaa4653234,2026-01-18 00:00:00.000,
30e75794-66a5-4a06-beb7-b772b4a88d2b.binning_data.json,2026-01-20 09:35:02.272,2026-01-19 10:38:02.256,com.sec.android.app.shealth,-2,13430,1.6156042,9956.573,472.9692,VfS0qUERdZ,com.sec.android.app.shealth,30e75794-66a5-4a06-beb7-b772b4a88d2b,2026-01-19 00:00:00.000,
5fcf8f12-fb5f-4de2-93ea-7aca9b05c450.binning_data.json,2026-01-20 03:00:03.571,2026-01-20 03:00:03.571,com.sec.android.app.shealth,0,5840,1.1865921,4320.04,183.12997,g1bnYRM2yN,com.sec.android.app.shealth,5fcf8f12-fb5f-4de2-93ea-7aca9b05c450,2026-01-19 00:00:00.000,
3553f4ab-e91f-4970-8d8b-7224872a3beb.binning_data.json,2026-01-21 03:53:03.219,2026-01-20 03:00:06.192,com.sec.android.app.shealth,25,12619,1.658284,9341.667,453.55518,yeLoKu9/uD,com.sec.android.app.shealth,3553f4ab-e91f-4970-8d8b-7224872a3beb,2026-01-19 00:00:00.000,
bf482324-5aa0-46e4-8c10-d68432f0201b.binning_data.json,2026-01-21 11:12:42.011,2026-01-20 09:02:07.570,com.sec.android.app.shealth,-2,8242,1.3536422,6185.696,279.44592,VfS0qUERdZ,com.sec.android.app.shealth,bf482324-5aa0-46e4-8c10-d68432f0201b,2026-01-20 00:00:00.000,
084906f8-2a77-4927-8c23-985ec6f2708c.binning_data.json,2026-01-21 03:52:54.837,2026-01-21 03:52:54.837,com.sec.android.app.shealth,0,5927,1.2685063,4449.79,183.87997,g1bnYRM2yN,com.sec.android.app.shealth,084906f8-2a77-4927-8c23-985ec6f2708c,2026-01-20 00:00:00.000,
6d306f64-7497-4b30-add1-9760b50b19b1.binning_data.json,2026-01-22 03:02:24.158,2026-01-21 03:53:03.209,com.sec.android.app.shealth,25,6615,1.7294288,4957.696,240.22754,yeLoKu9/uD,com.sec.android.app.shealth,6d306f64-7497-4b30-add1-9760b50b19b1,2026-01-20 00:00:00.000,
a3bbc4af-7d78-4239-8159-7031d74c8cf4.binning_data.json,2026-01-22 11:54:29.664,2026-01-21 10:11:32.372,com.sec.android.app.shealth,-2,8827,1.3010211,6573.369,442.27045,VfS0qUERdZ,com.sec.android.app.shealth,a3bbc4af-7d78-4239-8159-7031d74c8cf4,2026-01-21 00:00:00.000,
dddf8ec5-9c9a-407c-9015-d0cee9e8c3be.binning_data.json,2026-01-22 03:02:14.629,2026-01-22 03:02:14.629,com.sec.android.app.shealth,0,4830,1.1829072,3572.8198,150.72997,g1bnYRM2yN,com.sec.android.app.shealth,dddf8ec5-9c9a-407c-9015-d0cee9e8c3be,2026-01-21 00:00:00.000,
7ecbf002-03db-434c-a089-83f3b739397a.binning_data.json,2026-01-23 04:54:41.990,2026-01-22 03:02:23.702,com.sec.android.app.shealth,25,6914,1.425035,5153.8765,394.7197,yeLoKu9/uD,com.sec.android.app.shealth,7ecbf002-03db-434c-a089-83f3b739397a,2026-01-21 00:00:00.000,
fa96e079-5c67-4d99-bc5f-4661bb23e970.binning_data.json,2026-01-23 03:02:28.665,2026-01-22 03:13:12.477,com.sec.android.app.shealth,-2,9978,1.4106678,7500.256,470.28214,VfS0qUERdZ,com.sec.android.app.shealth,fa96e079-5c67-4d99-bc5f-4661bb23e970,2026-01-22 00:00:00.000,
a04f98b1-98b6-4dc0-aa26-6ccdf4552c0e.binning_data.json,2026-01-23 04:48:25.803,2026-01-23 04:48:25.803,com.sec.android.app.shealth,0,6021,1.2696083,4520.9,186.53992,g1bnYRM2yN,com.sec.android.app.shealth,a04f98b1-98b6-4dc0-aa26-6ccdf4552c0e,2026-01-22 00:00:00.000,
dc9bba7e-7c68-4e92-9988-62852c29c210.binning_data.json,2026-01-23 04:54:42.522,2026-01-23 04:54:42.522,com.sec.android.app.shealth,25,9288,1.8145151,6925.3994,507.4551,yeLoKu9/uD,com.sec.android.app.shealth,dc9bba7e-7c68-4e92-9988-62852c29c210,2026-01-22 00:00:00.000,
2bd6dbc3-bf14-4b6c-b245-c6d9562f71b9.binning_data.json,2026-01-24 10:37:23.023,2026-01-23 10:25:41.517,com.sec.android.app.shealth,-2,12225,1.5692357,9155.29,441.56583,VfS0qUERdZ,com.sec.android.app.shealth,2bd6dbc3-bf14-4b6c-b245-c6d9562f71b9,2026-01-23 00:00:00.000,
59e7de60-250a-4eb5-aba8-bc1148e44676.binning_data.json,2026-01-24 03:00:06.745,2026-01-24 03:00:06.745,com.sec.android.app.shealth,0,4681,1.236658,3505.95,147.52997,g1bnYRM2yN,com.sec.android.app.shealth,59e7de60-250a-4eb5-aba8-bc1148e44676,2026-01-23 00:00:00.000,
17a5d733-bf9c-46ae-8ebd-96a2b00e9523.binning_data.json,2026-01-25 03:00:05.343,2026-01-24 03:00:09.763,com.sec.android.app.shealth,25,11476,1.6712788,8579.231,423.42133,yeLoKu9/uD,com.sec.android.app.shealth,17a5d733-bf9c-46ae-8ebd-96a2b00e9523,2026-01-23 00:00:00.000,
22508b7d-5ab1-4a72-bce7-9322628dd12f.binning_data.json,2026-01-25 02:35:04.490,2026-01-24 10:16:30.187,com.sec.android.app.shealth,-2,9941,1.3234537,7422.2847,347.80002,VfS0qUERdZ,com.sec.android.app.shealth,22508b7d-5ab1-4a72-bce7-9322628dd12f,2026-01-24 00:00:00.000,
f5282523-fa0a-4837-9d71-e4bd8fe273d8.binning_data.json,2026-01-25 03:00:02.738,2026-01-25 03:00:02.738,com.sec.android.app.shealth,0,4911,1.2129947,3645.47,153.95999,g1bnYRM2yN,com.sec.android.app.shealth,f5282523-fa0a-4837-9d71-e4bd8fe273d8,2026-01-24 00:00:00.000,
5f2b8648-b7b5-4d8b-9859-f086c52b8437.binning_data.json,2026-01-25 03:00:05.368,2026-01-25 03:00:05.368,com.sec.android.app.shealth,25,8773,1.3531891,6540.414,315.7738,yeLoKu9/uD,com.sec.android.app.shealth,5f2b8648-b7b5-4d8b-9859-f086c52b8437,2026-01-24 00:00:00.000,
0b8900fa-8284-4956-9498-7416e835f5d2.binning_data.json,2026-01-26 08:36:54.471,2026-01-25 03:09:02.593,com.sec.android.app.shealth,-2,5117,1.2656268,3809.5872,175.7707,VfS0qUERdZ,com.sec.android.app.shealth,0b8900fa-8284-4956-9498-7416e835f5d2,2026-01-25 00:00:00.000,
c2079dea-2354-4488-86e6-c35cd29b7d6c.binning_data.json,2026-01-26 03:00:02.980,2026-01-26 03:00:02.980,com.sec.android.app.shealth,0,2553,1.2104136,1897.24,81.48999,g1bnYRM2yN,com.sec.android.app.shealth,c2079dea-2354-4488-86e6-c35cd29b7d6c,2026-01-25 00:00:00.000,
67759adb-960b-4534-8810-9553554aaef5.binning_data.json,2026-01-27 03:00:05.696,2026-01-26 03:00:05.262,com.sec.android.app.shealth,25,3639,1.2687484,2706.663,129.88739,yeLoKu9/uD,com.sec.android.app.shealth,67759adb-960b-4534-8810-9553554aaef5,2026-01-25 00:00:00.000,
b3ca37f2-dd1d-46cb-9d86-039dc91718d2.binning_data.json,2026-01-27 05:38:27.224,2026-01-26 08:35:00.935,com.sec.android.app.shealth,-2,11312,1.5695516,8411.295,515.75916,VfS0qUERdZ,com.sec.android.app.shealth,b3ca37f2-dd1d-46cb-9d86-039dc91718d2,2026-01-26 00:00:00.000,
8823f2b2-2d3b-4b33-8436-9e32520b14be.binning_data.json,2026-01-27 03:00:03.171,2026-01-27 03:00:03.171,com.sec.android.app.shealth,0,4355,1.1835496,3218.71,135.82997,g1bnYRM2yN,com.sec.android.app.shealth,8823f2b2-2d3b-4b33-8436-9e32520b14be,2026-01-26 00:00:00.000,
a11a54d4-f92b-4659-96db-85f4b651c7e8.binning_data.json,2026-01-28 03:00:07.484,2026-01-27 03:00:05.713,com.sec.android.app.shealth,25,10699,1.622644,7950.955,507.99042,yeLoKu9/uD,com.sec.android.app.shealth,a11a54d4-f92b-4659-96db-85f4b651c7e8,2026-01-26 00:00:00.000,
45150e3c-3abc-498f-8a1f-be77e27a7ec4.binning_data.json,2026-01-28 11:00:29.013,2026-01-27 09:41:44.856,com.sec.android.app.shealth,-2,7789,1.4209571,5799.627,278.46725,VfS0qUERdZ,com.sec.android.app.shealth,45150e3c-3abc-498f-8a1f-be77e27a7ec4,2026-01-27 00:00:00.000,
ba435138-d397-4192-a090-fe7f45cfa53c.binning_data.json,2026-01-28 03:00:05.318,2026-01-28 03:00:05.318,com.sec.android.app.shealth,0,3025,1.2022672,2248.0999,95.33999,g1bnYRM2yN,com.sec.android.app.shealth,ba435138-d397-4192-a090-fe7f45cfa53c,2026-01-27 00:00:00.000,
5ca4db87-a032-4057-aa98-79222fd1d9de.binning_data.json,2026-01-29 03:00:04.397,2026-01-28 03:00:07.477,com.sec.android.app.shealth,25,7432,1.4475008,5524.628,270.1391,yeLoKu9/uD,com.sec.android.app.shealth,5ca4db87-a032-4057-aa98-79222fd1d9de,2026-01-27 00:00:00.000,
1a805a55-1beb-4a88-80ce-285bdb2f1afe.binning_data.json,2026-01-29 03:03:41.392,2026-01-28 11:14:05.490,com.sec.android.app.shealth,-2,11912,1.4091915,8878.738,728.35486,VfS0qUERdZ,com.sec.android.app.shealth,1a805a55-1beb-4a88-80ce-285bdb2f1afe,2026-01-28 00:00:00.000,
2e53eba6-b567-4058-980a-c63dfe110990.binning_data.json,2026-01-29 03:00:02.058,2026-01-29 03:00:02.058,com.sec.android.app.shealth,0,3968,1.2621272,2976.7297,123.03997,g1bnYRM2yN,com.sec.android.app.shealth,2e53eba6-b567-4058-980a-c63dfe110990,2026-01-28 00:00:00.000,
92993a60-e2eb-4d51-9691-83173243d4eb.binning_data.json,2026-01-30 03:57:03.374,2026-01-29 03:00:04.381,com.sec.android.app.shealth,25,11536,1.5407683,8576.943,760.0644,yeLoKu9/uD,com.sec.android.app.shealth,92993a60-e2eb-4d51-9691-83173243d4eb,2026-01-28 00:00:00.000,
49c1e236-bce5-415e-9f49-e629e2e451c9.binning_data.json,2026-01-30 10:35:46.850,2026-01-29 03:02:46.890,com.sec.android.app.shealth,-2,11082,1.3466672,8299.565,598.72095,VfS0qUERdZ,com.sec.android.app.shealth,49c1e236-bce5-415e-9f49-e629e2e451c9,2026-01-29 00:00:00.000,
b2b984bf-a6fc-4705-874a-93cf74ab4ea8.binning_data.json,2026-01-30 03:57:00.726,2026-01-30 03:57:00.726,com.sec.android.app.shealth,0,5808,1.2749866,4361.32,179.15996,g1bnYRM2yN,com.sec.android.app.shealth,b2b984bf-a6fc-4705-874a-93cf74ab4ea8,2026-01-29 00:00:00.000,
07f70c24-b518-4e63-8ceb-119ccf08ad12.binning_data.json,2026-01-31 04:43:17.148,2026-01-30 03:57:03.366,com.sec.android.app.shealth,25,8448,1.3961254,6282.5645,531.0332,yeLoKu9/uD,com.sec.android.app.shealth,07f70c24-b518-4e63-8ceb-119ccf08ad12,2026-01-29 00:00:00.000,
6462e28c-830c-479f-95a3-51802514a347.binning_data.json,2026-01-31 11:09:02.332,2026-01-30 10:35:18.191,com.sec.android.app.shealth,-2,7520,1.5000966,5600.709,266.4186,VfS0qUERdZ,com.sec.android.app.shealth,6462e28c-830c-479f-95a3-51802514a347,2026-01-30 00:00:00.000,
ab235718-843e-4309-a576-e692fbb42b84.binning_data.json,2026-01-31 04:43:09.076,2026-01-31 04:43:09.076,com.sec.android.app.shealth,0,3634,1.189866,2696.5598,113.68997,g1bnYRM2yN,com.sec.android.app.shealth,ab235718-843e-4309-a576-e692fbb42b84,2026-01-30 00:00:00.000,
15d307f0-5b4b-4671-abec-d17b91a83f14.binning_data.json,2026-02-01 03:13:43.436,2026-01-31 04:43:17.141,com.sec.android.app.shealth,25,7063,1.5532541,5255.1763,256.08936,yeLoKu9/uD,com.sec.android.app.shealth,15d307f0-5b4b-4671-abec-d17b91a83f14,2026-01-30 00:00:00.000,
7e08dd95-5917-4ec0-b3f3-ab6137c2c252.binning_data.json,2026-02-01 03:00:40.884,2026-01-31 10:48:34.219,com.sec.android.app.shealth,-2,13380,1.5394841,10155.839,455.5276,VfS0qUERdZ,com.sec.android.app.shealth,7e08dd95-5917-4ec0-b3f3-ab6137c2c252,2026-01-31 00:00:00.000,
c8bbc61a-264d-4350-8d34-a5c24338e6e4.binning_data.json,2026-02-02 04:36:47.357,2026-02-01 03:13:16.034,com.sec.android.app.shealth,-2,7785,1.4982255,5822.4062,272.938,VfS0qUERdZ,com.sec.android.app.shealth,c8bbc61a-264d-4350-8d34-a5c24338e6e4,2026-02-01 00:00:00.000,
86c79aa9-cb2b-4505-a50c-904c53f83b97.binning_data.json,2026-02-01 03:13:40.121,2026-02-01 03:13:40.121,com.sec.android.app.shealth,0,9310,1.3354706,7063.91,287.27997,g1bnYRM2yN,com.sec.android.app.shealth,86c79aa9-cb2b-4505-a50c-904c53f83b97,2026-01-31 00:00:00.000,
53293040-f733-4b8a-9f15-214d85c21237.binning_data.json,2026-02-02 03:00:03.761,2026-02-01 03:13:40.209,com.sec.android.app.shealth,0,3366,1.2884711,2530.9497,103.699974,g1bnYRM2yN,com.sec.android.app.shealth,53293040-f733-4b8a-9f15-214d85c21237,2026-02-01 00:00:00.000,
9e9b170b-8e96-41dd-ba38-e8fb8b29be1f.binning_data.json,2026-02-01 03:13:43.430,2026-02-01 03:13:43.430,com.sec.android.app.shealth,25,12321,1.9462178,9309.408,444.8134,yeLoKu9/uD,com.sec.android.app.shealth,9e9b170b-8e96-41dd-ba38-e8fb8b29be1f,2026-01-31 00:00:00.000,
314959ea-34b9-4ec3-b562-47742e60de09.binning_data.json,2026-02-03 03:00:05.203,2026-02-02 03:00:06.864,com.sec.android.app.shealth,25,7277,1.6413435,5443.789,265.24396,yeLoKu9/uD,com.sec.android.app.shealth,314959ea-34b9-4ec3-b562-47742e60de09,2026-02-01 00:00:00.000,
32cb6c75-4a90-473c-94fa-323a76baf0fb.binning_data.json,2026-02-03 10:17:47.443,2026-02-02 04:36:41.227,com.sec.android.app.shealth,-2,13019,1.4902936,9748.211,456.02267,VfS0qUERdZ,com.sec.android.app.shealth,32cb6c75-4a90-473c-94fa-323a76baf0fb,2026-02-02 00:00:00.000,
6199581b-c0dc-4703-b8c1-8c119e19f4c3.binning_data.json,2026-02-03 03:00:02.745,2026-02-03 03:00:02.745,com.sec.android.app.shealth,0,5984,1.2306046,4460.38,185.66995,g1bnYRM2yN,com.sec.android.app.shealth,6199581b-c0dc-4703-b8c1-8c119e19f4c3,2026-02-02 00:00:00.000,
a67dc9bf-45c6-4377-82fb-0d7ecd40b616.binning_data.json,2026-02-04 03:00:07.501,2026-02-03 03:00:05.222,com.sec.android.app.shealth,25,12372,1.657625,9255.072,447.52985,yeLoKu9/uD,com.sec.android.app.shealth,a67dc9bf-45c6-4377-82fb-0d7ecd40b616,2026-02-02 00:00:00.000,
e2d1fa52-089c-40db-bc1e-c6226567eaf8.binning_data.json,2026-02-04 12:17:10.002,2026-02-03 09:56:11.243,com.sec.android.app.shealth,-2,5485,1.4512395,4075.7478,190.72707,VfS0qUERdZ,com.sec.android.app.shealth,e2d1fa52-089c-40db-bc1e-c6226567eaf8,2026-02-03 00:00:00.000,
54286856-fadd-478c-9399-a704e6e18a42.binning_data.json,2026-02-04 03:00:02.973,2026-02-04 03:00:02.973,com.sec.android.app.shealth,0,1902,1.1476706,1401.74,60.639988,g1bnYRM2yN,com.sec.android.app.shealth,54286856-fadd-478c-9399-a704e6e18a42,2026-02-03 00:00:00.000,
45558fba-890a-4036-8923-a3940688fefc.binning_data.json,2026-02-05 03:00:04.689,2026-02-04 03:00:07.431,com.sec.android.app.shealth,25,4758,1.5050257,3536.8105,169.9768,yeLoKu9/uD,com.sec.android.app.shealth,45558fba-890a-4036-8923-a3940688fefc,2026-02-03 00:00:00.000,
205ee929-3511-49e6-bd82-8d704db12735.binning_data.json,2026-02-05 11:53:38.209,2026-02-04 09:55:30.693,com.sec.android.app.shealth,-2,7705,1.4371606,5744.6885,264.0255,VfS0qUERdZ,com.sec.android.app.shealth,205ee929-3511-49e6-bd82-8d704db12735,2026-02-04 00:00:00.000,
c8cc885d-5dde-4321-979a-57dbe5789ea1.binning_data.json,2026-02-05 03:00:02.336,2026-02-05 03:00:02.336,com.sec.android.app.shealth,0,5241,1.2355921,3904.65,162.06999,g1bnYRM2yN,com.sec.android.app.shealth,c8cc885d-5dde-4321-979a-57dbe5789ea1,2026-02-04 00:00:00.000,
d5c6d8c5-f086-4195-b7f8-c328d484c072.binning_data.json,2026-02-06 03:00:05.405,2026-02-05 03:00:04.683,com.sec.android.app.shealth,25,6773,1.6797266,5039.1797,242.05753,yeLoKu9/uD,com.sec.android.app.shealth,d5c6d8c5-f086-4195-b7f8-c328d484c072,2026-02-04 00:00:00.000,
620a39f6-2df5-4a09-a5f2-709986f41638.binning_data.json,2026-02-06 12:33:57.213,2026-02-05 11:17:28.818,com.sec.android.app.shealth,-2,8549,1.547162,6388.816,295.99106,VfS0qUERdZ,com.sec.android.app.shealth,620a39f6-2df5-4a09-a5f2-709986f41638,2026-02-05 00:00:00.000,
aefaef06-bb20-469d-8189-83f0cf79656b.binning_data.json,2026-02-06 03:00:03.124,2026-02-06 03:00:03.124,com.sec.android.app.shealth,0,5349,1.2137359,3972.71,165.16998,g1bnYRM2yN,com.sec.android.app.shealth,aefaef06-bb20-469d-8189-83f0cf79656b,2026-02-05 00:00:00.000,
32e4ef2b-15e7-4b8a-bb8f-036be99f3be5.binning_data.json,2026-02-07 04:32:22.971,2026-02-06 03:00:05.425,com.sec.android.app.shealth,25,7603,1.7975168,5662.178,275.01825,yeLoKu9/uD,com.sec.android.app.shealth,32e4ef2b-15e7-4b8a-bb8f-036be99f3be5,2026-02-05 00:00:00.000,
30106c92-cb71-4103-808f-28eb2079d554.binning_data.json,2026-02-07 10:18:40.588,2026-02-06 03:02:01.281,com.sec.android.app.shealth,-2,8842,1.5246334,6608.399,469.95557,VfS0qUERdZ,com.sec.android.app.shealth,30106c92-cb71-4103-808f-28eb2079d554,2026-02-06 00:00:00.000,
36d8f1e3-cdbe-47c4-b7d3-5e021b88a056.binning_data.json,2026-02-07 04:32:18.295,2026-02-07 04:32:18.295,com.sec.android.app.shealth,0,3560,1.2055286,2651.78,112.139984,g1bnYRM2yN,com.sec.android.app.shealth,36d8f1e3-cdbe-47c4-b7d3-5e021b88a056,2026-02-06 00:00:00.000,
d814df17-e1ce-4d82-aef3-146fc96b821e.binning_data.json,2026-02-08 03:00:06.224,2026-02-07 04:32:22.998,com.sec.android.app.shealth,25,8227,1.5868236,6135.718,479.19083,yeLoKu9/uD,com.sec.android.app.shealth,d814df17-e1ce-4d82-aef3-146fc96b821e,2026-02-06 00:00:00.000,
193595fd-d6fd-4603-985b-ab5e18463981.binning_data.json,2026-02-08 03:20:37.525,2026-02-07 10:07:20.289,com.sec.android.app.shealth,-2,7829,1.3850849,5917.5547,266.39407,VfS0qUERdZ,com.sec.android.app.shealth,193595fd-d6fd-4603-985b-ab5e18463981,2026-02-07 00:00:00.000,
e9c0f7a3-1b86-497b-b581-f5241c339bd0.binning_data.json,2026-02-08 03:00:02.912,2026-02-08 03:00:02.912,com.sec.android.app.shealth,0,5445,1.2952121,4112.39,170.29,g1bnYRM2yN,com.sec.android.app.shealth,e9c0f7a3-1b86-497b-b581-f5241c339bd0,2026-02-07 00:00:00.000,
bf7bf05a-849e-4c92-95d1-8bfdf53fb00a.binning_data.json,2026-02-09 03:00:04.614,2026-02-08 03:00:06.218,com.sec.android.app.shealth,25,6654,1.6047633,5028.258,239.08658,yeLoKu9/uD,com.sec.android.app.shealth,bf7bf05a-849e-4c92-95d1-8bfdf53fb00a,2026-02-07 00:00:00.000,
1eb8c105-d2f0-4955-98ff-a986e20e9954.binning_data.json,2026-02-09 02:43:18.369,2026-02-08 03:00:45.303,com.sec.android.app.shealth,-2,7431,1.4119014,5565.8364,255.32674,VfS0qUERdZ,com.sec.android.app.shealth,1eb8c105-d2f0-4955-98ff-a986e20e9954,2026-02-08 00:00:00.000,
07d03fff-a6c2-4390-ad31-11af7aa85e36.binning_data.json,2026-02-09 03:00:02.399,2026-02-09 03:00:02.399,com.sec.android.app.shealth,0,4911,1.2680453,3673.6199,153.7,g1bnYRM2yN,com.sec.android.app.shealth,07d03fff-a6c2-4390-ad31-11af7aa85e36,2026-02-08 00:00:00.000,
61c69d86-e072-4825-b3e2-5d22d3857975.binning_data.json,2026-02-09 03:00:04.637,2026-02-09 03:00:04.637,com.sec.android.app.shealth,25,5539,1.6083368,4154.8706,201.76968,yeLoKu9/uD,com.sec.android.app.shealth,61c69d86-e072-4825-b3e2-5d22d3857975,2026-02-08 00:00:00.000,
25536f8b-3cad-4490-9298-ddd54e41d875.binning_data.json,2026-02-10 03:03:06.214,2026-02-09 11:44:36.704,com.sec.android.app.shealth,-2,9479,1.3116572,7079.672,328.49344,VfS0qUERdZ,com.sec.android.app.shealth,25536f8b-3cad-4490-9298-ddd54e41d875,2026-02-09 00:00:00.000,
614cdaba-9ccc-4a13-8071-26daa3cb2f9b.binning_data.json,2026-02-10 03:00:03.331,2026-02-10 03:00:03.331,com.sec.android.app.shealth,0,5476,1.2341985,4079.43,170.45,g1bnYRM2yN,com.sec.android.app.shealth,614cdaba-9ccc-4a13-8071-26daa3cb2f9b,2026-02-09 00:00:00.000,
fc856339-1b39-45cd-bbf0-5d7f5f856a2b.binning_data.json,2026-02-11 03:00:22.372,2026-02-10 03:00:05.686,com.sec.android.app.shealth,25,8804,1.4421777,6561.9077,320.09744,yeLoKu9/uD,com.sec.android.app.shealth,fc856339-1b39-45cd-bbf0-5d7f5f856a2b,2026-02-09 00:00:00.000,
8cc7168f-4815-4622-a754-14c00f3491b9.binning_data.json,2026-02-11 15:12:24.608,2026-02-10 03:02:38.607,com.sec.android.app.shealth,-2,9333,1.4440117,6974.225,326.86685,VfS0qUERdZ,com.sec.android.app.shealth,8cc7168f-4815-4622-a754-14c00f3491b9,2026-02-10 00:00:00.000,
55598052-e5a5-4ae3-8170-53c484837475.binning_data.json,2026-02-11 03:00:10.102,2026-02-11 03:00:10.102,com.sec.android.app.shealth,0,4850,1.2381151,3616.93,149.47998,g1bnYRM2yN,com.sec.android.app.shealth,55598052-e5a5-4ae3-8170-53c484837475,2026-02-10 00:00:00.000,
0c4eb27d-385c-4a7f-ae11-54cc75d6048f.binning_data.json,2026-02-12 03:00:07.385,2026-02-11 03:00:22.391,com.sec.android.app.shealth,25,8736,1.6809844,6527.823,322.80524,yeLoKu9/uD,com.sec.android.app.shealth,0c4eb27d-385c-4a7f-ae11-54cc75d6048f,2026-02-10 00:00:00.000,
b5b4c2e3-a482-4417-be36-f474b1f01412.binning_data.json,2026-02-12 11:34:16.896,2026-02-11 12:43:26.112,com.sec.android.app.shealth,-2,5102,1.2956328,3796.2664,173.73807,VfS0qUERdZ,com.sec.android.app.shealth,b5b4c2e3-a482-4417-be36-f474b1f01412,2026-02-11 00:00:00.000,
ec1c5c56-3fe9-4038-98f3-dcd0a7e4293d.binning_data.json,2026-02-12 03:00:03.153,2026-02-12 03:00:03.153,com.sec.android.app.shealth,0,2626,1.1655599,1937.5299,81.799995,g1bnYRM2yN,com.sec.android.app.shealth,ec1c5c56-3fe9-4038-98f3-dcd0a7e4293d,2026-02-11 00:00:00.000,
9e0107a3-fff0-4b48-95de-4e033d8727aa.binning_data.json,2026-02-13 03:26:37.795,2026-02-12 03:00:07.382,com.sec.android.app.shealth,25,3462,1.4077575,2580.889,125.25501,yeLoKu9/uD,com.sec.android.app.shealth,9e0107a3-fff0-4b48-95de-4e033d8727aa,2026-02-11 00:00:00.000,
cd38eb4a-78c3-4c33-b9de-b9bb3ac02b4b.binning_data.json,2026-02-13 10:53:32.343,2026-02-12 11:11:37.294,com.sec.android.app.shealth,-2,6016,1.4013696,4494.175,214.60558,VfS0qUERdZ,com.sec.android.app.shealth,cd38eb4a-78c3-4c33-b9de-b9bb3ac02b4b,2026-02-12 00:00:00.000,
13ff10d2-4084-40ef-b910-39648ac22f20.binning_data.json,2026-02-13 03:26:28.916,2026-02-13 03:26:28.916,com.sec.android.app.shealth,0,1710,1.2305379,1271.6799,52.769985,g1bnYRM2yN,com.sec.android.app.shealth,13ff10d2-4084-40ef-b910-39648ac22f20,2026-02-12 00:00:00.000,
fe6e6cd8-5d5d-4a7f-8f20-09da1f811c45.binning_data.json,2026-02-14 03:01:51.016,2026-02-13 03:26:37.789,com.sec.android.app.shealth,25,5664,1.459359,4232.141,206.87956,yeLoKu9/uD,com.sec.android.app.shealth,fe6e6cd8-5d5d-4a7f-8f20-09da1f811c45,2026-02-12 00:00:00.000,
d40fa3cb-56ef-43b7-83ac-c0a49c1562e1.binning_data.json,2026-02-14 10:10:38.371,2026-02-13 10:35:51.877,com.sec.android.app.shealth,-2,15136,1.5993406,11371.857,661.98944,VfS0qUERdZ,com.sec.android.app.shealth,d40fa3cb-56ef-43b7-83ac-c0a49c1562e1,2026-02-13 00:00:00.000,
1673cfe8-99d0-44dd-b9fd-b61b06b810e2.binning_data.json,2026-02-15 09:04:38.666,2026-02-14 03:01:46.969,com.sec.android.app.shealth,-2,6952,1.3907896,5198.9497,241.61327,VfS0qUERdZ,com.sec.android.app.shealth,1673cfe8-99d0-44dd-b9fd-b61b06b810e2,2026-02-14 00:00:00.000,
ef9b6d07-99d6-424a-8639-ac786732ec2d.binning_data.json,2026-02-15 03:00:01.852,2026-02-14 03:01:48.322,com.sec.android.app.shealth,0,3708,1.2722061,2775.76,115.119995,g1bnYRM2yN,com.sec.android.app.shealth,ef9b6d07-99d6-424a-8639-ac786732ec2d,2026-02-14 00:00:00.000,
60285ff9-b6fc-4f78-92d3-8615544db06f.binning_data.json,2026-02-14 03:01:48.362,2026-02-14 03:01:48.362,com.sec.android.app.shealth,0,10267,1.3074301,7763.3394,311.95993,g1bnYRM2yN,com.sec.android.app.shealth,60285ff9-b6fc-4f78-92d3-8615544db06f,2026-02-13 00:00:00.000,
0ea072f7-c22a-4850-8bf0-119de1ae57e2.binning_data.json,2026-02-15 03:00:02.561,2026-02-14 03:01:51.035,com.sec.android.app.shealth,25,14519,2.199639,10851.553,706.9708,yeLoKu9/uD,com.sec.android.app.shealth,0ea072f7-c22a-4850-8bf0-119de1ae57e2,2026-02-13 00:00:00.000,
56e58fbf-8771-492c-847c-31ad9ebc6d7c.binning_data.json,2026-02-16 03:00:04.890,2026-02-15 03:00:02.549,com.sec.android.app.shealth,25,6449,1.4883368,4812.289,236.53778,yeLoKu9/uD,com.sec.android.app.shealth,56e58fbf-8771-492c-847c-31ad9ebc6d7c,2026-02-14 00:00:00.000,
627e10c5-f56e-4339-b81e-da15255cb1db.binning_data.json,2026-02-16 03:04:18.724,2026-02-15 09:06:34.679,com.sec.android.app.shealth,-2,12380,1.5652577,9336.642,426.48743,VfS0qUERdZ,com.sec.android.app.shealth,627e10c5-f56e-4339-b81e-da15255cb1db,2026-02-15 00:00:00.000,
032e1052-c0b4-4bc7-8907-d3fa9ac52c73.binning_data.json,2026-02-16 03:00:02.649,2026-02-16 03:00:02.649,com.sec.android.app.shealth,0,7685,1.3312311,5845.53,241.14,g1bnYRM2yN,com.sec.android.app.shealth,032e1052-c0b4-4bc7-8907-d3fa9ac52c73,2026-02-15 00:00:00.000,
c8e6045e-5af2-4425-9332-861ff95b873a.binning_data.json,2026-02-17 03:00:05.222,2026-02-16 03:00:04.884,com.sec.android.app.shealth,25,10650,1.8267075,7976.623,382.12793,yeLoKu9/uD,com.sec.android.app.shealth,c8e6045e-5af2-4425-9332-861ff95b873a,2026-02-15 00:00:00.000,
351c8c7d-92a5-4b52-8d58-a8f1cff1cc6b.binning_data.json,2026-02-17 11:24:14.943,2026-02-16 03:05:26.811,com.sec.android.app.shealth,-2,7564,1.3822343,5634.413,261.22003,VfS0qUERdZ,com.sec.android.app.shealth,351c8c7d-92a5-4b52-8d58-a8f1cff1cc6b,2026-02-16 00:00:00.000,
968847d2-d71e-457e-90e2-6ad89ad8cadf.binning_data.json,2026-02-17 03:00:03.282,2026-02-17 03:00:03.282,com.sec.android.app.shealth,0,3110,1.2603048,2325.32,96.42999,g1bnYRM2yN,com.sec.android.app.shealth,968847d2-d71e-457e-90e2-6ad89ad8cadf,2026-02-16 00:00:00.000,
891920bc-99c6-4643-af42-7994d16f9d3d.binning_data.json,2026-02-18 03:00:05.205,2026-02-17 03:00:05.216,com.sec.android.app.shealth,25,7129,1.5474926,5313.0586,256.26898,yeLoKu9/uD,com.sec.android.app.shealth,891920bc-99c6-4643-af42-7994d16f9d3d,2026-02-16 00:00:00.000,
318bf63d-c0b7-4de9-9af8-856f9418b4c2.binning_data.json,2026-02-18 09:02:59.185,2026-02-17 13:08:40.942,com.sec.android.app.shealth,-2,3615,1.2007134,2709.8174,129.95335,VfS0qUERdZ,com.sec.android.app.shealth,318bf63d-c0b7-4de9-9af8-856f9418b4c2,2026-02-17 00:00:00.000,
3c521948-a844-4a60-bec7-7ebbd76c9806.binning_data.json,2026-02-18 03:00:02.695,2026-02-18 03:00:02.695,com.sec.android.app.shealth,0,1097,1.2274312,822.26,35.459995,g1bnYRM2yN,com.sec.android.app.shealth,3c521948-a844-4a60-bec7-7ebbd76c9806,2026-02-17 00:00:00.000,
90253763-853a-464a-b2a9-72b497e77ecd.binning_data.json,2026-02-19 03:00:05.370,2026-02-18 03:00:05.189,com.sec.android.app.shealth,25,3303,1.1969951,2473.79,122.02399,yeLoKu9/uD,com.sec.android.app.shealth,90253763-853a-464a-b2a9-72b497e77ecd,2026-02-17 00:00:00.000,
ece9cc22-7efd-4327-a6a9-31dace64d9c1.binning_data.json,2026-02-19 11:41:28.710,2026-02-18 08:41:28.005,com.sec.android.app.shealth,-2,8064,1.4787686,5948.256,281.54535,VfS0qUERdZ,com.sec.android.app.shealth,ece9cc22-7efd-4327-a6a9-31dace64d9c1,2026-02-18 00:00:00.000,
7b8376a4-d78b-4f62-8f7f-407bf5c1c522.binning_data.json,2026-02-19 03:00:03.143,2026-02-19 03:00:03.143,com.sec.android.app.shealth,0,4479,1.1802416,3314.7,141.37997,g1bnYRM2yN,com.sec.android.app.shealth,7b8376a4-d78b-4f62-8f7f-407bf5c1c522,2026-02-18 00:00:00.000,
a2beb77a-cceb-4ea6-8e1d-25b8096053eb.binning_data.json,2026-02-20 03:00:04.800,2026-02-19 03:00:05.393,com.sec.android.app.shealth,25,7362,1.5405724,5417.6797,266.30597,yeLoKu9/uD,com.sec.android.app.shealth,a2beb77a-cceb-4ea6-8e1d-25b8096053eb,2026-02-18 00:00:00.000,
d25f9071-93ba-4260-915b-010558168537.binning_data.json,2026-02-20 11:08:14.390,2026-02-19 11:20:43.018,com.sec.android.app.shealth,-2,8011,1.4529186,5939.4473,275.71774,VfS0qUERdZ,com.sec.android.app.shealth,d25f9071-93ba-4260-915b-010558168537,2026-02-19 00:00:00.000,
26fd0b68-8e34-4921-bdd7-6d0fd2876201.binning_data.json,2026-02-20 03:00:02.565,2026-02-20 03:00:02.565,com.sec.android.app.shealth,0,4729,1.2065214,3507.4,145.29999,g1bnYRM2yN,com.sec.android.app.shealth,26fd0b68-8e34-4921-bdd7-6d0fd2876201,2026-02-19 00:00:00.000,
6028a862-150d-4312-a414-8e3e73185a9d.binning_data.json,2026-02-21 03:00:05.994,2026-02-20 03:00:04.793,com.sec.android.app.shealth,25,6736,1.794664,4995.1484,244.20947,yeLoKu9/uD,com.sec.android.app.shealth,6028a862-150d-4312-a414-8e3e73185a9d,2026-02-19 00:00:00.000,
9054da9f-f040-4d03-98af-a1f5b9050ea8.binning_data.json,2026-02-21 02:55:05.959,2026-02-20 03:00:37.847,com.sec.android.app.shealth,-2,8667,1.4964166,6500.6304,311.7407,VfS0qUERdZ,com.sec.android.app.shealth,9054da9f-f040-4d03-98af-a1f5b9050ea8,2026-02-20 00:00:00.000,
a188fa2b-c42d-4931-9935-34b99db3634f.binning_data.json,2026-02-21 03:00:03.554,2026-02-21 03:00:03.554,com.sec.android.app.shealth,0,3403,1.2240386,2530.6,104.70999,g1bnYRM2yN,com.sec.android.app.shealth,a188fa2b-c42d-4931-9935-34b99db3634f,2026-02-20 00:00:00.000,
d9e1123c-e311-45ca-b1d6-1779ea213df6.binning_data.json,2026-02-21 03:00:06.015,2026-02-21 03:00:06.015,com.sec.android.app.shealth,25,8313,1.6120272,6233.172,306.9662,yeLoKu9/uD,com.sec.android.app.shealth,d9e1123c-e311-45ca-b1d6-1779ea213df6,2026-02-20 00:00:00.000,
c3860ba5-10a0-4268-81ee-e550b208690f.binning_data.json,2026-02-22 09:18:56.100,2026-02-21 03:11:09.225,com.sec.android.app.shealth,-2,7245,1.5111933,5451.6616,253.37698,VfS0qUERdZ,com.sec.android.app.shealth,c3860ba5-10a0-4268-81ee-e550b208690f,2026-02-21 00:00:00.000,
887cf14e-81b3-4ba7-8a5d-5187e65e1c25.binning_data.json,2026-02-22 03:03:35.884,2026-02-22 03:03:35.884,com.sec.android.app.shealth,0,3318,1.314561,2503.0,103.03999,g1bnYRM2yN,com.sec.android.app.shealth,887cf14e-81b3-4ba7-8a5d-5187e65e1c25,2026-02-21 00:00:00.000,
f60305af-617d-47c1-b66e-d8684a31cc75.binning_data.json,2026-02-23 03:00:04.876,2026-02-22 03:03:52.079,com.sec.android.app.shealth,25,6823,1.5783378,5129.5977,244.91748,yeLoKu9/uD,com.sec.android.app.shealth,f60305af-617d-47c1-b66e-d8684a31cc75,2026-02-21 00:00:00.000,
bb355a81-a108-4503-a0aa-51698423d4e2.binning_data.json,2026-02-23 10:11:12.822,2026-02-22 03:19:06.019,com.sec.android.app.shealth,-2,7439,1.4028684,5592.2456,263.58432,VfS0qUERdZ,com.sec.android.app.shealth,bb355a81-a108-4503-a0aa-51698423d4e2,2026-02-22 00:00:00.000,
6b5d88c4-46f8-4e7b-9bdb-84dfeee913bf.binning_data.json,2026-02-23 03:00:02.567,2026-02-23 03:00:02.567,com.sec.android.app.shealth,0,4109,1.2341995,3077.8,130.26999,g1bnYRM2yN,com.sec.android.app.shealth,6b5d88c4-46f8-4e7b-9bdb-84dfeee913bf,2026-02-22 00:00:00.000,
d9164073-9f68-4eb8-bed0-bee8941dd7fa.binning_data.json,2026-02-24 03:00:06.578,2026-02-23 03:00:04.870,com.sec.android.app.shealth,25,6434,1.4874597,4809.453,236.16187,yeLoKu9/uD,com.sec.android.app.shealth,d9164073-9f68-4eb8-bed0-bee8941dd7fa,2026-02-22 00:00:00.000,
8161cfdd-53fb-4dbf-b4fc-80d10e083cfd.binning_data.json,2026-02-24 09:07:16.265,2026-02-23 10:00:23.153,com.sec.android.app.shealth,-2,14084,1.4626398,10549.143,604.6522,VfS0qUERdZ,com.sec.android.app.shealth,8161cfdd-53fb-4dbf-b4fc-80d10e083cfd,2026-02-23 00:00:00.000,
5aeccd6c-0ec8-4e59-9e68-59a87c8aa0db.binning_data.json,2026-02-24 03:00:04.223,2026-02-24 03:00:04.223,com.sec.android.app.shealth,0,6525,1.3154514,4920.8394,199.13997,g1bnYRM2yN,com.sec.android.app.shealth,5aeccd6c-0ec8-4e59-9e68-59a87c8aa0db,2026-02-23 00:00:00.000,
139345dd-47ca-48ed-8627-5233f9e1558c.binning_data.json,2026-02-25 03:00:05.181,2026-02-24 03:00:06.597,com.sec.android.app.shealth,25,13717,1.7683864,10256.641,638.1204,yeLoKu9/uD,com.sec.android.app.shealth,139345dd-47ca-48ed-8627-5233f9e1558c,2026-02-23 00:00:00.000,
38e5f932-1bc9-40d7-a12d-040219753c04.binning_data.json,2026-02-25 12:25:51.300,2026-02-24 03:02:18.264,com.sec.android.app.shealth,-2,9250,1.5117053,6899.586,319.12915,VfS0qUERdZ,com.sec.android.app.shealth,38e5f932-1bc9-40d7-a12d-040219753c04,2026-02-24 00:00:00.000,
26c3568e-b73c-458f-9be4-0e46d6d090e4.binning_data.json,2026-02-25 03:00:02.672,2026-02-25 03:00:02.672,com.sec.android.app.shealth,0,5783,1.2050755,4289.53,178.51999,g1bnYRM2yN,com.sec.android.app.shealth,26c3568e-b73c-458f-9be4-0e46d6d090e4,2026-02-24 00:00:00.000,
8798c69a-3d57-4d9e-b207-2fd41a43b867.binning_data.json,2026-02-26 03:00:10.528,2026-02-25 03:00:05.174,com.sec.android.app.shealth,25,8424,1.7776449,6281.0117,302.41333,yeLoKu9/uD,com.sec.android.app.shealth,8798c69a-3d57-4d9e-b207-2fd41a43b867,2026-02-24 00:00:00.000,
873e2f8c-9262-4413-9924-e314fa014500.binning_data.json,2026-02-26 11:11:57.362,2026-02-25 12:14:38.720,com.sec.android.app.shealth,-2,10152,1.6631058,7577.1846,354.0573,VfS0qUERdZ,com.sec.android.app.shealth,873e2f8c-9262-4413-9924-e314fa014500,2026-02-25 00:00:00.000,
063b85a4-b409-4a5c-9d0e-34e83cb4b128.binning_data.json,2026-02-26 03:00:08.065,2026-02-26 03:00:08.065,com.sec.android.app.shealth,0,4969,1.2209061,3700.14,152.70998,g1bnYRM2yN,com.sec.android.app.shealth,063b85a4-b409-4a5c-9d0e-34e83cb4b128,2026-02-25 00:00:00.000,
2f004a92-288a-4c2f-94a3-baf54e0bda24.binning_data.json,2026-02-27 03:00:06.018,2026-02-26 03:00:10.503,com.sec.android.app.shealth,25,9860,1.960103,7350.3867,356.77173,yeLoKu9/uD,com.sec.android.app.shealth,2f004a92-288a-4c2f-94a3-baf54e0bda24,2026-02-25 00:00:00.000,
29d5d24b-224d-4cc3-b785-c3e969027b2f.binning_data.json,2026-02-27 08:07:54.863,2026-02-26 10:47:10.596,com.sec.android.app.shealth,-2,7442,1.4893136,5618.0303,257.8807,VfS0qUERdZ,com.sec.android.app.shealth,29d5d24b-224d-4cc3-b785-c3e969027b2f,2026-02-26 00:00:00.000,
4f872c56-9eaf-43f5-aa64-622b74535858.binning_data.json,2026-02-27 03:00:03.302,2026-02-27 03:00:03.302,com.sec.android.app.shealth,0,3918,1.2618481,2941.18,120.829994,g1bnYRM2yN,com.sec.android.app.shealth,4f872c56-9eaf-43f5-aa64-622b74535858,2026-02-26 00:00:00.000,
6aa1dc07-0a2e-4c45-aa26-f5f72ef690f7.binning_data.json,2026-02-28 03:00:07.150,2026-02-27 03:00:06.012,com.sec.android.app.shealth,25,6867,1.7754563,5178.414,249.34766,yeLoKu9/uD,com.sec.android.app.shealth,6aa1dc07-0a2e-4c45-aa26-f5f72ef690f7,2026-02-26 00:00:00.000,
d8fe0722-1d83-426a-8698-0615d8090daa.binning_data.json,2026-02-28 03:20:07.068,2026-02-27 03:11:48.353,com.sec.android.app.shealth,-2,5768,1.2821219,4295.9277,198.39539,VfS0qUERdZ,com.sec.android.app.shealth,d8fe0722-1d83-426a-8698-0615d8090daa,2026-02-27 00:00:00.000,
ca1a402b-02c3-46cd-be3a-a8769a5b385f.binning_data.json,2026-02-28 03:00:04.085,2026-02-28 03:00:04.085,com.sec.android.app.shealth,0,3335,1.2026095,2470.1802,103.04999,g1bnYRM2yN,com.sec.android.app.shealth,ca1a402b-02c3-46cd-be3a-a8769a5b385f,2026-02-27 00:00:00.000,
7d163638-22b9-4567-aa6f-d64040997312.binning_data.json,2026-03-01 03:01:38.031,2026-02-28 03:00:07.167,com.sec.android.app.shealth,25,5387,1.461284,4018.5312,194.1123,yeLoKu9/uD,com.sec.android.app.shealth,7d163638-22b9-4567-aa6f-d64040997312,2026-02-27 00:00:00.000,
6acb5dc4-eca1-43e0-a330-ef016be36d0c.binning_data.json,2026-03-01 16:29:24.410,2026-02-28 03:11:41.942,com.sec.android.app.shealth,-2,11078,1.3783482,8297.954,367.24136,VfS0qUERdZ,com.sec.android.app.shealth,6acb5dc4-eca1-43e0-a330-ef016be36d0c,2026-02-28 00:00:00.000,
0e691750-3c62-458c-9ff0-410e8d063c4c.binning_data.json,2026-03-02 04:04:59.769,2026-03-01 03:01:25.252,com.sec.android.app.shealth,-2,3124,1.3755512,2329.735,107.79663,VfS0qUERdZ,com.sec.android.app.shealth,0e691750-3c62-458c-9ff0-410e8d063c4c,2026-03-01 00:00:00.000,
3c9f3d0f-ec28-4fbb-8ed0-10cee413e5ba.binning_data.json,2026-03-02 03:00:08.993,2026-03-01 03:01:34.697,com.sec.android.app.shealth,0,1819,1.2431431,1359.4199,56.36999,g1bnYRM2yN,com.sec.android.app.shealth,3c9f3d0f-ec28-4fbb-8ed0-10cee413e5ba,2026-03-01 00:00:00.000,
bf9e1647-1267-4c5e-a868-3b5d59dbb87b.binning_data.json,2026-03-01 03:01:34.702,2026-03-01 03:01:34.702,com.sec.android.app.shealth,0,8566,1.2356104,6410.77,265.12,g1bnYRM2yN,com.sec.android.app.shealth,bf9e1647-1267-4c5e-a868-3b5d59dbb87b,2026-02-28 00:00:00.000,
a6ad4fbb-4bcb-4a79-ad1d-afdeba607db5.binning_data.json,2026-03-02 03:00:22.733,2026-03-01 03:01:38.020,com.sec.android.app.shealth,25,8854,1.8940216,6534.375,317.82007,yeLoKu9/uD,com.sec.android.app.shealth,a6ad4fbb-4bcb-4a79-ad1d-afdeba607db5,2026-02-28 00:00:00.000,
d3ee66dd-099a-4985-a58a-910d6fd014d3.binning_data.json,2026-03-03 03:00:05.095,2026-03-02 03:00:22.711,com.sec.android.app.shealth,25,2729,1.5072358,2034.7683,98.022026,yeLoKu9/uD,com.sec.android.app.shealth,d3ee66dd-099a-4985-a58a-910d6fd014d3,2026-03-01 00:00:00.000,
5bd23806-d57e-449c-9006-be093ba82162.binning_data.json,2026-03-03 04:58:27.231,2026-03-02 12:00:48.015,com.sec.android.app.shealth,-2,8149,1.3776479,6129.172,280.00937,VfS0qUERdZ,com.sec.android.app.shealth,5bd23806-d57e-449c-9006-be093ba82162,2026-03-02 00:00:00.000,
d29655f0-4843-4de5-a91e-3ff5c03e2e8d.binning_data.json,2026-03-03 03:00:02.403,2026-03-03 03:00:02.403,com.sec.android.app.shealth,0,4034,1.2576492,3019.65,124.01999,g1bnYRM2yN,com.sec.android.app.shealth,d29655f0-4843-4de5-a91e-3ff5c03e2e8d,2026-03-02 00:00:00.000,
f6f478af-8c4a-457a-9f5c-8358489cb7a2.binning_data.json,2026-03-04 03:54:08.328,2026-03-03 03:00:05.090,com.sec.android.app.shealth,25,7368,1.608742,5550.1597,263.7824,yeLoKu9/uD,com.sec.android.app.shealth,f6f478af-8c4a-457a-9f5c-8358489cb7a2,2026-03-02 00:00:00.000,
ff1bdee4-ff8a-45fb-ac08-7953f86a6d71.binning_data.json,2026-03-04 10:54:27.762,2026-03-03 03:04:40.819,com.sec.android.app.shealth,-2,7421,1.4122099,5551.8857,255.6972,VfS0qUERdZ,com.sec.android.app.shealth,ff1bdee4-ff8a-45fb-ac08-7953f86a6d71,2026-03-03 00:00:00.000,
5d1a902e-8936-4f5e-b78c-a3c1501f6f16.binning_data.json,2026-03-04 03:54:05.129,2026-03-04 03:54:05.129,com.sec.android.app.shealth,0,3839,1.2394894,2867.56,117.369995,g1bnYRM2yN,com.sec.android.app.shealth,5d1a902e-8936-4f5e-b78c-a3c1501f6f16,2026-03-03 00:00:00.000,
14810f46-23cd-49c6-a015-56151d357e61.binning_data.json,2026-03-05 03:00:06.455,2026-03-04 03:54:08.256,com.sec.android.app.shealth,25,6878,1.6830136,5133.1914,250.02109,yeLoKu9/uD,com.sec.android.app.shealth,14810f46-23cd-49c6-a015-56151d357e61,2026-03-03 00:00:00.000,
3a606e10-1a6a-4bc3-a482-88ab8be24d5a.binning_data.json,2026-03-05 12:24:38.711,2026-03-04 10:42:05.095,com.sec.android.app.shealth,-2,11862,1.608626,8876.586,400.4817,VfS0qUERdZ,com.sec.android.app.shealth,3a606e10-1a6a-4bc3-a482-88ab8be24d5a,2026-03-04 00:00:00.000,
866e174e-14eb-4324-8dab-32cccb07eba3.binning_data.json,2026-03-05 03:00:03.425,2026-03-05 03:00:03.425,com.sec.android.app.shealth,0,8503,1.2791178,6373.2397,258.91998,g1bnYRM2yN,com.sec.android.app.shealth,866e174e-14eb-4324-8dab-32cccb07eba3,2026-03-04 00:00:00.000,
3ea02384-cc49-41ad-9f00-0f13949339d9.binning_data.json,2026-03-06 03:00:39.084,2026-03-05 03:00:06.449,com.sec.android.app.shealth,25,11241,2.2259676,8384.479,401.42157,yeLoKu9/uD,com.sec.android.app.shealth,3ea02384-cc49-41ad-9f00-0f13949339d9,2026-03-04 00:00:00.000,
8d77b256-a742-4d8f-8098-030ae5fc173a.binning_data.json,2026-03-06 13:40:25.608,2026-03-05 12:26:11.563,com.sec.android.app.shealth,-2,7437,1.5693314,5566.304,248.78882,VfS0qUERdZ,com.sec.android.app.shealth,8d77b256-a742-4d8f-8098-030ae5fc173a,2026-03-05 00:00:00.000,
17503759-f398-4a14-9527-5d9ab19b7456.binning_data.json,2026-03-06 03:00:32.662,2026-03-06 03:00:32.662,com.sec.android.app.shealth,0,5394,1.2803347,4044.07,164.59999,g1bnYRM2yN,com.sec.android.app.shealth,17503759-f398-4a14-9527-5d9ab19b7456,2026-03-05 00:00:00.000,
5c71f4a1-5add-4b10-8f6e-964439011684.binning_data.json,2026-03-07 03:52:03.705,2026-03-06 03:00:39.253,com.sec.android.app.shealth,25,7051,2.1071656,5267.914,251.4867,yeLoKu9/uD,com.sec.android.app.shealth,5c71f4a1-5add-4b10-8f6e-964439011684,2026-03-05 00:00:00.000,
94038093-8a9b-47de-a84f-25f83ead593f.binning_data.json,2026-03-07 02:44:58.399,2026-03-06 03:19:53.115,com.sec.android.app.shealth,-2,6183,1.588869,4619.081,209.4529,VfS0qUERdZ,com.sec.android.app.shealth,94038093-8a9b-47de-a84f-25f83ead593f,2026-03-06 00:00:00.000,
2c53b3d2-8b5b-45c4-b49e-acb0eff5db6a.binning_data.json,2026-03-07 03:51:59.315,2026-03-07 03:51:59.315,com.sec.android.app.shealth,0,3967,1.2560596,2964.73,121.229996,g1bnYRM2yN,com.sec.android.app.shealth,2c53b3d2-8b5b-45c4-b49e-acb0eff5db6a,2026-03-06 00:00:00.000,
11582258-21c2-4539-afb6-97bae33c94ab.binning_data.json,2026-03-08 03:57:05.359,2026-03-07 03:52:03.698,com.sec.android.app.shealth,25,5459,2.020385,4074.4429,193.81409,yeLoKu9/uD,com.sec.android.app.shealth,11582258-21c2-4539-afb6-97bae33c94ab,2026-03-06 00:00:00.000,
665cf6c7-f015-427b-8e8f-a07ab3ed9c72.binning_data.json,2026-03-08 02:54:19.741,2026-03-07 10:38:32.395,com.sec.android.app.shealth,-2,6741,1.3142796,5029.6216,234.02171,VfS0qUERdZ,com.sec.android.app.shealth,665cf6c7-f015-427b-8e8f-a07ab3ed9c72,2026-03-07 00:00:00.000,
2a26e061-7d84-4a29-a2d9-dcbc4da05a72.binning_data.json,2026-03-08 03:56:52.298,2026-03-08 03:56:52.298,com.sec.android.app.shealth,0,4231,1.2327609,3155.76,133.37,g1bnYRM2yN,com.sec.android.app.shealth,2a26e061-7d84-4a29-a2d9-dcbc4da05a72,2026-03-07 00:00:00.000,
5699a95b-4e83-4cad-a8eb-0cbe3c948fcf.binning_data.json,2026-03-08 03:57:05.426,2026-03-08 03:57:05.426,com.sec.android.app.shealth,25,5773,1.3605064,4308.2705,208.49869,yeLoKu9/uD,com.sec.android.app.shealth,5699a95b-4e83-4cad-a8eb-0cbe3c948fcf,2026-03-07 00:00:00.000,
5d05e2d1-7b7f-47f5-8936-765eeddcce18.binning_data.json,2026-03-09 11:27:55.721,2026-03-08 09:04:52.541,com.sec.android.app.shealth,-2,7235,1.320495,5398.004,248.48294,VfS0qUERdZ,com.sec.android.app.shealth,5d05e2d1-7b7f-47f5-8936-765eeddcce18,2026-03-08 00:00:00.000,
3ed331d6-13f9-4288-9594-ce52e8c043ff.binning_data.json,2026-03-09 03:00:08.517,2026-03-09 03:00:08.517,com.sec.android.app.shealth,0,4328,1.2335486,3221.77,133.65,g1bnYRM2yN,com.sec.android.app.shealth,3ed331d6-13f9-4288-9594-ce52e8c043ff,2026-03-08 00:00:00.000,
11cf859b-6b2c-4297-a4d5-d6a8d6422e4b.binning_data.json,2026-03-10 03:00:05.104,2026-03-09 03:00:10.893,com.sec.android.app.shealth,25,6673,1.5040122,4963.24,239.36462,yeLoKu9/uD,com.sec.android.app.shealth,11cf859b-6b2c-4297-a4d5-d6a8d6422e4b,2026-03-08 00:00:00.000,
78cf68b7-c999-4ab7-adf2-7cdfc22d5299.binning_data.json,2026-03-10 11:18:21.540,2026-03-09 03:02:08.636,com.sec.android.app.shealth,-2,8045,1.501395,5990.049,284.72235,VfS0qUERdZ,com.sec.android.app.shealth,78cf68b7-c999-4ab7-adf2-7cdfc22d5299,2026-03-09 00:00:00.000,
66146779-26d6-485e-9732-b5ea1ce13025.binning_data.json,2026-03-10 03:00:02.840,2026-03-10 03:00:02.840,com.sec.android.app.shealth,0,2909,1.1900815,2154.43,90.299995,g1bnYRM2yN,com.sec.android.app.shealth,66146779-26d6-485e-9732-b5ea1ce13025,2026-03-09 00:00:00.000,
9e0d491b-43fd-4d00-bf73-4140f21a80bd.binning_data.json,2026-03-11 03:00:05.887,2026-03-10 03:00:05.143,com.sec.android.app.shealth,25,7715,1.5370888,5738.465,276.9129,yeLoKu9/uD,com.sec.android.app.shealth,9e0d491b-43fd-4d00-bf73-4140f21a80bd,2026-03-09 00:00:00.000,
522106ba-2779-4cb6-8929-ca19373ef79c.binning_data.json,2026-03-11 09:46:28.754,2026-03-10 09:45:15.516,com.sec.android.app.shealth,-2,7966,1.479614,5904.842,277.9223,VfS0qUERdZ,com.sec.android.app.shealth,522106ba-2779-4cb6-8929-ca19373ef79c,2026-03-10 00:00:00.000,
984b3003-f5e8-4c22-aca9-8f1446ff47c2.binning_data.json,2026-03-11 03:00:03.273,2026-03-11 03:00:03.273,com.sec.android.app.shealth,0,4095,1.1734982,3025.47,127.07999,g1bnYRM2yN,com.sec.android.app.shealth,984b3003-f5e8-4c22-aca9-8f1446ff47c2,2026-03-10 00:00:00.000,
c2d9a183-f485-4e3b-848f-3dbf00fb310b.binning_data.json,2026-03-12 03:00:07.039,2026-03-11 03:00:05.923,com.sec.android.app.shealth,25,7470,1.6746058,5526.199,268.8598,yeLoKu9/uD,com.sec.android.app.shealth,c2d9a183-f485-4e3b-848f-3dbf00fb310b,2026-03-10 00:00:00.000,
1bfab43f-1e68-4280-a3c1-882942dc8cf2.binning_data.json,2026-03-12 03:11:09.836,2026-03-11 12:58:30.497,com.sec.android.app.shealth,-2,6850,1.4081981,5087.9707,235.7938,VfS0qUERdZ,com.sec.android.app.shealth,1bfab43f-1e68-4280-a3c1-882942dc8cf2,2026-03-11 00:00:00.000,
0b4b9657-5443-4dde-9325-aa9f7a651eaa.binning_data.json,2026-03-12 03:00:04.189,2026-03-12 03:00:04.189,com.sec.android.app.shealth,0,4094,1.1766189,3019.8499,127.12998,g1bnYRM2yN,com.sec.android.app.shealth,0b4b9657-5443-4dde-9325-aa9f7a651eaa,2026-03-11 00:00:00.000,
ca5ba269-f31c-4ab3-80f3-70566378a43a.binning_data.json,2026-03-13 03:10:24.076,2026-03-12 03:00:07.121,com.sec.android.app.shealth,25,6136,1.5524683,4553.9067,220.41856,yeLoKu9/uD,com.sec.android.app.shealth,ca5ba269-f31c-4ab3-80f3-70566378a43a,2026-03-11 00:00:00.000,
a9b86832-1801-40f2-bfcf-e1e3963b40eb.binning_data.json,2026-03-13 03:13:30.622,2026-03-12 03:07:15.618,com.sec.android.app.shealth,-2,11804,1.60755,9596.435,436.41412,VfS0qUERdZ,com.sec.android.app.shealth,a9b86832-1801-40f2-bfcf-e1e3963b40eb,2026-03-12 00:00:00.000,
53b438a5-8665-4ca4-90a1-2907089082df.binning_data.json,2026-03-14 10:50:47.961,2026-03-13 03:10:00.778,com.sec.android.app.shealth,-2,8228,1.4456568,6115.267,282.585,VfS0qUERdZ,com.sec.android.app.shealth,53b438a5-8665-4ca4-90a1-2907089082df,2026-03-13 00:00:00.000,
ef65fa71-0971-4973-b95a-5f01ee264968.binning_data.json,2026-03-14 03:00:03.791,2026-03-13 03:10:19.049,com.sec.android.app.shealth,0,5688,1.2085981,4226.18,175.22997,g1bnYRM2yN,com.sec.android.app.shealth,ef65fa71-0971-4973-b95a-5f01ee264968,2026-03-13 00:00:00.000,
c03a65d2-1b72-4eba-95cc-692b59d063a9.binning_data.json,2026-03-13 03:10:19.053,2026-03-13 03:10:19.053,com.sec.android.app.shealth,0,8845,1.6948984,7377.56,324.47998,g1bnYRM2yN,com.sec.android.app.shealth,c03a65d2-1b72-4eba-95cc-692b59d063a9,2026-03-12 00:00:00.000,
76079508-bcc4-43e1-91a5-ba40f0598742.binning_data.json,2026-03-14 03:00:06.117,2026-03-13 03:10:24.096,com.sec.android.app.shealth,25,5099,1.4070668,3822.5317,182.9603,yeLoKu9/uD,com.sec.android.app.shealth,76079508-bcc4-43e1-91a5-ba40f0598742,2026-03-12 00:00:00.000,
d81a7ab9-d971-477a-a7e9-a8017f444f8d.binning_data.json,2026-03-15 03:00:19.969,2026-03-14 03:00:06.162,com.sec.android.app.shealth,25,7660,1.7352921,5668.6206,277.00113,yeLoKu9/uD,com.sec.android.app.shealth,d81a7ab9-d971-477a-a7e9-a8017f444f8d,2026-03-13 00:00:00.000,
078d677a-aa70-4443-beda-a42e404bae0e.binning_data.json,2026-03-15 03:04:13.909,2026-03-14 10:50:45.881,com.sec.android.app.shealth,-2,9391,1.416436,7032.7324,336.58978,VfS0qUERdZ,com.sec.android.app.shealth,078d677a-aa70-4443-beda-a42e404bae0e,2026-03-14 00:00:00.000,
02d24f27-e0c7-4e52-94a5-36dddbb625ed.binning_data.json,2026-03-15 03:00:04.887,2026-03-15 03:00:04.887,com.sec.android.app.shealth,0,4422,1.2374287,3295.0198,137.34,g1bnYRM2yN,com.sec.android.app.shealth,02d24f27-e0c7-4e52-94a5-36dddbb625ed,2026-03-14 00:00:00.000,
a1f3e87d-8980-403c-adec-4135fc8c9d22.binning_data.json,2026-03-16 03:00:47.056,2026-03-15 03:00:19.890,com.sec.android.app.shealth,25,8959,1.5402685,6700.168,332.2685,yeLoKu9/uD,com.sec.android.app.shealth,a1f3e87d-8980-403c-adec-4135fc8c9d22,2026-03-14 00:00:00.000,
2591dd24-2a75-4965-9b70-152bc7932ef7.binning_data.json,2026-03-16 03:39:15.350,2026-03-15 03:04:13.159,com.sec.android.app.shealth,-2,6413,1.266042,4784.604,224.78218,VfS0qUERdZ,com.sec.android.app.shealth,2591dd24-2a75-4965-9b70-152bc7932ef7,2026-03-15 00:00:00.000,
18b3cade-d11a-42d1-af10-1783be7ebb6c.binning_data.json,2026-03-16 03:00:35.809,2026-03-16 03:00:35.809,com.sec.android.app.shealth,0,1952,1.174266,1439.47,61.489994,g1bnYRM2yN,com.sec.android.app.shealth,18b3cade-d11a-42d1-af10-1783be7ebb6c,2026-03-15 00:00:00.000,
87c8f167-1225-4534-9e3a-a140bb0a9528.binning_data.json,2026-03-17 03:00:05.979,2026-03-16 03:00:45.827,com.sec.android.app.shealth,25,6033,1.2792771,4498.791,216.5462,yeLoKu9/uD,com.sec.android.app.shealth,87c8f167-1225-4534-9e3a-a140bb0a9528,2026-03-15 00:00:00.000,
62375267-fad9-4686-8cab-74a687282dc0.binning_data.json,2026-03-17 11:09:53.353,2026-03-16 03:22:23.421,com.sec.android.app.shealth,-2,8885,1.4835576,6646.558,309.57617,VfS0qUERdZ,com.sec.android.app.shealth,62375267-fad9-4686-8cab-74a687282dc0,2026-03-16 00:00:00.000,
710e92ba-8082-4e5d-9f0d-7568b5727c45.binning_data.json,2026-03-17 03:00:03.368,2026-03-17 03:00:03.368,com.sec.android.app.shealth,0,3536,1.2082433,2620.45,108.549995,g1bnYRM2yN,com.sec.android.app.shealth,710e92ba-8082-4e5d-9f0d-7568b5727c45,2026-03-16 00:00:00.000,
112f26c9-84e7-4cb8-afce-18f0d0f681d1.binning_data.json,2026-03-18 03:00:06.626,2026-03-17 03:00:05.973,com.sec.android.app.shealth,25,8356,1.6360117,6244.1113,300.95044,yeLoKu9/uD,com.sec.android.app.shealth,112f26c9-84e7-4cb8-afce-18f0d0f681d1,2026-03-16 00:00:00.000,
76505f05-616b-4c85-ac52-541530abfa03.binning_data.json,2026-03-18 11:36:08.343,2026-03-17 11:36:01.024,com.sec.android.app.shealth,-2,6983,1.522211,5199.115,244.90424,VfS0qUERdZ,com.sec.android.app.shealth,76505f05-616b-4c85-ac52-541530abfa03,2026-03-17 00:00:00.000,
7f577cc0-b9bd-4c6b-9535-773f4bc8120a.binning_data.json,2026-03-18 03:00:04.031,2026-03-18 03:00:04.031,com.sec.android.app.shealth,0,3313,1.1723216,2443.35,101.749985,g1bnYRM2yN,com.sec.android.app.shealth,7f577cc0-b9bd-4c6b-9535-773f4bc8120a,2026-03-17 00:00:00.000,
2e5abc9b-2383-4434-918b-52c7cd41ef11.binning_data.json,2026-03-19 03:06:57.624,2026-03-18 03:00:06.650,com.sec.android.app.shealth,25,6307,1.7071018,4694.53,229.17444,yeLoKu9/uD,com.sec.android.app.shealth,2e5abc9b-2383-4434-918b-52c7cd41ef11,2026-03-17 00:00:00.000,
86d55cfb-dc32-4941-8c6f-c10468711466.binning_data.json,2026-03-19 03:24:09.287,2026-03-18 11:11:06.249,com.sec.android.app.shealth,-2,5736,1.4642673,4268.764,199.00645,VfS0qUERdZ,com.sec.android.app.shealth,86d55cfb-dc32-4941-8c6f-c10468711466,2026-03-18 00:00:00.000,
9f1e8e8a-77ed-4e9f-b158-7b34408f0974.binning_data.json,2026-03-19 03:06:51.992,2026-03-19 03:06:51.992,com.sec.android.app.shealth,0,2582,1.2120073,1914.9199,79.56999,g1bnYRM2yN,com.sec.android.app.shealth,9f1e8e8a-77ed-4e9f-b158-7b34408f0974,2026-03-18 00:00:00.000,
518c1ebb-82be-45d9-9003-f983e5d11f78.binning_data.json,2026-03-20 03:00:05.693,2026-03-19 03:06:57.688,com.sec.android.app.shealth,25,5299,1.6498547,3932.1533,190.36528,yeLoKu9/uD,com.sec.android.app.shealth,518c1ebb-82be-45d9-9003-f983e5d11f78,2026-03-18 00:00:00.000,
d0f0ee81-f6f0-44c2-a243-9b63d54f9343.binning_data.json,2026-03-20 10:56:18.238,2026-03-19 03:13:38.270,com.sec.android.app.shealth,-2,6803,1.5421112,5103.4937,238.13867,VfS0qUERdZ,com.sec.android.app.shealth,d0f0ee81-f6f0-44c2-a243-9b63d54f9343,2026-03-19 00:00:00.000,
bda9768c-2e81-4f95-8d23-2c9991e3be43.binning_data.json,2026-03-20 03:00:03.555,2026-03-20 03:00:03.555,com.sec.android.app.shealth,0,3876,1.155812,2854.25,120.06,g1bnYRM2yN,com.sec.android.app.shealth,bda9768c-2e81-4f95-8d23-2c9991e3be43,2026-03-19 00:00:00.000,
1baef34b-adfa-460a-a74a-870f4eff364f.binning_data.json,2026-03-21 03:00:07.328,2026-03-20 03:00:05.678,com.sec.android.app.shealth,25,6400,1.707105,4808.3457,232.14047,yeLoKu9/uD,com.sec.android.app.shealth,1baef34b-adfa-460a-a74a-870f4eff364f,2026-03-19 00:00:00.000,
c1ea6c7d-51d7-465a-be41-69fb8feb1247.binning_data.json,2026-03-21 10:05:23.022,2026-03-20 10:50:37.139,com.sec.android.app.shealth,-2,5473,1.4952885,4094.683,193.42989,VfS0qUERdZ,com.sec.android.app.shealth,c1ea6c7d-51d7-465a-be41-69fb8feb1247,2026-03-20 00:00:00.000,
837bce16-530c-4ddf-a8c3-799c8d256800.binning_data.json,2026-03-21 03:00:03.866,2026-03-21 03:00:03.866,com.sec.android.app.shealth,0,2941,1.2120988,2185.75,91.31999,g1bnYRM2yN,com.sec.android.app.shealth,837bce16-530c-4ddf-a8c3-799c8d256800,2026-03-20 00:00:00.000,
92eb718b-b9e8-4b4e-a6b6-481a5f3c45a0.binning_data.json,2026-03-22 03:00:06.733,2026-03-21 03:00:07.322,com.sec.android.app.shealth,25,5084,1.6766024,3800.2988,186.09296,yeLoKu9/uD,com.sec.android.app.shealth,92eb718b-b9e8-4b4e-a6b6-481a5f3c45a0,2026-03-20 00:00:00.000,
3acd5415-44d0-4929-8463-3ac21863fd47.binning_data.json,2026-03-22 10:20:33.366,2026-03-21 03:02:22.069,com.sec.android.app.shealth,-2,10678,1.4614567,7932.0015,370.42258,VfS0qUERdZ,com.sec.android.app.shealth,3acd5415-44d0-4929-8463-3ac21863fd47,2026-03-21 00:00:00.000,
b511e0e1-020e-4aa1-b5d2-47007cd2879b.binning_data.json,2026-03-22 03:00:04.112,2026-03-22 03:00:04.112,com.sec.android.app.shealth,0,4949,1.2306925,3702.13,154.98999,g1bnYRM2yN,com.sec.android.app.shealth,b511e0e1-020e-4aa1-b5d2-47007cd2879b,2026-03-21 00:00:00.000,
7ae7c94c-d5aa-4798-92e3-fff1754f00c6.binning_data.json,2026-03-23 03:00:06.215,2026-03-22 03:00:06.727,com.sec.android.app.shealth,25,9054,1.6449524,6689.473,326.89554,yeLoKu9/uD,com.sec.android.app.shealth,7ae7c94c-d5aa-4798-92e3-fff1754f00c6,2026-03-21 00:00:00.000,
f404965b-cb58-45c3-a4b7-345342c8ceb9.binning_data.json,2026-03-23 13:16:03.042,2026-03-22 03:18:47.216,com.sec.android.app.shealth,-2,7157,1.3075224,5314.2124,246.87166,VfS0qUERdZ,com.sec.android.app.shealth,f404965b-cb58-45c3-a4b7-345342c8ceb9,2026-03-22 00:00:00.000,
deed46d6-5944-42b8-a2d9-a433d860e24f.binning_data.json,2026-03-23 03:00:30.399,2026-03-23 03:00:03.405,com.sec.android.app.shealth,0,3639,1.2020581,2701.02,112.88999,g1bnYRM2yN,com.sec.android.app.shealth,deed46d6-5944-42b8-a2d9-a433d860e24f,2026-03-22 00:00:00.000,
49feeaf3-1102-4171-afd2-c408b883ca80.binning_data.json,2026-03-24 03:00:06.281,2026-03-23 03:00:06.210,com.sec.android.app.shealth,25,6510,1.4788888,4831.036,235.21677,yeLoKu9/uD,com.sec.android.app.shealth,49feeaf3-1102-4171-afd2-c408b883ca80,2026-03-22 00:00:00.000,
9ed8abe9-7aaa-44a6-b90f-90f6a9bc6efc.binning_data.json,2026-03-24 03:09:24.943,2026-03-23 10:15:16.018,com.sec.android.app.shealth,-2,10022,1.5751742,7537.289,344.84073,VfS0qUERdZ,com.sec.android.app.shealth,9ed8abe9-7aaa-44a6-b90f-90f6a9bc6efc,2026-03-23 00:00:00.000,
e7653647-093f-4552-b1a1-f94bafdfcfe4.binning_data.json,2026-03-24 03:00:03.691,2026-03-24 03:00:03.691,com.sec.android.app.shealth,0,5924,1.2907891,4464.76,182.65997,g1bnYRM2yN,com.sec.android.app.shealth,e7653647-093f-4552-b1a1-f94bafdfcfe4,2026-03-23 00:00:00.000,
8f88e17a-8633-4b2c-86e6-5ff69c08b5bd.binning_data.json,2026-03-25 03:00:06.613,2026-03-24 03:00:06.275,com.sec.android.app.shealth,25,9521,2.0021942,7141.159,341.95496,yeLoKu9/uD,com.sec.android.app.shealth,8f88e17a-8633-4b2c-86e6-5ff69c08b5bd,2026-03-23 00:00:00.000,
7c9ee843-cbc4-41cb-9841-77c9c48e8cab.binning_data.json,2026-03-25 09:28:19.571,2026-03-24 03:05:51.614,com.sec.android.app.shealth,-2,7997,1.4320117,5967.0156,280.23206,VfS0qUERdZ,com.sec.android.app.shealth,7c9ee843-cbc4-41cb-9841-77c9c48e8cab,2026-03-24 00:00:00.000,
7b3cd9ad-bfee-4479-a68e-34d0c6b9ea66.binning_data.json,2026-03-25 03:00:03.864,2026-03-25 03:00:03.864,com.sec.android.app.shealth,0,3667,1.1806798,2718.55,113.94999,g1bnYRM2yN,com.sec.android.app.shealth,7b3cd9ad-bfee-4479-a68e-34d0c6b9ea66,2026-03-24 00:00:00.000,
cf318112-d6a2-4061-ba98-b275c92639e4.binning_data.json,2026-03-26 03:00:09.069,2026-03-25 03:00:06.607,com.sec.android.app.shealth,25,7339,1.5909859,5462.385,264.89523,yeLoKu9/uD,com.sec.android.app.shealth,cf318112-d6a2-4061-ba98-b275c92639e4,2026-03-24 00:00:00.000,
335a3303-b2f6-42b4-b04b-bd4d0c9385bf.binning_data.json,2026-03-26 11:52:38.223,2026-03-25 09:28:18.135,com.sec.android.app.shealth,-2,6142,1.41113,4620.4316,217.30215,VfS0qUERdZ,com.sec.android.app.shealth,335a3303-b2f6-42b4-b04b-bd4d0c9385bf,2026-03-25 00:00:00.000,
23154922-d24c-49ef-8300-bb7d7cf7e289.binning_data.json,2026-03-26 03:00:05.495,2026-03-26 03:00:05.495,com.sec.android.app.shealth,0,3233,1.2190276,2424.62,102.43998,g1bnYRM2yN,com.sec.android.app.shealth,23154922-d24c-49ef-8300-bb7d7cf7e289,2026-03-25 00:00:00.000,
82d953f5-4195-4cd6-92d6-283e49cd608b.binning_data.json,2026-03-27 03:40:07.831,2026-03-26 03:00:09.004,com.sec.android.app.shealth,25,5632,1.5913951,4190.674,205.63324,yeLoKu9/uD,com.sec.android.app.shealth,82d953f5-4195-4cd6-92d6-283e49cd608b,2026-03-25 00:00:00.000,
136ed484-8a23-4e7c-914a-8c5e0067a565.binning_data.json,2026-03-27 11:45:32.332,2026-03-26 11:40:02.486,com.sec.android.app.shealth,-2,6541,1.5135411,4893.0474,232.10426,VfS0qUERdZ,com.sec.android.app.shealth,136ed484-8a23-4e7c-914a-8c5e0067a565,2026-03-26 00:00:00.000,
7ca72e43-4d88-4915-8f22-eb14bf600e65.binning_data.json,2026-03-27 03:40:01.720,2026-03-27 03:40:01.720,com.sec.android.app.shealth,0,2953,1.1670285,2183.74,91.479996,g1bnYRM2yN,com.sec.android.app.shealth,7ca72e43-4d88-4915-8f22-eb14bf600e65,2026-03-26 00:00:00.000,
ad52e2dd-9b0a-4d5a-b4fd-2f49babf02c7.binning_data.json,2026-03-28 03:53:06.751,2026-03-27 03:40:07.818,com.sec.android.app.shealth,25,6227,1.6119392,4647.758,225.55981,yeLoKu9/uD,com.sec.android.app.shealth,ad52e2dd-9b0a-4d5a-b4fd-2f49babf02c7,2026-03-26 00:00:00.000,
bb6612a1-6761-4a54-86d1-0182794e0caf.binning_data.json,2026-03-28 02:33:54.881,2026-03-27 12:50:12.551,com.sec.android.app.shealth,-2,6936,1.4743822,5232.62,247.57849,VfS0qUERdZ,com.sec.android.app.shealth,bb6612a1-6761-4a54-86d1-0182794e0caf,2026-03-27 00:00:00.000,
9898febe-0b37-4113-a81f-e94701e8a7af.binning_data.json,2026-03-28 03:53:00.026,2026-03-28 03:53:00.026,com.sec.android.app.shealth,0,2834,1.2638237,2159.6702,90.859985,g1bnYRM2yN,com.sec.android.app.shealth,9898febe-0b37-4113-a81f-e94701e8a7af,2026-03-27 00:00:00.000,
c75103d3-2644-4ce8-a088-bcdfa7a16612.binning_data.json,2026-03-29 03:00:14.613,2026-03-28 03:53:06.772,com.sec.android.app.shealth,25,6378,1.6035154,4757.0957,231.19238,yeLoKu9/uD,com.sec.android.app.shealth,c75103d3-2644-4ce8-a088-bcdfa7a16612,2026-03-27 00:00:00.000,
9a29b730-f8a3-4979-90f0-b485bf857e18.binning_data.json,2026-03-29 10:29:33.064,2026-03-28 10:55:00.793,com.sec.android.app.shealth,-2,9453,1.3363522,7042.754,325.81247,VfS0qUERdZ,com.sec.android.app.shealth,9a29b730-f8a3-4979-90f0-b485bf857e18,2026-03-28 00:00:00.000,
44c0a6db-3bdd-4c47-80be-de8d3b915c27.binning_data.json,2026-03-29 03:00:05.941,2026-03-29 03:00:05.941,com.sec.android.app.shealth,0,6109,1.2126362,4542.28,190.65,g1bnYRM2yN,com.sec.android.app.shealth,44c0a6db-3bdd-4c47-80be-de8d3b915c27,2026-03-28 00:00:00.000,
d2e5740f-b826-4716-b951-0bbfc8e2945d.binning_data.json,2026-03-30 03:00:25.921,2026-03-29 03:00:13.477,com.sec.android.app.shealth,25,8229,1.4747026,6120.0156,298.276,yeLoKu9/uD,com.sec.android.app.shealth,d2e5740f-b826-4716-b951-0bbfc8e2945d,2026-03-28 00:00:00.000,
fa0d5a3c-441e-4eb3-8bb9-d1096015a000.binning_data.json,2026-03-30 11:59:02.373,2026-03-29 03:11:23.806,com.sec.android.app.shealth,-2,9428,1.4070158,7054.508,324.12494,VfS0qUERdZ,com.sec.android.app.shealth,fa0d5a3c-441e-4eb3-8bb9-d1096015a000,2026-03-29 00:00:00.000,
1b331dc4-3d6f-4932-942f-ef5fd3e90fd0.binning_data.json,2026-03-30 03:00:09.470,2026-03-30 03:00:09.470,com.sec.android.app.shealth,0,5294,1.3050637,3985.9197,164.42998,g1bnYRM2yN,com.sec.android.app.shealth,1b331dc4-3d6f-4932-942f-ef5fd3e90fd0,2026-03-29 00:00:00.000,
4e7344b3-658d-46e0-a439-8570dc9c629d.binning_data.json,2026-03-31 03:00:09.747,2026-03-30 03:00:25.951,com.sec.android.app.shealth,25,8292,1.5455204,6182.082,301.31226,yeLoKu9/uD,com.sec.android.app.shealth,4e7344b3-658d-46e0-a439-8570dc9c629d,2026-03-29 00:00:00.000,
32085982-7890-416b-ae30-4050e407ba87.binning_data.json,2026-03-31 03:08:44.235,2026-03-30 03:01:45.361,com.sec.android.app.shealth,-2,9896,1.4903362,7344.239,346.87454,VfS0qUERdZ,com.sec.android.app.shealth,32085982-7890-416b-ae30-4050e407ba87,2026-03-30 00:00:00.000,
5cac11e2-d202-4580-921f-8b285340b625.binning_data.json,2026-03-31 03:00:05.803,2026-03-31 03:00:05.803,com.sec.android.app.shealth,0,4704,1.1781898,3473.29,145.82999,g1bnYRM2yN,com.sec.android.app.shealth,5cac11e2-d202-4580-921f-8b285340b625,2026-03-30 00:00:00.000,
16b189a7-42d5-4138-babf-79550145a624.binning_data.json,2026-04-01 03:00:07.272,2026-03-31 03:00:09.764,com.sec.android.app.shealth,25,9086,1.6158291,6732.621,327.63086,yeLoKu9/uD,com.sec.android.app.shealth,16b189a7-42d5-4138-babf-79550145a624,2026-03-30 00:00:00.000,
b5a6a9ee-1ae1-423c-a6f4-1cfb08c2212c.binning_data.json,2026-04-01 08:45:00.552,2026-03-31 03:07:36.533,com.sec.android.app.shealth,-2,7472,1.4109577,5580.4395,264.00342,VfS0qUERdZ,com.sec.android.app.shealth,b5a6a9ee-1ae1-423c-a6f4-1cfb08c2212c,2026-03-31 00:00:00.000,
04947679-235d-4158-8d11-1975b901bad5.binning_data.json,2026-04-01 03:00:04.172,2026-04-01 03:00:04.172,com.sec.android.app.shealth,0,3726,1.1641452,2766.8,117.43999,g1bnYRM2yN,com.sec.android.app.shealth,04947679-235d-4158-8d11-1975b901bad5,2026-03-31 00:00:00.000,
0b270297-5737-420c-a181-d2e78967aa2a.binning_data.json,2026-04-02 03:50:55.844,2026-04-01 03:00:07.264,com.sec.android.app.shealth,25,7236,1.5278851,5373.0625,260.21606,yeLoKu9/uD,com.sec.android.app.shealth,0b270297-5737-420c-a181-d2e78967aa2a,2026-03-31 00:00:00.000,
53c0a6c9-7781-45a6-a153-9cb5b3c1b65b.binning_data.json,2026-04-02 12:37:08.282,2026-04-01 10:55:51.871,com.sec.android.app.shealth,-2,7260,1.5264182,5376.196,251.19543,VfS0qUERdZ,com.sec.android.app.shealth,53c0a6c9-7781-45a6-a153-9cb5b3c1b65b,2026-04-01 00:00:00.000,
89072fc3-4a06-4f41-a10f-7cf9685df595.binning_data.json,2026-04-02 03:50:46.889,2026-04-02 03:50:46.889,com.sec.android.app.shealth,0,3243,1.185373,2394.73,100.18999,g1bnYRM2yN,com.sec.android.app.shealth,89072fc3-4a06-4f41-a10f-7cf9685df595,2026-04-01 00:00:00.000,
d57550d5-f5c8-45ff-929f-dd9b8d26a289.binning_data.json,2026-04-03 03:25:15.315,2026-04-02 03:50:55.838,com.sec.android.app.shealth,25,6685,1.6858563,4945.1787,237.34625,yeLoKu9/uD,com.sec.android.app.shealth,d57550d5-f5c8-45ff-929f-dd9b8d26a289,2026-04-01 00:00:00.000,
4eed1ff2-f086-4527-87c4-706bb36391fc.binning_data.json,2026-04-03 07:35:55.969,2026-04-02 12:21:32.272,com.sec.android.app.shealth,-2,8678,1.3254522,6454.582,307.56155,VfS0qUERdZ,com.sec.android.app.shealth,4eed1ff2-f086-4527-87c4-706bb36391fc,2026-04-02 00:00:00.000,
6a2d6808-53fb-4139-9df3-5487a452ab48.binning_data.json,2026-04-03 03:24:53.294,2026-04-03 03:24:53.294,com.sec.android.app.shealth,0,3042,1.209996,2256.99,95.1,g1bnYRM2yN,com.sec.android.app.shealth,6a2d6808-53fb-4139-9df3-5487a452ab48,2026-04-02 00:00:00.000,
8d47d111-3a7b-469c-8999-551a7351e7cd.binning_data.json,2026-04-04 03:00:11.376,2026-04-03 03:25:15.483,com.sec.android.app.shealth,25,8195,1.3461016,6102.327,296.5923,yeLoKu9/uD,com.sec.android.app.shealth,8d47d111-3a7b-469c-8999-551a7351e7cd,2026-04-02 00:00:00.000,
01609c5c-142a-4fe3-aa94-09e3da2f7a43.binning_data.json,2026-04-04 13:47:00.922,2026-04-03 07:27:16.123,com.sec.android.app.shealth,-2,9679,1.3677402,7144.4194,332.6855,VfS0qUERdZ,com.sec.android.app.shealth,01609c5c-142a-4fe3-aa94-09e3da2f7a43,2026-04-03 00:00:00.000,
fd3b3a6b-8eeb-443d-a463-778fa416762a.binning_data.json,2026-04-04 03:00:31.517,2026-04-04 03:00:04.969,com.sec.android.app.shealth,0,6664,1.1493572,4901.41,207.44,g1bnYRM2yN,com.sec.android.app.shealth,fd3b3a6b-8eeb-443d-a463-778fa416762a,2026-04-03 00:00:00.000,
b2c374b3-c7f0-4dc4-99d0-178db438ceee.binning_data.json,2026-04-05 03:00:20.415,2026-04-04 03:00:11.395,com.sec.android.app.shealth,25,8166,1.5837007,6044.457,293.89227,yeLoKu9/uD,com.sec.android.app.shealth,b2c374b3-c7f0-4dc4-99d0-178db438ceee,2026-04-03 00:00:00.000,
68de3aef-dbf5-4a5b-be29-63d003092dec.binning_data.json,2026-04-05 02:42:14.041,2026-04-04 03:00:19.054,com.sec.android.app.shealth,-2,8497,1.4452264,6357.4077,293.03104,VfS0qUERdZ,com.sec.android.app.shealth,68de3aef-dbf5-4a5b-be29-63d003092dec,2026-04-04 00:00:00.000,
94035341-8939-4c39-bcb9-022666996d9e.binning_data.json,2026-04-05 03:00:07.298,2026-04-04 03:00:30.910,com.sec.android.app.shealth,0,4216,1.3187119,3180.15,129.31999,g1bnYRM2yN,com.sec.android.app.shealth,94035341-8939-4c39-bcb9-022666996d9e,2026-04-04 00:00:00.000,
dc51da8a-c1b2-46b4-8faa-099a17fafc05.binning_data.json,2026-04-05 03:00:20.404,2026-04-05 03:00:20.404,com.sec.android.app.shealth,25,8057,1.8010974,6003.658,293.586,yeLoKu9/uD,com.sec.android.app.shealth,dc51da8a-c1b2-46b4-8faa-099a17fafc05,2026-04-04 00:00:00.000,
f4cfeea2-95d5-4073-b014-37f16e565779.binning_data.json,2026-04-06 11:45:29.219,2026-04-05 03:39:54.334,com.sec.android.app.shealth,-2,10580,1.3421047,7938.583,363.63766,VfS0qUERdZ,com.sec.android.app.shealth,f4cfeea2-95d5-4073-b014-37f16e565779,2026-04-05 00:00:00.000,
8a2a642e-5a2d-475b-a767-ca55ab82d140.binning_data.json,2026-04-06 03:00:03.984,2026-04-06 03:00:03.984,com.sec.android.app.shealth,0,5582,1.2441479,4172.0796,172.39996,g1bnYRM2yN,com.sec.android.app.shealth,8a2a642e-5a2d-475b-a767-ca55ab82d140,2026-04-05 00:00:00.000,
1911b9fc-53a8-4026-9ca3-eb46954e4bb0.binning_data.json,2026-04-07 03:50:43.660,2026-04-06 03:00:06.655,com.sec.android.app.shealth,25,8408,1.4969296,6312.0537,304.8292,yeLoKu9/uD,com.sec.android.app.shealth,1911b9fc-53a8-4026-9ca3-eb46954e4bb0,2026-04-05 00:00:00.000,
b0939640-24a0-405f-b404-95d98b4e280f.binning_data.json,2026-04-07 11:21:45.257,2026-04-06 11:31:51.179,com.sec.android.app.shealth,-2,10683,1.4168276,7917.876,372.3771,VfS0qUERdZ,com.sec.android.app.shealth,b0939640-24a0-405f-b404-95d98b4e280f,2026-04-06 00:00:00.000,
54a9db84-7f38-4aa6-8105-40e8faf1d271.binning_data.json,2026-04-07 03:47:03.680,2026-04-07 03:47:03.680,com.sec.android.app.shealth,0,5214,1.1428918,3827.59,161.32997,g1bnYRM2yN,com.sec.android.app.shealth,54a9db84-7f38-4aa6-8105-40e8faf1d271,2026-04-06 00:00:00.000,
a94724fa-03af-4da0-9e52-1408d73b600b.binning_data.json,2026-04-08 03:00:06.309,2026-04-07 03:50:44.114,com.sec.android.app.shealth,25,10106,1.6275011,7486.505,364.52637,yeLoKu9/uD,com.sec.android.app.shealth,a94724fa-03af-4da0-9e52-1408d73b600b,2026-04-06 00:00:00.000,
b3ff0636-b1b8-42f1-88d2-8eb1fb112842.binning_data.json,2026-04-08 10:22:21.312,2026-04-07 10:00:19.194,com.sec.android.app.shealth,-2,8009,1.4686153,5984.132,282.2675,VfS0qUERdZ,com.sec.android.app.shealth,b3ff0636-b1b8-42f1-88d2-8eb1fb112842,2026-04-07 00:00:00.000,
0d322fd5-b1de-4669-af4f-90b4efbd38d9.binning_data.json,2026-04-08 03:00:03.714,2026-04-08 03:00:03.714,com.sec.android.app.shealth,0,2606,1.1812124,1921.61,80.28999,g1bnYRM2yN,com.sec.android.app.shealth,0d322fd5-b1de-4669-af4f-90b4efbd38d9,2026-04-07 00:00:00.000,
c8abb2f2-ae3c-42f5-b545-8f1b4fecfbaa.binning_data.json,2026-04-09 03:00:06.468,2026-04-08 03:00:06.304,com.sec.android.app.shealth,25,7668,1.5572358,5735.8184,275.5005,yeLoKu9/uD,com.sec.android.app.shealth,c8abb2f2-ae3c-42f5-b545-8f1b4fecfbaa,2026-04-07 00:00:00.000,
394af604-91ee-499b-865d-cfe95c854951.binning_data.json,2026-04-09 10:39:53.685,2026-04-08 10:21:21.375,com.sec.android.app.shealth,-2,8373,1.4451578,6245.4067,289.0601,VfS0qUERdZ,com.sec.android.app.shealth,394af604-91ee-499b-865d-cfe95c854951,2026-04-08 00:00:00.000,
5475dd9f-3808-4e1c-9302-7c4da92d7456.binning_data.json,2026-04-09 03:00:03.950,2026-04-09 03:00:03.950,com.sec.android.app.shealth,0,5151,1.2073017,3819.73,159.05998,g1bnYRM2yN,com.sec.android.app.shealth,5475dd9f-3808-4e1c-9302-7c4da92d7456,2026-04-08 00:00:00.000,
177db3b5-69da-4afb-b3fd-25ba495bbc39.binning_data.json,2026-04-10 03:00:16.334,2026-04-09 03:00:06.463,com.sec.android.app.shealth,25,7917,1.647727,5904.3555,285.67358,yeLoKu9/uD,com.sec.android.app.shealth,177db3b5-69da-4afb-b3fd-25ba495bbc39,2026-04-08 00:00:00.000,
933059ed-1ada-46f0-bee9-32fbf2a3bb5e.binning_data.json,2026-04-10 07:11:00.386,2026-04-09 13:08:42.474,com.sec.android.app.shealth,-2,9284,1.4961343,6938.7173,322.38568,VfS0qUERdZ,com.sec.android.app.shealth,933059ed-1ada-46f0-bee9-32fbf2a3bb5e,2026-04-09 00:00:00.000,
f23eb481-d4b1-411a-8ab2-fb12422430a3.binning_data.json,2026-04-10 03:00:13.716,2026-04-10 03:00:13.716,com.sec.android.app.shealth,0,4056,1.1876072,3003.8599,125.039986,g1bnYRM2yN,com.sec.android.app.shealth,f23eb481-d4b1-411a-8ab2-fb12422430a3,2026-04-09 00:00:00.000,
c4ce43a1-f56e-4826-8275-c89387d3f2d8.binning_data.json,2026-04-11 03:56:00.772,2026-04-10 03:00:16.325,com.sec.android.app.shealth,25,8707,1.7733313,6502.215,314.8158,yeLoKu9/uD,com.sec.android.app.shealth,c4ce43a1-f56e-4826-8275-c89387d3f2d8,2026-04-09 00:00:00.000,
6c238031-7f92-4ee3-b7f3-396100a8277f.binning_data.json,2026-04-11 11:26:39.800,2026-04-10 09:07:34.822,com.sec.android.app.shealth,-2,9220,1.3883164,6904.008,413.15457,VfS0qUERdZ,com.sec.android.app.shealth,6c238031-7f92-4ee3-b7f3-396100a8277f,2026-04-10 00:00:00.000,
fdc71b28-2519-40f2-a22b-efae8eb2f7f0.binning_data.json,2026-04-11 03:55:52.545,2026-04-11 03:55:52.545,com.sec.android.app.shealth,0,4950,1.2381314,3713.5898,155.80998,g1bnYRM2yN,com.sec.android.app.shealth,fdc71b28-2519-40f2-a22b-efae8eb2f7f0,2026-04-10 00:00:00.000,
96c65c3c-0116-4d7e-8807-13bee84a5e8d.binning_data.json,2026-04-12 03:02:20.522,2026-04-11 03:56:00.908,com.sec.android.app.shealth,25,8296,1.5281928,6163.711,424.8491,yeLoKu9/uD,com.sec.android.app.shealth,96c65c3c-0116-4d7e-8807-13bee84a5e8d,2026-04-10 00:00:00.000,
d4e4159b-e3ff-4eeb-95f7-afd2b61fdfe9.binning_data.json,2026-04-12 03:02:20.112,2026-04-11 11:02:16.591,com.sec.android.app.shealth,-2,7800,1.3541404,5763.0625,271.17233,VfS0qUERdZ,com.sec.android.app.shealth,d4e4159b-e3ff-4eeb-95f7-afd2b61fdfe9,2026-04-11 00:00:00.000,
1da3e9ed-630b-4c8b-a65c-8d48b8d5b6af.binning_data.json,2026-04-22 20:10:10.511,2026-04-12 03:01:27.394,com.sec.android.app.shealth,-2,5345,1.2041814,3982.628,182.58829,VfS0qUERdZ,com.sec.android.app.shealth,1da3e9ed-630b-4c8b-a65c-8d48b8d5b6af,2026-04-12 00:00:00.000,
184903c7-30f5-4f68-8b47-e83f2279176a.binning_data.json,2026-04-12 03:02:09.543,2026-04-12 03:02:09.543,com.sec.android.app.shealth,0,3909,1.1398029,2872.8599,121.619995,g1bnYRM2yN,com.sec.android.app.shealth,184903c7-30f5-4f68-8b47-e83f2279176a,2026-04-11 00:00:00.000,
6daa224c-5e25-4aa7-a986-48bf1bcd0f0e.binning_data.json,2026-04-14 03:00:07.082,2026-04-12 03:02:20.708,com.sec.android.app.shealth,25,5035,1.5053072,3738.1797,182.93384,yeLoKu9/uD,com.sec.android.app.shealth,6daa224c-5e25-4aa7-a986-48bf1bcd0f0e,2026-04-12 00:00:00.000,
3218e5db-e02e-4c37-ab51-9f206bab9db1.binning_data.json,2026-04-12 03:02:20.757,2026-04-12 03:02:20.757,com.sec.android.app.shealth,25,7307,1.5485986,5394.285,263.49,yeLoKu9/uD,com.sec.android.app.shealth,3218e5db-e02e-4c37-ab51-9f206bab9db1,2026-04-11 00:00:00.000,
60ad8327-acd9-47a4-9a1b-c7ed4e8edca4.binning_data.json,2026-04-13 03:00:03.883,2026-04-13 03:00:03.883,com.sec.android.app.shealth,0,3248,1.2268653,2419.03,99.82996,g1bnYRM2yN,com.sec.android.app.shealth,60ad8327-acd9-47a4-9a1b-c7ed4e8edca4,2026-04-12 00:00:00.000,
4dd201e2-55cc-4f90-928e-5acfc5108969.binning_data.json,2026-04-14 08:02:23.825,2026-04-13 08:50:12.984,com.sec.android.app.shealth,-2,7315,1.3050658,5438.302,251.31822,VfS0qUERdZ,com.sec.android.app.shealth,4dd201e2-55cc-4f90-928e-5acfc5108969,2026-04-13 00:00:00.000,
91428506-1371-43e6-a914-68cad49fb63a.binning_data.json,2026-04-14 03:00:03.901,2026-04-14 03:00:03.901,com.sec.android.app.shealth,0,4585,1.1647123,3391.0,142.81998,g1bnYRM2yN,com.sec.android.app.shealth,91428506-1371-43e6-a914-68cad49fb63a,2026-04-13 00:00:00.000,
30496904-fa83-43f8-bf5a-0174826fcbd2.binning_data.json,2026-04-15 03:00:06.115,2026-04-14 03:00:07.115,com.sec.android.app.shealth,25,6397,1.5328251,4751.758,229.62085,yeLoKu9/uD,com.sec.android.app.shealth,30496904-fa83-43f8-bf5a-0174826fcbd2,2026-04-13 00:00:00.000,
6b388e84-2289-4080-91fe-8b549a2f66c8.binning_data.json,2026-04-15 12:31:00.923,2026-04-14 11:37:49.756,com.sec.android.app.shealth,-2,8972,1.447772,6692.982,315.58136,VfS0qUERdZ,com.sec.android.app.shealth,6b388e84-2289-4080-91fe-8b549a2f66c8,2026-04-14 00:00:00.000,
08ee4574-84a5-4f70-9f14-cf5a41ca1583.binning_data.json,2026-04-15 03:00:03.623,2026-04-15 03:00:03.623,com.sec.android.app.shealth,0,4060,1.2314154,3038.92,126.52998,g1bnYRM2yN,com.sec.android.app.shealth,08ee4574-84a5-4f70-9f14-cf5a41ca1583,2026-04-14 00:00:00.000,
1cde33a9-3087-46f0-8cab-3ddc82dca678.binning_data.json,2026-04-16 03:00:05.759,2026-04-15 03:00:06.132,com.sec.android.app.shealth,25,8518,1.583622,6308.0938,309.95728,yeLoKu9/uD,com.sec.android.app.shealth,1cde33a9-3087-46f0-8cab-3ddc82dca678,2026-04-14 00:00:00.000,
126bc060-7b26-41d5-9eaa-dd9d3338ebc6.binning_data.json,2026-04-16 02:52:14.357,2026-04-15 03:08:06.206,com.sec.android.app.shealth,-2,6877,1.3479191,5126.607,239.0223,VfS0qUERdZ,com.sec.android.app.shealth,126bc060-7b26-41d5-9eaa-dd9d3338ebc6,2026-04-15 00:00:00.000,
ff59fafe-c09b-4c86-b473-120aca75d7b6.binning_data.json,2026-04-16 03:00:03.209,2026-04-16 03:00:03.209,com.sec.android.app.shealth,0,3577,1.2095103,2657.5498,110.91999,g1bnYRM2yN,com.sec.android.app.shealth,ff59fafe-c09b-4c86-b473-120aca75d7b6,2026-04-15 00:00:00.000,
9beee5c5-a4e8-4940-96d8-46b87dea1f3d.binning_data.json,2026-04-16 03:00:05.754,2026-04-16 03:00:05.754,com.sec.android.app.shealth,25,6292,1.4955707,4686.121,227.5835,yeLoKu9/uD,com.sec.android.app.shealth,9beee5c5-a4e8-4940-96d8-46b87dea1f3d,2026-04-15 00:00:00.000,
f1e5b0b5-aace-48f7-9c81-6b826b880859.binning_data.json,2026-04-17 03:19:19.306,2026-04-16 12:30:53.438,com.sec.android.app.shealth,-2,5826,1.4810854,4383.3066,207.13988,VfS0qUERdZ,com.sec.android.app.shealth,f1e5b0b5-aace-48f7-9c81-6b826b880859,2026-04-16 00:00:00.000,
464059c9-d4e2-497e-8907-228b5218ab32.binning_data.json,2026-04-17 03:00:03.362,2026-04-17 03:00:03.362,com.sec.android.app.shealth,0,2846,1.197293,2114.99,87.95,g1bnYRM2yN,com.sec.android.app.shealth,464059c9-d4e2-497e-8907-228b5218ab32,2026-04-16 00:00:00.000,
a1d7172b-7c4f-4cfb-932c-0bf9e199adc4.binning_data.json,2026-04-18 03:00:07.002,2026-04-17 03:00:05.930,com.sec.android.app.shealth,25,5557,1.6491551,4177.8594,202.88257,yeLoKu9/uD,com.sec.android.app.shealth,a1d7172b-7c4f-4cfb-932c-0bf9e199adc4,2026-04-16 00:00:00.000,
1b4d4f8c-6c6b-4c2d-ad28-bcf5b56e3085.binning_data.json,2026-04-18 11:13:30.506,2026-04-17 03:12:13.632,com.sec.android.app.shealth,-2,4539,1.2403278,3379.5713,158.32712,VfS0qUERdZ,com.sec.android.app.shealth,1b4d4f8c-6c6b-4c2d-ad28-bcf5b56e3085,2026-04-17 00:00:00.000,
84c58295-d732-4c5f-9962-2a980e44ba51.binning_data.json,2026-04-18 03:00:03.614,2026-04-18 03:00:03.614,com.sec.android.app.shealth,0,2762,1.1886476,2054.53,86.91999,g1bnYRM2yN,com.sec.android.app.shealth,84c58295-d732-4c5f-9962-2a980e44ba51,2026-04-17 00:00:00.000,
c6171581-9caf-4458-ac43-47aa6db7dc74.binning_data.json,2026-04-19 03:15:44.653,2026-04-18 03:00:06.950,com.sec.android.app.shealth,25,3702,1.3462462,2737.3672,135.24951,yeLoKu9/uD,com.sec.android.app.shealth,c6171581-9caf-4458-ac43-47aa6db7dc74,2026-04-17 00:00:00.000,
9d066163-eda3-44d5-8241-47ff2a85b2db.binning_data.json,2026-04-19 03:11:37.451,2026-04-18 03:00:57.189,com.sec.android.app.shealth,-2,7426,1.2820796,5535.282,255.8633,VfS0qUERdZ,com.sec.android.app.shealth,9d066163-eda3-44d5-8241-47ff2a85b2db,2026-04-18 00:00:00.000,
0af4500d-afa5-4635-9c27-1c5914610efc.binning_data.json,2026-04-20 03:27:07.751,2026-04-19 03:11:36.483,com.sec.android.app.shealth,-2,4193,1.1711159,3131.2693,146.05782,VfS0qUERdZ,com.sec.android.app.shealth,0af4500d-afa5-4635-9c27-1c5914610efc,2026-04-19 00:00:00.000,
14ab74c6-0011-4711-b8b9-9bde3192899d.binning_data.json,2026-04-20 03:00:05.076,2026-04-19 03:15:40.352,com.sec.android.app.shealth,0,1933,1.2040365,1436.65,59.52999,g1bnYRM2yN,com.sec.android.app.shealth,14ab74c6-0011-4711-b8b9-9bde3192899d,2026-04-19 00:00:00.000,
df81126f-64b3-4418-87f5-0ff41ab3c5b0.binning_data.json,2026-04-19 03:15:41.947,2026-04-19 03:15:41.947,com.sec.android.app.shealth,0,4707,1.211035,3506.82,147.82999,g1bnYRM2yN,com.sec.android.app.shealth,df81126f-64b3-4418-87f5-0ff41ab3c5b0,2026-04-18 00:00:00.000,
b2ccce58-f0fe-436d-9ac7-af1fc5e36d10.binning_data.json,2026-04-21 03:00:06.784,2026-04-19 03:15:44.629,com.sec.android.app.shealth,25,3949,1.306592,2939.832,142.79022,yeLoKu9/uD,com.sec.android.app.shealth,b2ccce58-f0fe-436d-9ac7-af1fc5e36d10,2026-04-19 00:00:00.000,
eb7958bb-fcdb-4de7-a209-0a0d154ea30b.binning_data.json,2026-04-19 03:15:44.649,2026-04-19 03:15:44.649,com.sec.android.app.shealth,25,5685,1.3266977,4223.321,204.91776,yeLoKu9/uD,com.sec.android.app.shealth,eb7958bb-fcdb-4de7-a209-0a0d154ea30b,2026-04-18 00:00:00.000,
9ee505f1-a262-4be3-a2e8-3f29b2ef8b61.binning_data.json,2026-04-21 12:30:30.815,2026-04-20 03:17:44.490,com.sec.android.app.shealth,-2,8945,1.3847005,6704.5225,656.5721,VfS0qUERdZ,com.sec.android.app.shealth,9ee505f1-a262-4be3-a2e8-3f29b2ef8b61,2026-04-20 00:00:00.000,
ed56d2ab-ba50-46e9-a5ca-eed7cef5f4d9.binning_data.json,2026-04-21 03:00:04.255,2026-04-21 03:00:04.255,com.sec.android.app.shealth,0,4064,1.2272472,3024.44,127.56999,g1bnYRM2yN,com.sec.android.app.shealth,ed56d2ab-ba50-46e9-a5ca-eed7cef5f4d9,2026-04-20 00:00:00.000,
1e3ca8e4-f2b5-4422-93ac-d691b8393074.binning_data.json,2026-04-22 03:00:12.613,2026-04-21 03:00:06.809,com.sec.android.app.shealth,25,8398,1.4443341,6282.854,657.3946,yeLoKu9/uD,com.sec.android.app.shealth,1e3ca8e4-f2b5-4422-93ac-d691b8393074,2026-04-20 00:00:00.000,
e78a9f19-29d3-45df-90f2-c757fff986d6.binning_data.json,2026-04-22 11:46:30.844,2026-04-21 10:07:08.298,com.sec.android.app.shealth,-2,8855,1.3753152,6614.5527,318.27533,VfS0qUERdZ,com.sec.android.app.shealth,e78a9f19-29d3-45df-90f2-c757fff986d6,2026-04-21 00:00:00.000,
7aafe924-6833-48db-be10-0461e7884a0a.binning_data.json,2026-04-22 03:00:05.018,2026-04-22 03:00:05.018,com.sec.android.app.shealth,0,3938,1.202315,2925.82,122.899994,g1bnYRM2yN,com.sec.android.app.shealth,7aafe924-6833-48db-be10-0461e7884a0a,2026-04-21 00:00:00.000,
91ab9d27-6480-47c7-8e7e-fc89bcca53cc.binning_data.json,2026-04-23 03:00:06.924,2026-04-22 03:00:12.633,com.sec.android.app.shealth,25,7773,1.4718182,5813.6816,291.91333,yeLoKu9/uD,com.sec.android.app.shealth,91ab9d27-6480-47c7-8e7e-fc89bcca53cc,2026-04-21 00:00:00.000,
1cc124bd-22de-4d28-b103-50dbac926b3d.binning_data.json,2026-04-23 14:16:25.244,2026-04-22 12:02:20.818,com.sec.android.app.shealth,-2,5780,1.4470896,4303.138,200.30022,VfS0qUERdZ,com.sec.android.app.shealth,1cc124bd-22de-4d28-b103-50dbac926b3d,2026-04-22 00:00:00.000,
f68d0428-5ea9-42e5-9b52-2e09e6b7e723.binning_data.json,2026-04-23 03:00:03.524,2026-04-23 03:00:03.524,com.sec.android.app.shealth,0,3576,1.1273677,2615.45,109.499985,g1bnYRM2yN,com.sec.android.app.shealth,f68d0428-5ea9-42e5-9b52-2e09e6b7e723,2026-04-22 00:00:00.000,
048f3ba0-4c71-4dde-a498-9402cb22f0da.binning_data.json,2026-04-24 03:00:06.774,2026-04-23 03:00:06.949,com.sec.android.app.shealth,25,5320,1.6634839,3964.6367,191.97058,yeLoKu9/uD,com.sec.android.app.shealth,048f3ba0-4c71-4dde-a498-9402cb22f0da,2026-04-22 00:00:00.000,
3998b76f-4685-4e04-a838-85ae401f6d09.binning_data.json,2026-04-24 03:01:11.342,2026-04-23 03:15:01.914,com.sec.android.app.shealth,-2,5238,1.4875482,3927.0664,181.26704,VfS0qUERdZ,com.sec.android.app.shealth,3998b76f-4685-4e04-a838-85ae401f6d09,2026-04-23 00:00:00.000,
c5ed1211-b509-4ab8-87d4-b0dba297d8fd.binning_data.json,2026-04-24 03:00:04.081,2026-04-24 03:00:04.081,com.sec.android.app.shealth,0,3544,1.2557764,2659.03,110.67999,g1bnYRM2yN,com.sec.android.app.shealth,c5ed1211-b509-4ab8-87d4-b0dba297d8fd,2026-04-23 00:00:00.000,
22816e66-24d8-4efe-aa21-eef3b9194327.binning_data.json,2026-04-25 03:00:09.105,2026-04-24 03:00:06.763,com.sec.android.app.shealth,25,4717,1.8038952,3517.5957,169.8065,yeLoKu9/uD,com.sec.android.app.shealth,22816e66-24d8-4efe-aa21-eef3b9194327,2026-04-23 00:00:00.000,
2a900ceb-be3a-4d25-8e74-3e87294b8f65.binning_data.json,2026-04-25 12:02:35.005,2026-04-24 10:52:31.090,com.sec.android.app.shealth,-2,5199,1.449984,3903.3135,183.4058,VfS0qUERdZ,com.sec.android.app.shealth,2a900ceb-be3a-4d25-8e74-3e87294b8f65,2026-04-24 00:00:00.000,
8b61d3ca-b652-4d4f-bc99-b91c9fbfff8f.binning_data.json,2026-04-25 03:00:05.059,2026-04-25 03:00:05.059,com.sec.android.app.shealth,0,2724,1.2214042,2050.62,87.63,g1bnYRM2yN,com.sec.android.app.shealth,8b61d3ca-b652-4d4f-bc99-b91c9fbfff8f,2026-04-24 00:00:00.000,
9d1d7e48-38cb-4056-9b6f-b61d47cb3456.binning_data.json,2026-04-26 03:00:17.511,2026-04-25 03:00:09.184,com.sec.android.app.shealth,25,4586,1.537124,3407.2915,164.42451,yeLoKu9/uD,com.sec.android.app.shealth,9d1d7e48-38cb-4056-9b6f-b61d47cb3456,2026-04-24 00:00:00.000,
e2f75c32-152d-4ecc-9b09-df6008b5b54a.binning_data.json,2026-04-26 08:48:00.085,2026-04-25 11:10:39.588,com.sec.android.app.shealth,-2,9746,1.4595442,7265.973,345.8468,VfS0qUERdZ,com.sec.android.app.shealth,e2f75c32-152d-4ecc-9b09-df6008b5b54a,2026-04-25 00:00:00.000,
8b745ab7-0854-4125-96dc-01fa350e516b.binning_data.json,2026-04-26 03:00:14.439,2026-04-26 03:00:14.439,com.sec.android.app.shealth,0,2969,1.2074643,2199.29,92.31999,g1bnYRM2yN,com.sec.android.app.shealth,8b745ab7-0854-4125-96dc-01fa350e516b,2026-04-25 00:00:00.000,
5243950b-8c04-4af7-b3ee-0270c55f1e73.binning_data.json,2026-04-27 03:30:22.552,2026-04-26 03:00:17.274,com.sec.android.app.shealth,25,9373,1.4722012,6992.956,338.04672,yeLoKu9/uD,com.sec.android.app.shealth,5243950b-8c04-4af7-b3ee-0270c55f1e73,2026-04-25 00:00:00.000,
2e51494e-bf06-4611-bf43-3af946e90b01.binning_data.json,2026-04-27 17:04:00.961,2026-04-26 08:43:33.505,com.sec.android.app.shealth,-2,12138,1.7016008,9122.43,409.2162,VfS0qUERdZ,com.sec.android.app.shealth,2e51494e-bf06-4611-bf43-3af946e90b01,2026-04-26 00:00:00.000,
30c20a3f-2fbc-4e8d-ab64-891c9491330c.binning_data.json,2026-04-27 03:30:06.462,2026-04-27 03:30:06.462,com.sec.android.app.shealth,0,8410,1.2858825,6319.34,256.69998,g1bnYRM2yN,com.sec.android.app.shealth,30c20a3f-2fbc-4e8d-ab64-891c9491330c,2026-04-26 00:00:00.000,
748e5483-30d6-4eed-8e23-9e3fc658b0fd.binning_data.json,2026-04-28 03:00:08.408,2026-04-27 03:30:22.480,com.sec.android.app.shealth,25,11005,2.5010731,8253.541,395.59476,yeLoKu9/uD,com.sec.android.app.shealth,748e5483-30d6-4eed-8e23-9e3fc658b0fd,2026-04-26 00:00:00.000,
56eaaf60-5931-4bc3-bd51-0d52345f0dd3.binning_data.json,2026-04-28 09:44:52.517,2026-04-27 04:16:41.854,com.sec.android.app.shealth,-2,9144,1.4916642,6859.178,318.8502,VfS0qUERdZ,com.sec.android.app.shealth,56eaaf60-5931-4bc3-bd51-0d52345f0dd3,2026-04-27 00:00:00.000,
17dc3b77-b537-4046-96f2-47d233389a72.binning_data.json,2026-04-28 03:00:04.304,2026-04-28 03:00:04.304,com.sec.android.app.shealth,0,3916,1.2308834,2941.53,123.299995,g1bnYRM2yN,com.sec.android.app.shealth,17dc3b77-b537-4046-96f2-47d233389a72,2026-04-27 00:00:00.000,
a639aa3f-23f9-4829-b7c0-4f82725bde0f.binning_data.json,2026-04-29 03:34:54.371,2026-04-28 03:00:08.401,com.sec.android.app.shealth,25,8042,1.5932323,6001.1753,287.79968,yeLoKu9/uD,com.sec.android.app.shealth,a639aa3f-23f9-4829-b7c0-4f82725bde0f,2026-04-27 00:00:00.000,
2fef6586-f4b2-497d-bfb0-805a0ba6cb78.binning_data.json,2026-04-29 02:36:21.473,2026-04-28 12:28:20.616,com.sec.android.app.shealth,-2,6139,1.4474251,4567.6567,211.03758,VfS0qUERdZ,com.sec.android.app.shealth,2fef6586-f4b2-497d-bfb0-805a0ba6cb78,2026-04-28 00:00:00.000,
cd021d93-3dbf-4a9f-a68e-c4a1d7a9807f.binning_data.json,2026-04-29 03:34:44.764,2026-04-29 03:34:44.764,com.sec.android.app.shealth,0,4151,1.1823721,3076.22,127.569984,g1bnYRM2yN,com.sec.android.app.shealth,cd021d93-3dbf-4a9f-a68e-c4a1d7a9807f,2026-04-28 00:00:00.000,
e77605a9-2ba4-42cc-abee-30d937a3a7c4.binning_data.json,2026-04-29 03:34:54.203,2026-04-29 03:34:54.203,com.sec.android.app.shealth,25,5402,1.8791286,4008.8076,196.97487,yeLoKu9/uD,com.sec.android.app.shealth,e77605a9-2ba4-42cc-abee-30d937a3a7c4,2026-04-28 00:00:00.000,
9f743c30-005d-4ee9-9391-bcf08a8a24d4.binning_data.json,2026-04-30 03:02:47.314,2026-04-29 04:49:38.932,com.sec.android.app.shealth,-2,10407,1.4991946,7779.316,356.2195,VfS0qUERdZ,com.sec.android.app.shealth,9f743c30-005d-4ee9-9391-bcf08a8a24d4,2026-04-29 00:00:00.000,
1016b0b3-4343-4fec-8c26-71a9a60048e3.binning_data.json,2026-04-30 03:00:04.247,2026-04-30 03:00:04.247,com.sec.android.app.shealth,0,5969,1.2774934,4475.73,181.93997,g1bnYRM2yN,com.sec.android.app.shealth,1016b0b3-4343-4fec-8c26-71a9a60048e3,2026-04-29 00:00:00.000,
ae0131f6-7ba2-4844-981a-bd6cf84777d2.binning_data.json,2026-05-01 03:06:33.502,2026-04-30 03:00:07.065,com.sec.android.app.shealth,25,9923,1.8991787,7406.7974,355.70255,yeLoKu9/uD,com.sec.android.app.shealth,ae0131f6-7ba2-4844-981a-bd6cf84777d2,2026-04-29 00:00:00.000,
2b9bd9ac-6ad2-41ea-b358-4f41c95c71d3.binning_data.json,2026-05-01 00:16:03.668,2026-04-30 03:06:51.482,com.sec.android.app.shealth,-2,6668,1.4541584,4985.512,234.50308,VfS0qUERdZ,com.sec.android.app.shealth,2b9bd9ac-6ad2-41ea-b358-4f41c95c71d3,2026-04-30 00:00:00.000,
cadb53a3-6b9b-445c-8188-dcc7d50eb267.binning_data.json,2026-05-02 07:12:09.786,2026-05-01 03:06:20.083,com.sec.android.app.shealth,-2,10038,1.5124769,7457.802,376.03592,VfS0qUERdZ,com.sec.android.app.shealth,cadb53a3-6b9b-445c-8188-dcc7d50eb267,2026-05-01 00:00:00.000,
531650c7-3bde-4ef5-afa7-0cee3dda4c33.binning_data.json,2026-05-02 03:00:04.780,2026-05-01 03:06:24.873,com.sec.android.app.shealth,0,6107,1.1945329,4521.32,188.91998,g1bnYRM2yN,com.sec.android.app.shealth,531650c7-3bde-4ef5-afa7-0cee3dda4c33,2026-05-01 00:00:00.000,
33eedb3c-2c04-4263-9dcc-1de95baf158a.binning_data.json,2026-05-01 03:06:24.897,2026-05-01 03:06:24.897,com.sec.android.app.shealth,0,2933,1.2300802,2184.54,90.289986,g1bnYRM2yN,com.sec.android.app.shealth,33eedb3c-2c04-4263-9dcc-1de95baf158a,2026-04-30 00:00:00.000,
aa1f3fb4-2ec3-43e0-9326-1cf4affc0a72.binning_data.json,2026-05-01 03:06:32.697,2026-05-01 03:06:32.697,com.sec.android.app.shealth,25,6339,1.6124375,4729.8164,231.34229,yeLoKu9/uD,com.sec.android.app.shealth,aa1f3fb4-2ec3-43e0-9326-1cf4affc0a72,2026-04-30 00:00:00.000,
0501534b-2859-434d-a862-f54d9d5451b0.binning_data.json,2026-05-03 03:00:16.283,2026-05-02 03:00:08.053,com.sec.android.app.shealth,25,9232,1.7737116,6858.3516,361.63712,yeLoKu9/uD,com.sec.android.app.shealth,0501534b-2859-434d-a862-f54d9d5451b0,2026-05-01 00:00:00.000,
12eaad30-8d78-49ad-82c3-ba4a440abe89.binning_data.json,2026-05-03 05:33:58.257,2026-05-02 03:32:48.471,com.sec.android.app.shealth,-2,16114,1.5617794,12527.854,573.4796,VfS0qUERdZ,com.sec.android.app.shealth,12eaad30-8d78-49ad-82c3-ba4a440abe89,2026-05-02 00:00:00.000,
f42659de-8618-44a5-8ed1-34d47ab5fed8.binning_data.json,2026-05-03 03:00:08.013,2026-05-03 03:00:08.013,com.sec.android.app.shealth,0,11436,1.4515336,9014.88,384.71997,g1bnYRM2yN,com.sec.android.app.shealth,f42659de-8618-44a5-8ed1-34d47ab5fed8,2026-05-02 00:00:00.000,
e383f183-5dd6-47ee-94a4-4f7dbfc4dae6.binning_data.json,2026-05-04 03:22:40.698,2026-05-03 03:00:16.331,com.sec.android.app.shealth,25,13969,1.9115791,10672.984,525.5133,yeLoKu9/uD,com.sec.android.app.shealth,e383f183-5dd6-47ee-94a4-4f7dbfc4dae6,2026-05-02 00:00:00.000,
9e51e329-294b-4ce7-8473-cac60d005349.binning_data.json,2026-05-04 12:24:36.712,2026-05-03 03:21:33.775,com.sec.android.app.shealth,-2,6377,1.3098388,4765.302,223.801,VfS0qUERdZ,com.sec.android.app.shealth,9e51e329-294b-4ce7-8473-cac60d005349,2026-05-03 00:00:00.000,
b9799c87-775e-4962-b12a-68c2a6684353.binning_data.json,2026-05-04 03:22:34.410,2026-05-04 03:22:34.410,com.sec.android.app.shealth,0,2957,1.2271687,2203.22,91.549995,g1bnYRM2yN,com.sec.android.app.shealth,b9799c87-775e-4962-b12a-68c2a6684353,2026-05-03 00:00:00.000,
e5044dd6-2375-4113-8182-69a9fc3deb26.binning_data.json,2026-05-05 03:00:14.191,2026-05-04 03:22:40.679,com.sec.android.app.shealth,25,5859,1.4834229,4376.0977,211.75806,yeLoKu9/uD,com.sec.android.app.shealth,e5044dd6-2375-4113-8182-69a9fc3deb26,2026-05-03 00:00:00.000,
2879954f-340a-494e-a4a4-f2a5c8522a5c.binning_data.json,2026-05-05 12:06:04.733,2026-05-04 12:03:01.253,com.sec.android.app.shealth,-2,11186,1.3724755,8389.144,420.33875,VfS0qUERdZ,com.sec.android.app.shealth,2879954f-340a-494e-a4a4-f2a5c8522a5c,2026-05-04 00:00:00.000,
272883d9-1e89-4a70-af42-01a0e91a3368.binning_data.json,2026-05-05 03:00:03.481,2026-05-05 03:00:03.481,com.sec.android.app.shealth,0,6556,1.2404885,4912.13,203.79997,g1bnYRM2yN,com.sec.android.app.shealth,272883d9-1e89-4a70-af42-01a0e91a3368,2026-05-04 00:00:00.000,
0be77c32-d09a-41cd-a18f-7ec3e786c345.binning_data.json,2026-05-06 03:00:29.992,2026-05-05 03:00:12.721,com.sec.android.app.shealth,25,10314,1.6657448,7662.426,479.15613,yeLoKu9/uD,com.sec.android.app.shealth,0be77c32-d09a-41cd-a18f-7ec3e786c345,2026-05-04 00:00:00.000,
e7f477da-8e07-4d07-b1c8-0d8bdeb6054c.binning_data.json,2026-05-06 11:17:33.300,2026-05-05 11:42:38.646,com.sec.android.app.shealth,-2,7551,1.3522887,5585.7803,263.32883,VfS0qUERdZ,com.sec.android.app.shealth,e7f477da-8e07-4d07-b1c8-0d8bdeb6054c,2026-05-05 00:00:00.000,
2196241e-27bf-4869-a61f-052c14620587.binning_data.json,2026-05-07 03:01:38.234,2026-05-06 03:00:08.181,com.sec.android.app.shealth,-2,5094,1.3329628,3848.4363,179.25955,VfS0qUERdZ,com.sec.android.app.shealth,2196241e-27bf-4869-a61f-052c14620587,2026-05-06 00:00:00.000,
a0da2198-ec70-483f-9b23-6b2bb29d2793.binning_data.json,2026-05-06 03:00:23.109,2026-05-06 03:00:23.109,com.sec.android.app.shealth,0,3381,1.1683648,2488.67,104.27,g1bnYRM2yN,com.sec.android.app.shealth,a0da2198-ec70-483f-9b23-6b2bb29d2793,2026-05-05 00:00:00.000,
193dc732-4728-4c0e-8147-051573e3e4d9.binning_data.json,2026-05-07 03:00:04.134,2026-05-06 03:00:23.613,com.sec.android.app.shealth,0,2503,1.2678999,1884.49,77.969986,g1bnYRM2yN,com.sec.android.app.shealth,193dc732-4728-4c0e-8147-051573e3e4d9,2026-05-06 00:00:00.000,
a1b1f2dc-2e53-4eaf-85df-d4074e40fbd7.binning_data.json,2026-05-07 03:00:07.602,2026-05-06 03:00:30.009,com.sec.android.app.shealth,25,7227,1.5202973,5346.379,261.10596,yeLoKu9/uD,com.sec.android.app.shealth,a1b1f2dc-2e53-4eaf-85df-d4074e40fbd7,2026-05-05 00:00:00.000,
e7a43aa4-b23a-4563-9721-7088229ae9ce.binning_data.json,2026-05-08 03:47:11.718,2026-05-07 03:00:07.572,com.sec.android.app.shealth,25,4755,1.5431137,3574.8801,174.13788,yeLoKu9/uD,com.sec.android.app.shealth,e7a43aa4-b23a-4563-9721-7088229ae9ce,2026-05-06 00:00:00.000,
39143b2e-50c5-4c27-bbd1-e7b20a06bf4a.binning_data.json,2026-05-08 10:51:45.949,2026-05-07 03:00:26.851,com.sec.android.app.shealth,-2,8122,1.4357091,6085.897,286.72006,VfS0qUERdZ,com.sec.android.app.shealth,39143b2e-50c5-4c27-bbd1-e7b20a06bf4a,2026-05-07 00:00:00.000,
6c8eaee0-a22f-434d-a9c5-46ba7442d9a8.binning_data.json,2026-05-08 03:46:59.809,2026-05-08 03:46:59.809,com.sec.android.app.shealth,0,2918,1.2218301,2169.07,89.649994,g1bnYRM2yN,com.sec.android.app.shealth,6c8eaee0-a22f-434d-a9c5-46ba7442d9a8,2026-05-07 00:00:00.000,
22932de9-4621-4b2b-9cb2-587892f08083.binning_data.json,2026-05-09 03:00:05.287,2026-05-08 03:47:11.704,com.sec.android.app.shealth,25,7797,1.5287659,5834.7896,281.7541,yeLoKu9/uD,com.sec.android.app.shealth,22932de9-4621-4b2b-9cb2-587892f08083,2026-05-07 00:00:00.000,
5b05719e-2133-4aa8-9cc9-9de2d922846a.binning_data.json,2026-05-09 04:41:16.098,2026-05-08 10:47:45.699,com.sec.android.app.shealth,-2,9335,1.4901048,6996.406,328.9954,VfS0qUERdZ,com.sec.android.app.shealth,5b05719e-2133-4aa8-9cc9-9de2d922846a,2026-05-08 00:00:00.000,
0aef3616-5663-48a0-a9dc-024423f17cb8.binning_data.json,2026-05-09 03:00:03.059,2026-05-09 03:00:03.059,com.sec.android.app.shealth,0,3393,1.1884454,2508.9001,104.649994,g1bnYRM2yN,com.sec.android.app.shealth,0aef3616-5663-48a0-a9dc-024423f17cb8,2026-05-08 00:00:00.000,
f2aaaef2-7015-465c-a8cc-222929be062b.binning_data.json,2026-05-10 03:00:07.445,2026-05-09 03:00:05.309,com.sec.android.app.shealth,25,8794,1.5688072,6588.99,316.73892,yeLoKu9/uD,com.sec.android.app.shealth,f2aaaef2-7015-465c-a8cc-222929be062b,2026-05-08 00:00:00.000,
dc0cd86f-c001-45c7-bbf9-38cc9c130c21.binning_data.json,2026-05-10 13:32:35.993,2026-05-09 10:59:52.364,com.sec.android.app.shealth,-2,7816,1.3333193,5837.15,265.77747,VfS0qUERdZ,com.sec.android.app.shealth,dc0cd86f-c001-45c7-bbf9-38cc9c130c21,2026-05-09 00:00:00.000,
90a3e63e-9a5b-454f-bc9f-3b95f64090e3.binning_data.json,2026-05-10 03:00:04.393,2026-05-10 03:00:04.393,com.sec.android.app.shealth,0,5191,1.2550799,3878.66,159.77997,g1bnYRM2yN,com.sec.android.app.shealth,90a3e63e-9a5b-454f-bc9f-3b95f64090e3,2026-05-09 00:00:00.000,
cc675997-bfbb-4b48-b633-6cd040eab4b3.binning_data.json,2026-05-11 03:00:11.010,2026-05-10 03:00:07.356,com.sec.android.app.shealth,25,7120,1.6099397,5312.801,255.55927,yeLoKu9/uD,com.sec.android.app.shealth,cc675997-bfbb-4b48-b633-6cd040eab4b3,2026-05-09 00:00:00.000,
2e42fc84-37d5-49a9-bb1b-c91394c5e53f.binning_data.json,2026-05-11 12:35:50.873,2026-05-10 13:38:30.074,com.sec.android.app.shealth,-2,3785,1.2945216,2834.4036,129.76488,VfS0qUERdZ,com.sec.android.app.shealth,2e42fc84-37d5-49a9-bb1b-c91394c5e53f,2026-05-10 00:00:00.000,
d4e896c2-0a75-4fe8-80fe-b2971aa95ff3.binning_data.json,2026-05-11 03:00:04.157,2026-05-11 03:00:04.157,com.sec.android.app.shealth,0,2348,1.1891786,1735.58,73.18,g1bnYRM2yN,com.sec.android.app.shealth,d4e896c2-0a75-4fe8-80fe-b2971aa95ff3,2026-05-10 00:00:00.000,
6bd0b3c1-f4b9-4253-b1b8-d642544a0dd5.binning_data.json,2026-05-12 03:00:16.334,2026-05-11 03:00:10.972,com.sec.android.app.shealth,25,2141,1.3868115,1617.9467,79.58185,yeLoKu9/uD,com.sec.android.app.shealth,6bd0b3c1-f4b9-4253-b1b8-d642544a0dd5,2026-05-10 00:00:00.000,
90ba052b-2d70-4c72-9559-61831356a0d2.binning_data.json,2026-05-12 04:08:18.592,2026-05-11 03:19:33.513,com.sec.android.app.shealth,-2,10275,1.4617517,7695.644,362.60223,VfS0qUERdZ,com.sec.android.app.shealth,90ba052b-2d70-4c72-9559-61831356a0d2,2026-05-11 00:00:00.000,
62c509ea-85d7-434d-a9cf-de18e3b0333a.binning_data.json,2026-05-12 03:00:06.848,2026-05-12 03:00:06.848,com.sec.android.app.shealth,0,4606,1.1904801,3408.64,141.18,g1bnYRM2yN,com.sec.android.app.shealth,62c509ea-85d7-434d-a9cf-de18e3b0333a,2026-05-11 00:00:00.000,
e3e0e2f1-8b99-415c-b02e-1695140caf1d.binning_data.json,2026-05-13 03:00:11.936,2026-05-12 03:00:16.988,com.sec.android.app.shealth,25,9829,1.6191566,7367.1626,357.51013,yeLoKu9/uD,com.sec.android.app.shealth,e3e0e2f1-8b99-415c-b02e-1695140caf1d,2026-05-11 00:00:00.000,
064ebd8b-6921-4c56-af43-b3409fa9035d.binning_data.json,2026-05-13 03:00:43.353,2026-05-12 03:30:37.036,com.sec.android.app.shealth,-2,6693,1.4474956,5000.517,237.63019,VfS0qUERdZ,com.sec.android.app.shealth,064ebd8b-6921-4c56-af43-b3409fa9035d,2026-05-12 00:00:00.000,
5ff96d0d-6af5-4800-a420-c1d17ef84594.binning_data.json,2026-05-13 03:00:05.046,2026-05-13 03:00:05.046,com.sec.android.app.shealth,0,3394,1.2097923,2524.44,103.729996,g1bnYRM2yN,com.sec.android.app.shealth,5ff96d0d-6af5-4800-a420-c1d17ef84594,2026-05-12 00:00:00.000,
d869eb59-aecc-43dd-b9e8-726416b5f8d2.binning_data.json,2026-05-14 03:00:05.632,2026-05-13 03:00:12.544,com.sec.android.app.shealth,25,6256,1.6217736,4676.114,229.84558,yeLoKu9/uD,com.sec.android.app.shealth,d869eb59-aecc-43dd-b9e8-726416b5f8d2,2026-05-12 00:00:00.000,
3acc9398-65a2-40bc-935b-5d7acedd20ec.binning_data.json,2026-05-14 03:06:08.495,2026-05-13 12:59:15.126,com.sec.android.app.shealth,-2,5291,1.3361657,3968.025,189.06648,VfS0qUERdZ,com.sec.android.app.shealth,3acc9398-65a2-40bc-935b-5d7acedd20ec,2026-05-13 00:00:00.000,
4cc66001-d67a-410c-99c1-ef9d907adc3c.binning_data.json,2026-05-14 03:00:03.259,2026-05-14 03:00:03.259,com.sec.android.app.shealth,0,2050,1.1498144,1507.26,64.24999,g1bnYRM2yN,com.sec.android.app.shealth,4cc66001-d67a-410c-99c1-ef9d907adc3c,2026-05-13 00:00:00.000,
6b6d0715-a133-43e6-967f-3223b13eb895.binning_data.json,2026-05-15 03:00:08.000,2026-05-14 03:00:05.627,com.sec.android.app.shealth,25,4869,1.3460808,3656.8525,178.41559,yeLoKu9/uD,com.sec.android.app.shealth,6b6d0715-a133-43e6-967f-3223b13eb895,2026-05-13 00:00:00.000,
e41ef568-e155-40a7-955e-e8dc0f185fd9.binning_data.json,2026-05-15 10:58:15.129,2026-05-14 03:03:11.083,com.sec.android.app.shealth,-2,8141,1.4791577,6056.3105,281.75812,VfS0qUERdZ,com.sec.android.app.shealth,e41ef568-e155-40a7-955e-e8dc0f185fd9,2026-05-14 00:00:00.000,
f4834284-3520-47fd-b7f8-ffda4295f690.binning_data.json,2026-05-15 03:00:05.682,2026-05-15 03:00:05.682,com.sec.android.app.shealth,0,5172,1.1956645,3830.43,159.04999,g1bnYRM2yN,com.sec.android.app.shealth,f4834284-3520-47fd-b7f8-ffda4295f690,2026-05-14 00:00:00.000,
959d803e-752f-426e-8cca-e2e8185fb6a6.binning_data.json,2026-05-16 03:00:09.656,2026-05-15 03:00:08.024,com.sec.android.app.shealth,25,7330,1.7229812,5456.1074,264.677,yeLoKu9/uD,com.sec.android.app.shealth,959d803e-752f-426e-8cca-e2e8185fb6a6,2026-05-14 00:00:00.000,
1eab93c6-69a4-489b-8178-52e361d4016f.binning_data.json,2026-05-16 12:16:16.418,2026-05-15 03:29:20.497,com.sec.android.app.shealth,-2,6204,1.434801,4645.418,216.0016,VfS0qUERdZ,com.sec.android.app.shealth,1eab93c6-69a4-489b-8178-52e361d4016f,2026-05-15 00:00:00.000,
52e9ab78-b8f4-4149-9c9c-7b2b32931950.binning_data.json,2026-05-16 03:00:06.703,2026-05-16 03:00:06.703,com.sec.android.app.shealth,0,3068,1.2290974,2287.62,95.24,g1bnYRM2yN,com.sec.android.app.shealth,52e9ab78-b8f4-4149-9c9c-7b2b32931950,2026-05-15 00:00:00.000,
2890bf7a-97a4-499c-ae29-7193672fa23c.binning_data.json,2026-05-17 03:00:08.829,2026-05-16 03:00:09.644,com.sec.android.app.shealth,25,5164,1.5877509,3863.5273,187.68787,yeLoKu9/uD,com.sec.android.app.shealth,2890bf7a-97a4-499c-ae29-7193672fa23c,2026-05-15 00:00:00.000,
78440153-2f88-4c9f-a64a-422c4d7d4958.binning_data.json,2026-05-17 03:20:22.896,2026-05-16 03:05:49.259,com.sec.android.app.shealth,-2,8657,1.2986783,6493.762,294.26093,VfS0qUERdZ,com.sec.android.app.shealth,78440153-2f88-4c9f-a64a-422c4d7d4958,2026-05-16 00:00:00.000,
288efa1a-d823-4ca8-9144-48651faa9e26.binning_data.json,2026-05-17 03:00:05.845,2026-05-17 03:00:05.845,com.sec.android.app.shealth,0,5584,1.2635058,4182.41,174.32999,g1bnYRM2yN,com.sec.android.app.shealth,288efa1a-d823-4ca8-9144-48651faa9e26,2026-05-16 00:00:00.000,
1ea0be41-0459-4ea9-abe1-e855c1c8be1f.binning_data.json,2026-05-18 03:00:19.971,2026-05-17 03:00:08.792,com.sec.android.app.shealth,25,6527,1.3813822,4880.8843,234.94284,yeLoKu9/uD,com.sec.android.app.shealth,1ea0be41-0459-4ea9-abe1-e855c1c8be1f,2026-05-16 00:00:00.000,
9fbe26e0-37e5-4377-9779-df5a3852a667.binning_data.json,2026-05-18 11:34:41.493,2026-05-17 03:09:50.917,com.sec.android.app.shealth,-2,5644,1.2336681,4262.413,201.73155,VfS0qUERdZ,com.sec.android.app.shealth,9fbe26e0-37e5-4377-9779-df5a3852a667,2026-05-17 00:00:00.000,
b0335563-8654-4954-890b-309bbac66089.binning_data.json,2026-05-18 03:00:08.662,2026-05-18 03:00:08.662,com.sec.android.app.shealth,0,2765,1.2749528,2079.32,86.249985,g1bnYRM2yN,com.sec.android.app.shealth,b0335563-8654-4954-890b-309bbac66089,2026-05-17 00:00:00.000,
4012b452-ced4-4bac-bfe9-3834fb83389c.binning_data.json,2026-05-19 03:00:07.208,2026-05-18 03:00:19.987,com.sec.android.app.shealth,25,4974,1.2958357,3757.9238,186.98094,yeLoKu9/uD,com.sec.android.app.shealth,4012b452-ced4-4bac-bfe9-3834fb83389c,2026-05-17 00:00:00.000,
a8b3a752-8795-4d47-aedb-b616caf93cef.binning_data.json,2026-05-19 17:22:27.857,2026-05-18 03:04:03.550,com.sec.android.app.shealth,-2,4172,1.2653878,3139.0745,158.06236,VfS0qUERdZ,com.sec.android.app.shealth,a8b3a752-8795-4d47-aedb-b616caf93cef,2026-05-18 00:00:00.000,
2606c84e-c812-4ea3-9b29-4e340bbe34ef.binning_data.json,2026-05-19 03:00:04.085,2026-05-19 03:00:04.085,com.sec.android.app.shealth,0,1283,1.2426639,957.14,40.019997,g1bnYRM2yN,com.sec.android.app.shealth,2606c84e-c812-4ea3-9b29-4e340bbe34ef,2026-05-18 00:00:00.000,
9199c555-9730-4362-8599-4b45a260e732.binning_data.json,2026-05-20 03:00:08.140,2026-05-19 03:00:07.230,com.sec.android.app.shealth,25,3767,1.2434847,2839.29,146.9198,yeLoKu9/uD,com.sec.android.app.shealth,9199c555-9730-4362-8599-4b45a260e732,2026-05-18 00:00:00.000,
7a19c38d-7d7d-4412-abb1-10cf4f9f02e2.binning_data.json,2026-05-20 13:08:58.391,2026-05-19 03:05:03.066,com.sec.android.app.shealth,-2,6879,1.5705868,5158.4873,242.38983,VfS0qUERdZ,com.sec.android.app.shealth,7a19c38d-7d7d-4412-abb1-10cf4f9f02e2,2026-05-19 00:00:00.000,
ac0ec709-aeb2-479e-84fb-84285516d46d.binning_data.json,2026-05-20 03:00:05.220,2026-05-20 03:00:05.220,com.sec.android.app.shealth,0,4408,1.1836271,3290.02,140.05,g1bnYRM2yN,com.sec.android.app.shealth,ac0ec709-aeb2-479e-84fb-84285516d46d,2026-05-19 00:00:00.000,
d92e9e3c-60d9-41ae-a7b5-2dfdf213805b.binning_data.json,2026-05-21 03:00:06.503,2026-05-20 03:00:08.134,com.sec.android.app.shealth,25,6235,1.8045259,4631.616,225.45923,yeLoKu9/uD,com.sec.android.app.shealth,d92e9e3c-60d9-41ae-a7b5-2dfdf213805b,2026-05-19 00:00:00.000,
f55abe17-dd7e-4bfb-bf51-54f0fc8951aa.binning_data.json,2026-05-21 13:27:35.752,2026-05-20 13:06:14.760,com.sec.android.app.shealth,-2,5689,1.340775,4278.4414,196.74783,VfS0qUERdZ,com.sec.android.app.shealth,f55abe17-dd7e-4bfb-bf51-54f0fc8951aa,2026-05-20 00:00:00.000,
e22d8bae-04af-4901-ba39-d2b3a7101896.binning_data.json,2026-05-21 03:00:03.624,2026-05-21 03:00:03.624,com.sec.android.app.shealth,0,3230,1.2638797,2420.67,99.209984,g1bnYRM2yN,com.sec.android.app.shealth,e22d8bae-04af-4901-ba39-d2b3a7101896,2026-05-20 00:00:00.000,
f91f3fdc-ca1c-4bb3-9e38-7d80af5a2922.binning_data.json,2026-05-22 03:00:09.515,2026-05-21 03:00:06.498,com.sec.android.app.shealth,25,5305,1.5741372,3987.8145,195.28119,yeLoKu9/uD,com.sec.android.app.shealth,f91f3fdc-ca1c-4bb3-9e38-7d80af5a2922,2026-05-20 00:00:00.000,
7620b77b-a919-4ce8-9a0d-33bc744750cc.binning_data.json,2026-05-22 10:52:51.562,2026-05-21 13:03:15.020,com.sec.android.app.shealth,-2,5574,1.1445992,4161.543,192.6975,VfS0qUERdZ,com.sec.android.app.shealth,7620b77b-a919-4ce8-9a0d-33bc744750cc,2026-05-21 00:00:00.000,
be9c5c0b-0837-4f95-a8f0-43482dbcd9e4.binning_data.json,2026-05-22 03:00:06.086,2026-05-22 03:00:06.086,com.sec.android.app.shealth,0,2841,1.1939588,2101.84,87.56,g1bnYRM2yN,com.sec.android.app.shealth,be9c5c0b-0837-4f95-a8f0-43482dbcd9e4,2026-05-21 00:00:00.000,
17ff11c3-72f4-4a8a-96d6-dc2ba5025e8f.binning_data.json,2026-05-23 04:13:38.907,2026-05-22 03:00:09.506,com.sec.android.app.shealth,25,5040,1.2785511,3771.7258,183.58704,yeLoKu9/uD,com.sec.android.app.shealth,17ff11c3-72f4-4a8a-96d6-dc2ba5025e8f,2026-05-21 00:00:00.000,
11fe20a3-80d0-4190-b3bf-2be8aa2863e8.binning_data.json,2026-05-23 04:17:22.616,2026-05-22 03:02:44.634,com.sec.android.app.shealth,-2,6793,1.4030577,5101.473,237.79214,VfS0qUERdZ,com.sec.android.app.shealth,11fe20a3-80d0-4190-b3bf-2be8aa2863e8,2026-05-22 00:00:00.000,
6d0f5c07-596a-4458-aecc-55065915102c.binning_data.json,2026-05-23 04:13:38.729,2026-05-23 04:13:38.729,com.sec.android.app.shealth,0,3193,1.213499,2373.97,98.01999,g1bnYRM2yN,com.sec.android.app.shealth,6d0f5c07-596a-4458-aecc-55065915102c,2026-05-22 00:00:00.000,
ab6f52cd-26a7-4c6f-a2ff-56e2d2f5902e.binning_data.json,2026-05-24 03:01:51.481,2026-05-23 04:13:38.755,com.sec.android.app.shealth,25,6388,1.613247,4785.9663,233.32683,yeLoKu9/uD,com.sec.android.app.shealth,ab6f52cd-26a7-4c6f-a2ff-56e2d2f5902e,2026-05-22 00:00:00.000,
dd8aa8d6-31df-413f-a7a5-87140227cafe.binning_data.json,2026-05-24 03:23:31.388,2026-05-23 04:17:21.625,com.sec.android.app.shealth,-2,8935,1.429659,6675.8906,316.46896,VfS0qUERdZ,com.sec.android.app.shealth,dd8aa8d6-31df-413f-a7a5-87140227cafe,2026-05-23 00:00:00.000,
54121114-52cc-4652-ab2d-7a8cc52c68e4.binning_data.json,2026-05-24 03:01:37.482,2026-05-24 03:01:37.482,com.sec.android.app.shealth,0,2957,1.2375675,2204.12,92.689995,g1bnYRM2yN,com.sec.android.app.shealth,54121114-52cc-4652-ab2d-7a8cc52c68e4,2026-05-23 00:00:00.000,
83cb4c38-2afb-4493-85b9-9b4e36edf256.binning_data.json,2026-05-25 03:00:37.682,2026-05-24 03:01:51.591,com.sec.android.app.shealth,25,8466,1.4650235,6324.018,307.83182,yeLoKu9/uD,com.sec.android.app.shealth,83cb4c38-2afb-4493-85b9-9b4e36edf256,2026-05-23 00:00:00.000,
b214468e-a736-4d92-82bd-4d63108b1b18.binning_data.json,2026-05-25 13:10:54.189,2026-05-24 03:22:15.876,com.sec.android.app.shealth,-2,4491,1.1543754,3362.0276,161.23236,VfS0qUERdZ,com.sec.android.app.shealth,b214468e-a736-4d92-82bd-4d63108b1b18,2026-05-24 00:00:00.000,
078fce69-3c31-46ee-b411-47b0a44fe11b.binning_data.json,2026-05-25 03:00:27.448,2026-05-25 03:00:27.448,com.sec.android.app.shealth,0,1238,1.1955646,917.2,38.579998,g1bnYRM2yN,com.sec.android.app.shealth,078fce69-3c31-46ee-b411-47b0a44fe11b,2026-05-24 00:00:00.000,
3e6a7451-ffd4-4070-9fd2-f4f88afe375b.binning_data.json,2026-05-26 03:11:43.140,2026-05-25 03:00:37.725,com.sec.android.app.shealth,25,4363,1.1719743,3261.995,159.02545,yeLoKu9/uD,com.sec.android.app.shealth,3e6a7451-ffd4-4070-9fd2-f4f88afe375b,2026-05-24 00:00:00.000,
23b53226-e978-4ca8-a442-21225853b952.binning_data.json,2026-05-26 11:38:53.641,2026-05-25 03:03:46.369,com.sec.android.app.shealth,-2,6054,1.423498,4494.7954,212.54773,VfS0qUERdZ,com.sec.android.app.shealth,23b53226-e978-4ca8-a442-21225853b952,2026-05-25 00:00:00.000,
57744dd3-28cb-4f56-ae9a-6491757ae485.binning_data.json,2026-05-26 03:11:36.219,2026-05-26 03:11:36.219,com.sec.android.app.shealth,0,2935,1.1874931,2173.24,90.20999,g1bnYRM2yN,com.sec.android.app.shealth,57744dd3-28cb-4f56-ae9a-6491757ae485,2026-05-25 00:00:00.000,
b4d1ac7c-4805-4444-8a46-a6f06bdab271.binning_data.json,2026-05-27 03:00:09.522,2026-05-26 03:11:43.072,com.sec.android.app.shealth,25,5279,1.6079806,3912.753,193.49492,yeLoKu9/uD,com.sec.android.app.shealth,b4d1ac7c-4805-4444-8a46-a6f06bdab271,2026-05-25 00:00:00.000,
d8435dda-6526-49de-8180-7f2c74eb3b11.binning_data.json,2026-05-27 03:09:12.629,2026-05-26 03:18:55.698,com.sec.android.app.shealth,-2,5874,1.5816505,4383.6567,207.65048,VfS0qUERdZ,com.sec.android.app.shealth,d8435dda-6526-49de-8180-7f2c74eb3b11,2026-05-26 00:00:00.000,
a415a85b-ac76-4fd9-b850-17640ab811ef.binning_data.json,2026-05-27 03:00:06.088,2026-05-27 03:00:06.088,com.sec.android.app.shealth,0,3446,1.2206784,2561.17,105.24999,g1bnYRM2yN,com.sec.android.app.shealth,a415a85b-ac76-4fd9-b850-17640ab811ef,2026-05-26 00:00:00.000,
38baf0b7-c986-4b08-bf6d-d43528bf8a54.binning_data.json,2026-05-28 03:00:55.113,2026-05-27 03:00:09.514,com.sec.android.app.shealth,25,5540,1.7974617,4134.162,203.6757,yeLoKu9/uD,com.sec.android.app.shealth,38baf0b7-c986-4b08-bf6d-d43528bf8a54,2026-05-26 00:00:00.000,
0e7dd94f-7048-4190-89fb-4ddec1c4eb11.binning_data.json,2026-05-28 11:39:08.543,2026-05-27 03:03:42.584,com.sec.android.app.shealth,-2,5701,1.4144763,4262.73,203.89532,VfS0qUERdZ,com.sec.android.app.shealth,0e7dd94f-7048-4190-89fb-4ddec1c4eb11,2026-05-27 00:00:00.000,
38f0dac6-57ed-40cd-95ef-dfa5c087612a.binning_data.json,2026-05-28 03:00:49.336,2026-05-28 03:00:49.336,com.sec.android.app.shealth,0,2811,1.1542671,2069.79,87.17999,g1bnYRM2yN,com.sec.android.app.shealth,38f0dac6-57ed-40cd-95ef-dfa5c087612a,2026-05-27 00:00:00.000,
ad7c800e-3520-4cd9-b6c6-92e8877d93e3.binning_data.json,2026-05-29 03:00:07.419,2026-05-28 03:00:55.145,com.sec.android.app.shealth,25,5267,1.5089488,3948.416,193.50217,yeLoKu9/uD,com.sec.android.app.shealth,ad7c800e-3520-4cd9-b6c6-92e8877d93e3,2026-05-27 00:00:00.000,
63d10304-ac24-4bd0-90fc-9b66db20d604.binning_data.json,2026-05-29 03:11:20.571,2026-05-28 03:13:12.295,com.sec.android.app.shealth,-2,6382,1.2880592,4784.9507,226.93034,VfS0qUERdZ,com.sec.android.app.shealth,63d10304-ac24-4bd0-90fc-9b66db20d604,2026-05-28 00:00:00.000,
efeda82e-83e7-4668-8da6-c34b5575cef0.binning_data.json,2026-05-29 03:00:04.544,2026-05-29 03:00:04.544,com.sec.android.app.shealth,0,2310,1.2181474,1718.02,71.30999,g1bnYRM2yN,com.sec.android.app.shealth,efeda82e-83e7-4668-8da6-c34b5575cef0,2026-05-28 00:00:00.000,
f3617d4f-8fcf-4f0b-a8ac-85f6f005c767.binning_data.json,2026-05-30 03:00:11.941,2026-05-29 03:00:07.450,com.sec.android.app.shealth,25,5888,1.3869214,4415.033,218.03595,yeLoKu9/uD,com.sec.android.app.shealth,f3617d4f-8fcf-4f0b-a8ac-85f6f005c767,2026-05-28 00:00:00.000,
72393963-2ab2-4810-93f6-827f432afd39.binning_data.json,2026-05-30 09:03:29.442,2026-05-29 03:04:12.980,com.sec.android.app.shealth,-2,6502,1.3013955,4915.6104,223.66957,VfS0qUERdZ,com.sec.android.app.shealth,72393963-2ab2-4810-93f6-827f432afd39,2026-05-29 00:00:00.000,
1e509be2-9472-48cc-84ab-ad8c0ddd4521.binning_data.json,2026-05-30 03:00:07.791,2026-05-30 03:00:07.791,com.sec.android.app.shealth,0,3374,1.3112648,2556.22,106.549995,g1bnYRM2yN,com.sec.android.app.shealth,1e509be2-9472-48cc-84ab-ad8c0ddd4521,2026-05-29 00:00:00.000,
edc5a422-5302-4b2f-922a-31af024382e0.binning_data.json,2026-05-31 03:00:07.596,2026-05-30 03:00:11.967,com.sec.android.app.shealth,25,4697,1.3909293,3523.6877,171.21193,yeLoKu9/uD,com.sec.android.app.shealth,edc5a422-5302-4b2f-922a-31af024382e0,2026-05-29 00:00:00.000,
9cc72cf9-9896-415e-b815-386a1088bdfd.binning_data.json,2026-05-31 09:16:31.037,2026-05-30 03:18:05.777,com.sec.android.app.shealth,-2,6640,1.3569697,4979.2046,229.45729,VfS0qUERdZ,com.sec.android.app.shealth,9cc72cf9-9896-415e-b815-386a1088bdfd,2026-05-30 00:00:00.000,
a34e160c-928f-434f-a41d-a12cf78dd72e.binning_data.json,2026-05-31 03:00:04.681,2026-05-31 03:00:04.681,com.sec.android.app.shealth,0,4568,1.2489798,3420.8599,142.59999,g1bnYRM2yN,com.sec.android.app.shealth,a34e160c-928f-434f-a41d-a12cf78dd72e,2026-05-30 00:00:00.000,
ea3ad30d-788d-4302-b9e9-c5f9c688163b.binning_data.json,2026-06-01 03:00:09.551,2026-05-31 03:00:07.593,com.sec.android.app.shealth,25,5611,1.5232493,4188.9355,203.92104,yeLoKu9/uD,com.sec.android.app.shealth,ea3ad30d-788d-4302-b9e9-c5f9c688163b,2026-05-30 00:00:00.000,
4f5e9b37-aad6-4d0f-9016-30fd0247e2fa.binning_data.json,2026-06-01 11:01:13.639,2026-05-31 09:01:44.805,com.sec.android.app.shealth,-2,8675,1.3330207,6510.1973,294.93292,VfS0qUERdZ,com.sec.android.app.shealth,4f5e9b37-aad6-4d0f-9016-30fd0247e2fa,2026-05-31 00:00:00.000,
ab1a47f2-1703-4c04-8268-a445fd509e59.binning_data.json,2026-06-01 03:00:04.701,2026-06-01 03:00:04.701,com.sec.android.app.shealth,0,5449,1.2936974,4091.0396,167.82996,g1bnYRM2yN,com.sec.android.app.shealth,ab1a47f2-1703-4c04-8268-a445fd509e59,2026-05-31 00:00:00.000,
7f8bc340-fcd7-407d-a3cd-5ecfa4a6ff45.binning_data.json,2026-06-02 03:02:59.784,2026-06-01 03:00:09.659,com.sec.android.app.shealth,25,7724,1.6528869,5785.104,278.8465,yeLoKu9/uD,com.sec.android.app.shealth,7f8bc340-fcd7-407d-a3cd-5ecfa4a6ff45,2026-05-31 00:00:00.000,
a2344da3-cf6c-4d75-9768-6978f2d0ba32.binning_data.json,2026-06-02 03:30:13.939,2026-06-01 11:46:09.829,com.sec.android.app.shealth,-2,7435,1.3082662,5588.0625,264.32028,VfS0qUERdZ,com.sec.android.app.shealth,a2344da3-cf6c-4d75-9768-6978f2d0ba32,2026-06-01 00:00:00.000,
a7c3b5fc-684b-4629-a964-7d088440d6be.binning_data.json,2026-06-02 03:02:56.407,2026-06-02 03:02:56.407,com.sec.android.app.shealth,0,2694,1.263521,2015.36,81.929985,g1bnYRM2yN,com.sec.android.app.shealth,a7c3b5fc-684b-4629-a964-7d088440d6be,2026-06-01 00:00:00.000,
10e5b744-ccc7-4909-b0bb-afc2787d5f32.binning_data.json,2026-06-04 03:01:46.146,2026-06-02 03:02:59.818,com.sec.android.app.shealth,25,7082,1.4192575,5322.216,259.82483,yeLoKu9/uD,com.sec.android.app.shealth,10e5b744-ccc7-4909-b0bb-afc2787d5f32,2026-06-01 00:00:00.000,
247568ed-26fa-4725-a6c4-385c9e286e00.binning_data.json,2026-06-03 03:07:14.827,2026-06-02 03:21:15.174,com.sec.android.app.shealth,-2,5750,1.2707084,4314.154,203.67422,VfS0qUERdZ,com.sec.android.app.shealth,247568ed-26fa-4725-a6c4-385c9e286e00,2026-06-02 00:00:00.000,
372a9e61-e8c2-4ef8-9c4d-6f984a70b3cc.binning_data.json,2026-06-04 03:01:41.817,2026-06-03 03:00:12.871,com.sec.android.app.shealth,0,2707,1.1743269,1997.61,83.98999,g1bnYRM2yN,com.sec.android.app.shealth,372a9e61-e8c2-4ef8-9c4d-6f984a70b3cc,2026-06-03 00:00:00.000,
ed5213aa-a24e-4e62-8a0e-a5486a63aa74.binning_data.json,2026-06-03 03:00:12.887,2026-06-03 03:00:12.887,com.sec.android.app.shealth,0,2247,1.2181709,1669.23,69.659996,g1bnYRM2yN,com.sec.android.app.shealth,ed5213aa-a24e-4e62-8a0e-a5486a63aa74,2026-06-02 00:00:00.000,
534cf435-c607-482a-8082-1b01624dec8f.binning_data.json,2026-06-04 06:57:05.982,2026-06-03 03:00:14.378,com.sec.android.app.shealth,-2,5013,1.5217797,3737.8152,172.2241,VfS0qUERdZ,com.sec.android.app.shealth,534cf435-c607-482a-8082-1b01624dec8f,2026-06-03 00:00:00.000,
d9061e4a-2bff-4b48-bb20-a57f98058dd5.binning_data.json,2026-06-05 03:00:10.236,2026-06-04 03:01:45.997,com.sec.android.app.shealth,25,4510,1.739518,3363.0684,160.75293,yeLoKu9/uD,com.sec.android.app.shealth,d9061e4a-2bff-4b48-bb20-a57f98058dd5,2026-06-03 00:00:00.000,
2be52660-8f62-4256-b9b6-0c940ee09229.binning_data.json,2026-06-04 03:01:46.200,2026-06-04 03:01:46.200,com.sec.android.app.shealth,25,5369,1.328271,4029.0889,197.6001,yeLoKu9/uD,com.sec.android.app.shealth,2be52660-8f62-4256-b9b6-0c940ee09229,2026-06-02 00:00:00.000,
9cc147e7-093a-4f84-9620-9f6f5e7aea93.binning_data.json,2026-06-05 05:18:47.502,2026-06-04 03:25:19.249,com.sec.android.app.shealth,-2,11113,1.3340027,8287.117,376.18817,VfS0qUERdZ,com.sec.android.app.shealth,9cc147e7-093a-4f84-9620-9f6f5e7aea93,2026-06-04 00:00:00.000,
0baa0d48-45e0-4175-85c0-0b3b0474c6e5.binning_data.json,2026-06-05 03:00:05.448,2026-06-05 03:00:05.448,com.sec.android.app.shealth,0,7652,1.1867666,5670.6396,235.22997,g1bnYRM2yN,com.sec.android.app.shealth,0baa0d48-45e0-4175-85c0-0b3b0474c6e5,2026-06-04 00:00:00.000,
4d84a50b-a5e6-42c8-b7b7-93693cabae5e.binning_data.json,2026-06-07 03:00:25.114,2026-06-05 03:00:09.872,com.sec.android.app.shealth,25,10001,1.8052626,7461.752,364.31018,yeLoKu9/uD,com.sec.android.app.shealth,4d84a50b-a5e6-42c8-b7b7-93693cabae5e,2026-06-04 00:00:00.000,
1fa46bd0-379b-45b0-b156-986fce9756a7.binning_data.json,2026-06-06 03:22:06.034,2026-06-05 03:05:24.508,com.sec.android.app.shealth,-2,11599,1.5813216,8975.543,407.19653,VfS0qUERdZ,com.sec.android.app.shealth,1fa46bd0-379b-45b0-b156-986fce9756a7,2026-06-05 00:00:00.000,
0b8f3848-9e28-4202-aae5-6f6ccc21c172.binning_data.json,2026-06-07 03:32:07.747,2026-06-06 03:04:21.322,com.sec.android.app.shealth,-2,12507,1.4464406,9377.089,432.88095,VfS0qUERdZ,com.sec.android.app.shealth,0b8f3848-9e28-4202-aae5-6f6ccc21c172,2026-06-06 00:00:00.000,
74f3496c-82e3-465f-b34e-71752dedb82f.binning_data.json,2026-06-07 03:00:09.014,2026-06-06 03:04:22.552,com.sec.android.app.shealth,0,7207,1.2594191,5393.8696,221.93999,g1bnYRM2yN,com.sec.android.app.shealth,74f3496c-82e3-465f-b34e-71752dedb82f,2026-06-06 00:00:00.000,
4d21fdf3-1a50-49b0-8b40-2fa4cc930973.binning_data.json,2026-06-06 03:04:22.568,2026-06-06 03:04:22.568,com.sec.android.app.shealth,0,8241,1.4410323,6498.5103,275.28998,g1bnYRM2yN,com.sec.android.app.shealth,4d21fdf3-1a50-49b0-8b40-2fa4cc930973,2026-06-05 00:00:00.000,
71368235-6805-4c43-85e2-ed0132ab60cd.binning_data.json,2026-06-08 03:00:10.504,2026-06-07 03:00:25.016,com.sec.android.app.shealth,25,11538,1.6374348,8623.824,416.81836,yeLoKu9/uD,com.sec.android.app.shealth,71368235-6805-4c43-85e2-ed0132ab60cd,2026-06-06 00:00:00.000,
e185ac65-87a5-4fc0-96e0-68328a6e9702.binning_data.json,2026-06-07 03:00:25.035,2026-06-07 03:00:25.035,com.sec.android.app.shealth,25,8754,1.7831937,6538.377,314.82654,yeLoKu9/uD,com.sec.android.app.shealth,e185ac65-87a5-4fc0-96e0-68328a6e9702,2026-06-05 00:00:00.000,
80c47438-5bd5-4d36-a3ac-1f32396b8376.binning_data.json,2026-06-08 03:08:09.212,2026-06-07 03:32:07.003,com.sec.android.app.shealth,-2,8386,1.311845,6283.819,291.94788,VfS0qUERdZ,com.sec.android.app.shealth,80c47438-5bd5-4d36-a3ac-1f32396b8376,2026-06-07 00:00:00.000,
9a82b15b-ed92-4480-82ae-f7fbe14a6095.binning_data.json,2026-06-09 03:00:04.342,2026-06-08 03:00:07.292,com.sec.android.app.shealth,0,3576,1.229427,2660.4,110.77998,g1bnYRM2yN,com.sec.android.app.shealth,9a82b15b-ed92-4480-82ae-f7fbe14a6095,2026-06-08 00:00:00.000,
c58b79ff-7421-4eec-a415-8a9d6ec52f39.binning_data.json,2026-06-08 03:00:07.371,2026-06-08 03:00:07.371,com.sec.android.app.shealth,0,4786,1.3005246,3603.88,149.64,g1bnYRM2yN,com.sec.android.app.shealth,c58b79ff-7421-4eec-a415-8a9d6ec52f39,2026-06-07 00:00:00.000,
b8775e21-4309-4ec6-bf8b-42211e538ab3.binning_data.json,2026-06-09 04:37:15.576,2026-06-08 03:00:09.426,com.sec.android.app.shealth,-2,6552,1.2559172,4891.186,231.84064,VfS0qUERdZ,com.sec.android.app.shealth,b8775e21-4309-4ec6-bf8b-42211e538ab3,2026-06-08 00:00:00.000,
64e3ab17-bc0a-443e-aec7-12fb329570de.binning_data.json,2026-06-09 03:00:07.562,2026-06-08 03:00:10.472,com.sec.android.app.shealth,25,7335,1.3447514,5468.656,265.1247,yeLoKu9/uD,com.sec.android.app.shealth,64e3ab17-bc0a-443e-aec7-12fb329570de,2026-06-07 00:00:00.000,
4fde344c-9f40-4cbc-aac5-ae94a0d5e3f2.binning_data.json,2026-06-10 03:00:06.851,2026-06-09 03:00:07.536,com.sec.android.app.shealth,25,6095,1.2713958,4555.835,223.19507,yeLoKu9/uD,com.sec.android.app.shealth,4fde344c-9f40-4cbc-aac5-ae94a0d5e3f2,2026-06-08 00:00:00.000,
6f8330fb-4361-4919-88f1-33bad668ae94.binning_data.json,2026-06-10 12:05:51.456,2026-06-09 04:27:10.442,com.sec.android.app.shealth,-2,8336,1.5881249,6188.012,293.11566,VfS0qUERdZ,com.sec.android.app.shealth,6f8330fb-4361-4919-88f1-33bad668ae94,2026-06-09 00:00:00.000,
07166f06-f149-4132-b90a-a18315660693.binning_data.json,2026-06-10 03:00:04.101,2026-06-10 03:00:04.101,com.sec.android.app.shealth,0,4924,1.0916603,3577.64,150.93999,g1bnYRM2yN,com.sec.android.app.shealth,07166f06-f149-4132-b90a-a18315660693,2026-06-09 00:00:00.000,
e3c1f0e4-8bcd-458e-b25d-fc6a627da53e.binning_data.json,2026-06-11 03:12:27.987,2026-06-10 03:00:06.846,com.sec.android.app.shealth,25,8027,1.7444534,5960.216,288.43634,yeLoKu9/uD,com.sec.android.app.shealth,e3c1f0e4-8bcd-458e-b25d-fc6a627da53e,2026-06-09 00:00:00.000,
86f844f3-8609-4776-92a6-4e8dd210f928.binning_data.json,2026-06-11 02:43:29.281,2026-06-10 03:00:51.268,com.sec.android.app.shealth,-2,5683,1.2482822,4261.444,195.21658,VfS0qUERdZ,com.sec.android.app.shealth,86f844f3-8609-4776-92a6-4e8dd210f928,2026-06-10 00:00:00.000,
25052278-bfc8-41dc-97d2-0a1fb22c7651.binning_data.json,2026-06-11 03:12:19.407,2026-06-11 03:12:19.407,com.sec.android.app.shealth,0,3304,1.2948749,2486.57,102.92999,g1bnYRM2yN,com.sec.android.app.shealth,25052278-bfc8-41dc-97d2-0a1fb22c7651,2026-06-10 00:00:00.000,
51dd47cc-65e2-4bd5-8c85-df5deb861d47.binning_data.json,2026-06-11 03:12:28.018,2026-06-11 03:12:28.018,com.sec.android.app.shealth,25,5097,1.301996,3797.4883,185.05615,yeLoKu9/uD,com.sec.android.app.shealth,51dd47cc-65e2-4bd5-8c85-df5deb861d47,2026-06-10 00:00:00.000,
a4fec6e0-da5d-4c72-accd-b565253f49ae.binning_data.json,2026-06-12 10:36:31.304,2026-06-11 13:14:45.307,com.sec.android.app.shealth,-2,3848,1.165431,2855.252,130.41112,VfS0qUERdZ,com.sec.android.app.shealth,a4fec6e0-da5d-4c72-accd-b565253f49ae,2026-06-11 00:00:00.000,
a792d1e7-1873-4a3c-8a6a-59a1a55756f7.binning_data.json,2026-06-12 03:00:04.357,2026-06-12 03:00:04.357,com.sec.android.app.shealth,0,2126,1.2229002,1584.14,66.09,g1bnYRM2yN,com.sec.android.app.shealth,a792d1e7-1873-4a3c-8a6a-59a1a55756f7,2026-06-11 00:00:00.000,
493a57d4-f894-4f2c-b432-23f093c17801.binning_data.json,2026-06-14 03:00:08.829,2026-06-12 03:00:11.658,com.sec.android.app.shealth,25,2376,1.1236728,1760.4208,85.54866,yeLoKu9/uD,com.sec.android.app.shealth,493a57d4-f894-4f2c-b432-23f093c17801,2026-06-11 00:00:00.000,
ff85180b-60bc-4bfc-bf8b-2d2db4b1b273.binning_data.json,2026-06-13 03:24:19.744,2026-06-12 10:15:20.560,com.sec.android.app.shealth,-2,5542,1.1581994,4181.2505,194.35112,VfS0qUERdZ,com.sec.android.app.shealth,ff85180b-60bc-4bfc-bf8b-2d2db4b1b273,2026-06-12 00:00:00.000,
455e6277-a401-46a1-87f9-f0a9214efb77.binning_data.json,2026-06-14 03:39:12.259,2026-06-13 03:04:45.762,com.sec.android.app.shealth,-2,13630,1.4443862,10131.64,477.03668,VfS0qUERdZ,com.sec.android.app.shealth,455e6277-a401-46a1-87f9-f0a9214efb77,2026-06-13 00:00:00.000,
f52c4e53-d27b-434d-a7ad-c710805726a6.binning_data.json,2026-06-14 03:00:04.841,2026-06-13 03:04:46.821,com.sec.android.app.shealth,0,6273,1.2444531,4675.9697,196.26,g1bnYRM2yN,com.sec.android.app.shealth,f52c4e53-d27b-434d-a7ad-c710805726a6,2026-06-13 00:00:00.000,
ec8d426f-c0a4-4bbe-968a-1d8017c86f92.binning_data.json,2026-06-13 03:04:46.839,2026-06-13 03:04:46.839,com.sec.android.app.shealth,0,2121,1.2414244,1582.7001,65.03,g1bnYRM2yN,com.sec.android.app.shealth,ec8d426f-c0a4-4bbe-968a-1d8017c86f92,2026-06-12 00:00:00.000,
21fbd9a4-0a94-4bdc-9a2f-98150b381f1b.binning_data.json,2026-06-14 03:00:08.851,2026-06-14 03:00:08.851,com.sec.android.app.shealth,25,5170,1.2408717,3888.0647,190.30449,yeLoKu9/uD,com.sec.android.app.shealth,21fbd9a4-0a94-4bdc-9a2f-98150b381f1b,2026-06-12 00:00:00.000,
321de1b4-8c4b-4641-a0a1-7f9107171682.binning_data.json,2026-06-15 03:00:10.021,2026-06-14 03:00:08.921,com.sec.android.app.shealth,25,12710,1.5297248,9433.303,459.07733,yeLoKu9/uD,com.sec.android.app.shealth,321de1b4-8c4b-4641-a0a1-7f9107171682,2026-06-13 00:00:00.000,
8a2592ef-9bdc-411e-b47d-616be39d586e.binning_data.json,2026-06-15 03:17:43.805,2026-06-14 03:33:14.803,com.sec.android.app.shealth,-2,13679,1.4162103,10200.992,466.00943,VfS0qUERdZ,com.sec.android.app.shealth,8a2592ef-9bdc-411e-b47d-616be39d586e,2026-06-14 00:00:00.000,
1c4da24a-4f66-4134-abcb-5f13219fa7bf.binning_data.json,2026-06-15 03:00:06.101,2026-06-15 03:00:06.101,com.sec.android.app.shealth,0,9327,1.2626439,6977.96,288.52,g1bnYRM2yN,com.sec.android.app.shealth,1c4da24a-4f66-4134-abcb-5f13219fa7bf,2026-06-14 00:00:00.000,
63595261-ab32-4580-b0f3-b07b35eedeec.binning_data.json,2026-06-16 03:00:07.136,2026-06-15 03:00:09.957,com.sec.android.app.shealth,25,12300,1.6009269,9151.966,439.22986,yeLoKu9/uD,com.sec.android.app.shealth,63595261-ab32-4580-b0f3-b07b35eedeec,2026-06-14 00:00:00.000,
d8e74ae5-a792-42ee-8b37-3fd288e9402e.binning_data.json,2026-06-16 13:21:23.684,2026-06-15 03:17:42.928,com.sec.android.app.shealth,-2,5379,1.269139,4042.327,190.33327,VfS0qUERdZ,com.sec.android.app.shealth,d8e74ae5-a792-42ee-8b37-3fd288e9402e,2026-06-15 00:00:00.000,
78eb77c0-82c8-4ffa-800d-d4a458c5ea08.binning_data.json,2026-06-16 03:00:04.254,2026-06-16 03:00:04.254,com.sec.android.app.shealth,0,1958,1.2192572,1456.5299,60.899998,g1bnYRM2yN,com.sec.android.app.shealth,78eb77c0-82c8-4ffa-800d-d4a458c5ea08,2026-06-15 00:00:00.000,
01780502-2719-4423-9bee-ec1b048f616a.binning_data.json,2026-06-17 03:08:02.780,2026-06-16 03:00:07.131,com.sec.android.app.shealth,25,5097,1.357821,3824.5293,185.12427,yeLoKu9/uD,com.sec.android.app.shealth,01780502-2719-4423-9bee-ec1b048f616a,2026-06-15 00:00:00.000,
56fc5b57-a070-4183-aa32-cfb2b851a56b.binning_data.json,2026-06-17 03:07:35.774,2026-06-16 04:57:46.683,com.sec.android.app.shealth,-2,5228,1.367112,3915.4937,186.09795,VfS0qUERdZ,com.sec.android.app.shealth,56fc5b57-a070-4183-aa32-cfb2b851a56b,2026-06-16 00:00:00.000,
e1cae2e1-c9da-41a8-8cee-458bfc10ec23.binning_data.json,2026-06-17 03:06:52.040,2026-06-17 03:06:52.040,com.sec.android.app.shealth,0,2490,1.1526476,1828.4199,76.299995,g1bnYRM2yN,com.sec.android.app.shealth,e1cae2e1-c9da-41a8-8cee-458bfc10ec23,2026-06-16 00:00:00.000,
40b40773-4408-4aa4-8dcb-5d80b36ddd3c.binning_data.json,2026-06-17 03:08:02.717,2026-06-17 03:08:02.717,com.sec.android.app.shealth,25,4998,1.5183969,3745.379,183.32336,yeLoKu9/uD,com.sec.android.app.shealth,40b40773-4408-4aa4-8dcb-5d80b36ddd3c,2026-06-16 00:00:00.000,
e0a01ffa-97da-4385-9eb8-b9d9ca6e6c21.binning_data.json,2026-06-18 03:46:07.265,2026-06-17 03:13:48.115,com.sec.android.app.shealth,-2,3352,1.1186246,2530.3826,120.55587,VfS0qUERdZ,com.sec.android.app.shealth,e0a01ffa-97da-4385-9eb8-b9d9ca6e6c21,2026-06-17 00:00:00.000,
ab787205-9a8c-41da-8168-6069dc40026a.binning_data.json,2026-06-18 03:01:04.332,2026-06-18 03:01:04.332,com.sec.android.app.shealth,0,706,1.1917822,524.59,22.769999,g1bnYRM2yN,com.sec.android.app.shealth,ab787205-9a8c-41da-8168-6069dc40026a,2026-06-17 00:00:00.000,
cb5f7a48-75ce-4581-9b78-16c0ff74782c.binning_data.json,2026-06-19 03:00:18.259,2026-06-18 03:01:19.484,com.sec.android.app.shealth,25,3045,1.1120441,2298.2246,111.151245,yeLoKu9/uD,com.sec.android.app.shealth,cb5f7a48-75ce-4581-9b78-16c0ff74782c,2026-06-17 00:00:00.000,
20d1d073-b7fd-4549-85fd-2936eb49c15b.binning_data.json,2026-06-19 03:11:40.647,2026-06-18 03:46:06.562,com.sec.android.app.shealth,-2,3756,1.2846234,2827.8982,137.76048,VfS0qUERdZ,com.sec.android.app.shealth,20d1d073-b7fd-4549-85fd-2936eb49c15b,2026-06-18 00:00:00.000,
42e85473-f247-4c32-9264-fec4dcad06b3.binning_data.json,2026-06-19 03:00:05.941,2026-06-19 03:00:05.941,com.sec.android.app.shealth,0,858,1.2821193,644.16,26.689999,g1bnYRM2yN,com.sec.android.app.shealth,42e85473-f247-4c32-9264-fec4dcad06b3,2026-06-18 00:00:00.000,
0f784ec0-9f82-4cd5-b19c-60cd12191001.binning_data.json,2026-06-20 03:00:08.347,2026-06-19 03:00:18.550,com.sec.android.app.shealth,25,3510,1.2661893,2637.8945,130.6831,yeLoKu9/uD,com.sec.android.app.shealth,0f784ec0-9f82-4cd5-b19c-60cd12191001,2026-06-18 00:00:00.000,
d38f4991-72a8-468b-9ce4-9026c0356554.binning_data.json,2026-06-20 02:32:16.107,2026-06-19 03:10:08.577,com.sec.android.app.shealth,-2,4017,1.3336592,3001.786,151.8109,VfS0qUERdZ,com.sec.android.app.shealth,d38f4991-72a8-468b-9ce4-9026c0356554,2026-06-19 00:00:00.000,
675e6f55-53ef-461b-b7ab-1ffa36e8f428.binning_data.json,2026-06-20 03:00:05.507,2026-06-20 03:00:05.507,com.sec.android.app.shealth,0,1844,1.1778764,1361.33,57.629986,g1bnYRM2yN,com.sec.android.app.shealth,675e6f55-53ef-461b-b7ab-1ffa36e8f428,2026-06-19 00:00:00.000,
9b22f840-9776-478e-be37-9c4ac70135a3.binning_data.json,2026-06-20 03:00:08.340,2026-06-20 03:00:08.340,com.sec.android.app.shealth,25,3265,1.4255666,2447.2227,129.41052,yeLoKu9/uD,com.sec.android.app.shealth,9b22f840-9776-478e-be37-9c4ac70135a3,2026-06-19 00:00:00.000,
1ee16816-675c-442e-9e9a-e091290748a5.binning_data.json,2026-06-21 03:54:32.630,2026-06-20 03:11:15.977,com.sec.android.app.shealth,-2,11351,1.3537165,8476.676,402.23416,VfS0qUERdZ,com.sec.android.app.shealth,1ee16816-675c-442e-9e9a-e091290748a5,2026-06-20 00:00:00.000,
ef623d79-60c9-41a6-8393-dc79ff152c97.binning_data.json,2026-06-21 03:01:46.524,2026-06-21 03:01:46.524,com.sec.android.app.shealth,0,5470,1.284651,4113.26,171.64,g1bnYRM2yN,com.sec.android.app.shealth,ef623d79-60c9-41a6-8393-dc79ff152c97,2026-06-20 00:00:00.000,
c97805b5-27b7-4d17-897c-fb24f742fb3e.binning_data.json,2026-06-22 13:05:41.654,2026-06-21 03:01:55.596,com.sec.android.app.shealth,-2,13329,1.4444486,10036.728,461.79224,VfS0qUERdZ,com.sec.android.app.shealth,c97805b5-27b7-4d17-897c-fb24f742fb3e,2026-06-21 00:00:00.000,
ee7a8c05-3875-4caa-8666-04097f034dbc.binning_data.json,2026-06-22 03:17:48.496,2026-06-22 03:17:48.496,com.sec.android.app.shealth,0,9085,1.2947752,6835.25,282.3,g1bnYRM2yN,com.sec.android.app.shealth,ee7a8c05-3875-4caa-8666-04097f034dbc,2026-06-21 00:00:00.000,
791101b0-b638-4f97-b9c1-a947f5bfa82e.binning_data.json,2026-06-22 03:17:53.345,2026-06-22 03:17:53.345,com.sec.android.app.shealth,25,10558,1.4001601,7864.232,382.99222,yeLoKu9/uD,com.sec.android.app.shealth,791101b0-b638-4f97-b9c1-a947f5bfa82e,2026-06-20 00:00:00.000,
24f68d54-cbca-4766-bb3f-79ee07d2f82c.binning_data.json,2026-06-23 03:00:10.134,2026-06-22 03:17:53.358,com.sec.android.app.shealth,25,11995,1.6220578,9002.421,434.8751,yeLoKu9/uD,com.sec.android.app.shealth,24f68d54-cbca-4766-bb3f-79ee07d2f82c,2026-06-21 00:00:00.000,
c9e7b706-8266-45c5-ae2e-0b3eae399455.binning_data.json,2026-06-23 12:02:25.298,2026-06-22 03:25:12.164,com.sec.android.app.shealth,-2,5871,1.3506244,4419.971,208.37215,VfS0qUERdZ,com.sec.android.app.shealth,c9e7b706-8266-45c5-ae2e-0b3eae399455,2026-06-22 00:00:00.000,
9aab92b9-a68c-4537-b9b7-862577fe57f2.binning_data.json,2026-06-23 03:00:05.157,2026-06-23 03:00:05.157,com.sec.android.app.shealth,0,2862,1.2122636,2128.2,89.359985,g1bnYRM2yN,com.sec.android.app.shealth,9aab92b9-a68c-4537-b9b7-862577fe57f2,2026-06-22 00:00:00.000,
f88aac50-6f7d-4a2b-ba61-a4ec41e2b391.binning_data.json,2026-06-24 03:00:49.265,2026-06-23 03:00:10.103,com.sec.android.app.shealth,25,5360,1.3951024,4022.545,195.66351,yeLoKu9/uD,com.sec.android.app.shealth,f88aac50-6f7d-4a2b-ba61-a4ec41e2b391,2026-06-22 00:00:00.000,
7b83fac4-aa61-4078-adff-09901bede25b.binning_data.json,2026-06-24 13:28:51.175,2026-06-23 12:01:48.488,com.sec.android.app.shealth,-2,5103,1.3570436,3831.8462,170.75598,VfS0qUERdZ,com.sec.android.app.shealth,7b83fac4-aa61-4078-adff-09901bede25b,2026-06-23 00:00:00.000,
70ffde12-b1e2-4e73-ae6b-f1bac7e2b95f.binning_data.json,2026-06-24 03:00:41.066,2026-06-24 03:00:41.066,com.sec.android.app.shealth,0,3593,1.2651436,2691.63,110.70999,g1bnYRM2yN,com.sec.android.app.shealth,70ffde12-b1e2-4e73-ae6b-f1bac7e2b95f,2026-06-23 00:00:00.000,
5f4bc50f-75ea-490c-a0ed-7826d8aea35d.binning_data.json,2026-06-25 03:02:18.455,2026-06-24 03:00:49.038,com.sec.android.app.shealth,25,4239,1.7356448,3182.0156,153.67395,yeLoKu9/uD,com.sec.android.app.shealth,5f4bc50f-75ea-490c-a0ed-7826d8aea35d,2026-06-23 00:00:00.000,
a073c651-f349-4646-9b97-5cdbdd54b25b.binning_data.json,2026-06-25 04:28:06.952,2026-06-24 03:04:57.207,com.sec.android.app.shealth,-2,3920,1.151165,3002.0676,142.28226,VfS0qUERdZ,com.sec.android.app.shealth,a073c651-f349-4646-9b97-5cdbdd54b25b,2026-06-24 00:00:00.000,
d87aa9ea-e120-40c6-b79d-03ddad9cc883.binning_data.json,2026-06-25 03:02:12.034,2026-06-25 03:02:12.034,com.sec.android.app.shealth,0,1232,1.3006978,927.94,37.32998,g1bnYRM2yN,com.sec.android.app.shealth,d87aa9ea-e120-40c6-b79d-03ddad9cc883,2026-06-24 00:00:00.000,
0ef0feff-3f89-4ef4-89dd-d826d03d82eb.binning_data.json,2026-06-26 03:00:10.760,2026-06-25 03:02:18.485,com.sec.android.app.shealth,25,3753,1.2319504,2874.5508,141.52356,yeLoKu9/uD,com.sec.android.app.shealth,0ef0feff-3f89-4ef4-89dd-d826d03d82eb,2026-06-24 00:00:00.000,
f0f9c169-d86e-4919-95c9-2415561b42c4.binning_data.json,2026-06-27 12:16:19.567,2026-06-25 03:38:11.676,com.sec.android.app.shealth,-2,4165,1.2490182,3141.4292,149.37135,VfS0qUERdZ,com.sec.android.app.shealth,f0f9c169-d86e-4919-95c9-2415561b42c4,2026-06-25 00:00:00.000,
5073aa26-21bd-4790-b496-655fc13bd1cc.binning_data.json,2026-06-26 03:00:07.485,2026-06-26 03:00:07.485,com.sec.android.app.shealth,0,1403,1.2127045,1041.76,43.399998,g1bnYRM2yN,com.sec.android.app.shealth,5073aa26-21bd-4790-b496-655fc13bd1cc,2026-06-25 00:00:00.000,
743c3f30-9b9a-4505-b9b8-f2ff4b0addea.binning_data.json,2026-06-28 03:17:11.321,2026-06-26 03:00:10.786,com.sec.android.app.shealth,25,3916,1.3213074,2950.92,144.09167,yeLoKu9/uD,com.sec.android.app.shealth,743c3f30-9b9a-4505-b9b8-f2ff4b0addea,2026-06-25 00:00:00.000,
c50fd4e7-a043-4966-b4a9-f0baca5b15ac.binning_data.json,2026-06-27 12:16:19.550,2026-06-26 10:39:17.514,com.sec.android.app.shealth,-2,559,1.1672596,422.85507,17.838709,VfS0qUERdZ,com.sec.android.app.shealth,c50fd4e7-a043-4966-b4a9-f0baca5b15ac,2026-06-26 00:00:00.000,
f4360400-4c97-4788-bcab-988948e6634f.binning_data.json,2026-06-27 03:00:05.339,2026-06-27 03:00:05.339,com.sec.android.app.shealth,0,519,1.3293123,392.94,16.369999,g1bnYRM2yN,com.sec.android.app.shealth,f4360400-4c97-4788-bcab-988948e6634f,2026-06-26 00:00:00.000,
5abfd013-4caf-44de-91a0-f741146a7c34.binning_data.json,2026-06-28 02:55:17.845,2026-06-27 03:01:48.369,com.sec.android.app.shealth,-2,9276,1.3917495,6949.9805,320.09146,VfS0qUERdZ,com.sec.android.app.shealth,5abfd013-4caf-44de-91a0-f741146a7c34,2026-06-27 00:00:00.000,
567655e8-12e6-4091-9597-40049132ed4c.binning_data.json,2026-06-29 10:25:00.451,2026-06-28 03:15:41.733,com.sec.android.app.shealth,-2,6178,1.2808917,4599.9453,216.5855,VfS0qUERdZ,com.sec.android.app.shealth,567655e8-12e6-4091-9597-40049132ed4c,2026-06-28 00:00:00.000,
ae985e49-f632-49dd-a1e9-909fa1cc117c.binning_data.json,2026-06-28 03:17:05.773,2026-06-28 03:17:05.773,com.sec.android.app.shealth,0,6174,1.2478353,4615.96,192.19998,g1bnYRM2yN,com.sec.android.app.shealth,ae985e49-f632-49dd-a1e9-909fa1cc117c,2026-06-27 00:00:00.000,
4fa08826-2603-479a-904a-54e1e7d4d3f6.binning_data.json,2026-06-29 03:07:13.513,2026-06-28 03:17:05.797,com.sec.android.app.shealth,0,2838,1.1977205,2101.47,87.49999,g1bnYRM2yN,com.sec.android.app.shealth,4fa08826-2603-479a-904a-54e1e7d4d3f6,2026-06-28 00:00:00.000,
152fa4cd-b99d-4fee-8c32-4de22ee151e6.binning_data.json,2026-06-28 03:17:11.312,2026-06-28 03:17:11.312,com.sec.android.app.shealth,25,40,0.4487261,29.915073,1.4687102,yeLoKu9/uD,com.sec.android.app.shealth,152fa4cd-b99d-4fee-8c32-4de22ee151e6,2026-06-26 00:00:00.000,
0d85ce09-c9b8-44f8-bd19-40175cfb8b04.binning_data.json,2026-06-28 03:17:22.114,2026-06-28 03:17:11.454,com.sec.android.app.shealth,25,6878,1.5345111,5140.612,252.34758,yeLoKu9/uD,com.sec.android.app.shealth,0d85ce09-c9b8-44f8-bd19-40175cfb8b04,2026-06-27 00:00:00.000,
daa315ac-c327-4b76-a88f-abe16351f8a9.binning_data.json,2026-06-30 03:00:06.665,2026-06-28 03:17:22.081,com.sec.android.app.shealth,25,5385,1.3547444,4019.0752,195.20454,yeLoKu9/uD,com.sec.android.app.shealth,daa315ac-c327-4b76-a88f-abe16351f8a9,2026-06-28 00:00:00.000,
d2bac7eb-5de8-476a-96a2-c03cfa7967d6.binning_data.json,2026-06-30 12:16:25.139,2026-06-29 03:10:04.476,com.sec.android.app.shealth,-2,6003,1.3385873,4536.1377,208.56905,VfS0qUERdZ,com.sec.android.app.shealth,d2bac7eb-5de8-476a-96a2-c03cfa7967d6,2026-06-29 00:00:00.000,
102a6d4e-0be5-40be-a9bd-32f5c539d199.binning_data.json,2026-06-30 03:00:03.852,2026-06-30 03:00:03.852,com.sec.android.app.shealth,0,3305,1.3006103,2503.75,103.84999,g1bnYRM2yN,com.sec.android.app.shealth,102a6d4e-0be5-40be-a9bd-32f5c539d199,2026-06-29 00:00:00.000,
4ed2cedf-7acd-42b2-ad55-6250bd7c14c5.binning_data.json,2026-07-01 03:00:07.700,2026-06-30 03:00:06.712,com.sec.android.app.shealth,25,5351,1.515308,4015.5664,194.1961,yeLoKu9/uD,com.sec.android.app.shealth,4ed2cedf-7acd-42b2-ad55-6250bd7c14c5,2026-06-29 00:00:00.000,
c8823056-d70d-4d2c-a412-ac0992b8d129.binning_data.json,2026-07-01 09:25:28.976,2026-06-30 12:16:52.582,com.sec.android.app.shealth,-2,3631,1.203615,2700.3245,131.17252,VfS0qUERdZ,com.sec.android.app.shealth,c8823056-d70d-4d2c-a412-ac0992b8d129,2026-06-30 00:00:00.000,
f55c470a-d203-49ed-9a55-22490dada012.binning_data.json,2026-07-01 03:00:05.293,2026-07-01 03:00:05.293,com.sec.android.app.shealth,0,786,1.1892235,580.94,24.849997,g1bnYRM2yN,com.sec.android.app.shealth,f55c470a-d203-49ed-9a55-22490dada012,2026-06-30 00:00:00.000,
7ce4be7c-16c7-4048-8d7a-332483c31e91.binning_data.json,2026-07-02 04:12:10.078,2026-07-01 03:00:07.726,com.sec.android.app.shealth,25,3466,1.1812402,2579.041,127.15332,yeLoKu9/uD,com.sec.android.app.shealth,7ce4be7c-16c7-4048-8d7a-332483c31e91,2026-06-30 00:00:00.000,
db363a71-1a06-4b3c-8679-02f4d3b83169.binning_data.json,2026-07-02 10:11:12.070,2026-07-01 09:06:46.929,com.sec.android.app.shealth,-2,4776,1.3718244,3607.991,163.89272,VfS0qUERdZ,com.sec.android.app.shealth,db363a71-1a06-4b3c-8679-02f4d3b83169,2026-07-01 00:00:00.000,
82787edc-bf27-44b1-aab1-d7588e4013b4.binning_data.json,2026-07-02 04:12:06.132,2026-07-02 04:12:06.132,com.sec.android.app.shealth,0,2911,1.2953756,2190.2998,90.20998,g1bnYRM2yN,com.sec.android.app.shealth,82787edc-bf27-44b1-aab1-d7588e4013b4,2026-07-01 00:00:00.000,
157e4bee-3511-48eb-b50d-6778108945a6.binning_data.json,2026-07-03 03:00:17.361,2026-07-02 04:12:10.029,com.sec.android.app.shealth,25,2518,1.4213586,1895.1448,95.75646,yeLoKu9/uD,com.sec.android.app.shealth,157e4bee-3511-48eb-b50d-6778108945a6,2026-07-01 00:00:00.000,
4a5902ad-f261-4fad-86c8-42681c8b794f.binning_data.json,2026-07-03 09:53:21.888,2026-07-02 11:12:02.757,com.sec.android.app.shealth,-2,7454,1.4466653,5578.745,256.2789,VfS0qUERdZ,com.sec.android.app.shealth,4a5902ad-f261-4fad-86c8-42681c8b794f,2026-07-02 00:00:00.000,
6e7205ad-6554-4661-826e-8d0cc652a103.binning_data.json,2026-07-03 03:00:08.966,2026-07-03 03:00:08.966,com.sec.android.app.shealth,0,4530,1.2456843,3384.3298,139.35999,g1bnYRM2yN,com.sec.android.app.shealth,6e7205ad-6554-4661-826e-8d0cc652a103,2026-07-02 00:00:00.000,
cd788ad4-fff6-4b7b-8e92-dd64a4afe9f2.binning_data.json,2026-07-04 04:17:46.185,2026-07-03 03:00:17.239,com.sec.android.app.shealth,25,6826,1.6287878,5103.5347,244.85684,yeLoKu9/uD,com.sec.android.app.shealth,cd788ad4-fff6-4b7b-8e92-dd64a4afe9f2,2026-07-02 00:00:00.000,
489889df-a0ba-49ca-9ecc-ebec98094730.binning_data.json,2026-07-04 04:17:42.304,2026-07-03 09:52:04.508,com.sec.android.app.shealth,-2,9133,1.4860821,6832.0903,318.74655,VfS0qUERdZ,com.sec.android.app.shealth,489889df-a0ba-49ca-9ecc-ebec98094730,2026-07-03 00:00:00.000,
9becabea-6f96-45d2-96b1-ecd285535eb4.binning_data.json,2026-07-05 03:04:40.630,2026-07-04 04:17:05.224,com.sec.android.app.shealth,-2,22079,1.5665704,16520.736,771.56134,VfS0qUERdZ,com.sec.android.app.shealth,9becabea-6f96-45d2-96b1-ecd285535eb4,2026-07-04 00:00:00.000,
a946493d-a79f-4646-a189-fee1b0595d63.binning_data.json,2026-07-04 04:17:36.405,2026-07-04 04:17:36.405,com.sec.android.app.shealth,0,4354,1.2692665,3263.8198,134.59,g1bnYRM2yN,com.sec.android.app.shealth,a946493d-a79f-4646-a189-fee1b0595d63,2026-07-03 00:00:00.000,
09f5581e-0dd3-4caf-9e95-81162587187d.binning_data.json,2026-07-06 03:39:18.240,2026-07-04 04:17:44.435,com.sec.android.app.shealth,25,20802,1.731546,15555.056,751.28125,yeLoKu9/uD,com.sec.android.app.shealth,09f5581e-0dd3-4caf-9e95-81162587187d,2026-07-04 00:00:00.000,
d4090b71-65d0-4a76-b49b-ff208def376d.binning_data.json,2026-07-04 04:17:44.508,2026-07-04 04:17:44.508,com.sec.android.app.shealth,25,8689,1.6250122,6500.049,312.4215,yeLoKu9/uD,com.sec.android.app.shealth,d4090b71-65d0-4a76-b49b-ff208def376d,2026-07-03 00:00:00.000,
65255dc2-c320-464f-87d5-cd0b188dffc4.binning_data.json,2026-07-05 03:02:46.800,2026-07-05 03:02:46.800,com.sec.android.app.shealth,0,12297,1.1700889,9075.71,380.55,g1bnYRM2yN,com.sec.android.app.shealth,65255dc2-c320-464f-87d5-cd0b188dffc4,2026-07-04 00:00:00.000,
58fc0c00-3bcf-43e9-a00b-a96932b6f4d6.binning_data.json,2026-07-06 10:45:17.185,2026-07-05 03:04:39.816,com.sec.android.app.shealth,-2,5454,1.227754,4076.5474,191.84283,VfS0qUERdZ,com.sec.android.app.shealth,58fc0c00-3bcf-43e9-a00b-a96932b6f4d6,2026-07-05 00:00:00.000,
a9e4940e-28c4-4d05-9fe0-0e411901ec78.binning_data.json,2026-07-06 03:39:14.339,2026-07-06 03:39:14.339,com.sec.android.app.shealth,0,3049,1.224881,2266.81,94.95,g1bnYRM2yN,com.sec.android.app.shealth,a9e4940e-28c4-4d05-9fe0-0e411901ec78,2026-07-05 00:00:00.000,
ee53fab4-b5b7-4b6c-88ed-ab92b6afb38f.binning_data.json,2026-07-07 03:10:45.485,2026-07-06 03:39:18.223,com.sec.android.app.shealth,25,5011,1.327656,3739.5645,183.34253,yeLoKu9/uD,com.sec.android.app.shealth,ee53fab4-b5b7-4b6c-88ed-ab92b6afb38f,2026-07-05 00:00:00.000,
d580e07b-73cf-4217-992e-39afed986948.binning_data.json,2026-07-07 12:26:12.196,2026-07-06 10:52:32.804,com.sec.android.app.shealth,-2,10967,1.4111456,8256.916,377.29788,VfS0qUERdZ,com.sec.android.app.shealth,d580e07b-73cf-4217-992e-39afed986948,2026-07-06 00:00:00.000,
02823824-cc09-4ef5-9707-117aee7f9401.binning_data.json,2026-07-07 03:10:38.718,2026-07-07 03:10:38.718,com.sec.android.app.shealth,0,7593,1.3179233,5729.73,235.47997,g1bnYRM2yN,com.sec.android.app.shealth,02823824-cc09-4ef5-9707-117aee7f9401,2026-07-06 00:00:00.000,
be3ba3fc-6726-44b7-af50-afb6c1d559d9.binning_data.json,2026-07-08 03:00:07.686,2026-07-07 03:10:45.430,com.sec.android.app.shealth,25,8446,1.6048063,6312.2383,318.01123,yeLoKu9/uD,com.sec.android.app.shealth,be3ba3fc-6726-44b7-af50-afb6c1d559d9,2026-07-06 00:00:00.000,
50ad5884-6620-4548-9ce5-0d2e8fb133d3.binning_data.json,2026-07-08 10:19:44.606,2026-07-07 11:23:47.134,com.sec.android.app.shealth,-2,7354,1.2974414,5481.0776,260.64218,VfS0qUERdZ,com.sec.android.app.shealth,50ad5884-6620-4548-9ce5-0d2e8fb133d3,2026-07-07 00:00:00.000,
f8c497f8-db9c-4e78-b1dd-74d3f2362062.binning_data.json,2026-07-08 03:00:04.633,2026-07-08 03:00:04.633,com.sec.android.app.shealth,0,2818,1.2713492,2129.52,91.049995,g1bnYRM2yN,com.sec.android.app.shealth,f8c497f8-db9c-4e78-b1dd-74d3f2362062,2026-07-07 00:00:00.000,
aaf7005e-5829-45e8-9daa-e6ab3ec99a06.binning_data.json,2026-07-09 03:00:09.531,2026-07-08 03:00:07.702,com.sec.android.app.shealth,25,7029,1.3124776,5228.0356,253.35648,yeLoKu9/uD,com.sec.android.app.shealth,aaf7005e-5829-45e8-9daa-e6ab3ec99a06,2026-07-07 00:00:00.000,
64eb958f-01ef-4157-84ca-2daa7387aae7.binning_data.json,2026-07-09 11:18:06.298,2026-07-08 10:02:49.701,com.sec.android.app.shealth,-2,11983,1.3849183,9018.446,422.13553,VfS0qUERdZ,com.sec.android.app.shealth,64eb958f-01ef-4157-84ca-2daa7387aae7,2026-07-08 00:00:00.000,
ee391212-0c0d-450a-a1ef-cba7e1ba646e.binning_data.json,2026-07-09 03:00:06.146,2026-07-09 03:00:06.146,com.sec.android.app.shealth,0,5269,1.2630081,3943.83,164.87,g1bnYRM2yN,com.sec.android.app.shealth,ee391212-0c0d-450a-a1ef-cba7e1ba646e,2026-07-08 00:00:00.000,
8abbc845-8b6d-4995-b146-5387130f7233.binning_data.json,2026-07-10 03:00:14.378,2026-07-09 03:00:09.527,com.sec.android.app.shealth,25,10757,1.4729556,8101.256,396.35858,yeLoKu9/uD,com.sec.android.app.shealth,8abbc845-8b6d-4995-b146-5387130f7233,2026-07-08 00:00:00.000,
534445b4-8d69-4b21-a661-b9538f73037b.binning_data.json,2026-07-10 04:14:11.717,2026-07-09 11:06:40.878,com.sec.android.app.shealth,-2,12206,1.320791,9170.762,425.64774,VfS0qUERdZ,com.sec.android.app.shealth,534445b4-8d69-4b21-a661-b9538f73037b,2026-07-09 00:00:00.000,
0113e3f0-14a0-4c47-99bd-06da5f44e11e.binning_data.json,2026-07-10 03:00:07.361,2026-07-10 03:00:07.361,com.sec.android.app.shealth,0,6709,1.2631298,5058.83,212.49998,g1bnYRM2yN,com.sec.android.app.shealth,0113e3f0-14a0-4c47-99bd-06da5f44e11e,2026-07-09 00:00:00.000,
b86a5fce-247c-40d2-9b28-9de631637d00.binning_data.json,2026-07-11 03:00:14.119,2026-07-10 03:00:14.375,com.sec.android.app.shealth,25,10685,1.4182894,7966.0586,387.74335,yeLoKu9/uD,com.sec.android.app.shealth,b86a5fce-247c-40d2-9b28-9de631637d00,2026-07-09 00:00:00.000,
21a045b5-9dde-4155-b188-63c3305ac6fd.binning_data.json,2026-07-11 08:59:02.023,2026-07-10 03:07:05.446,com.sec.android.app.shealth,-2,9362,1.5319108,6968.4243,321.05777,VfS0qUERdZ,com.sec.android.app.shealth,21a045b5-9dde-4155-b188-63c3305ac6fd,2026-07-10 00:00:00.000,
6efd965f-616f-45fc-a190-4744af6dbea9.binning_data.json,2026-07-11 03:00:09.576,2026-07-11 03:00:09.576,com.sec.android.app.shealth,0,5453,1.1989099,4048.0,168.57999,g1bnYRM2yN,com.sec.android.app.shealth,6efd965f-616f-45fc-a190-4744af6dbea9,2026-07-10 00:00:00.000,
1406a65e-06dd-4f8e-8632-44194ac476fb.binning_data.json,2026-07-12 04:22:41.725,2026-07-11 03:00:14.112,com.sec.android.app.shealth,25,7394,1.7845613,5472.6543,268.14645,yeLoKu9/uD,com.sec.android.app.shealth,1406a65e-06dd-4f8e-8632-44194ac476fb,2026-07-10 00:00:00.000,
5b33f0b6-7e51-474c-98ab-5a494a4b7bd4.binning_data.json,2026-07-12 06:36:57.572,2026-07-11 13:05:24.296,com.sec.android.app.shealth,-2,4333,1.3793223,3263.0325,154.4509,VfS0qUERdZ,com.sec.android.app.shealth,5b33f0b6-7e51-474c-98ab-5a494a4b7bd4,2026-07-11 00:00:00.000,
afe98ee4-f463-4536-8e6e-b81f58885f91.binning_data.json,2026-07-12 04:22:39.160,2026-07-12 04:22:39.160,com.sec.android.app.shealth,0,1963,1.2167524,1470.02,62.51999,g1bnYRM2yN,com.sec.android.app.shealth,afe98ee4-f463-4536-8e6e-b81f58885f91,2026-07-11 00:00:00.000,
48151b71-ad0a-4a40-a939-12deb384600d.binning_data.json,2026-07-13 03:32:49.332,2026-07-12 04:22:41.719,com.sec.android.app.shealth,25,3727,1.3306943,2794.4583,134.92574,yeLoKu9/uD,com.sec.android.app.shealth,48151b71-ad0a-4a40-a939-12deb384600d,2026-07-11 00:00:00.000,
d5bd9712-4fbe-4f88-9195-f149a647eac7.binning_data.json,2026-07-13 13:00:44.574,2026-07-12 06:32:06.654,com.sec.android.app.shealth,-2,15456,1.313047,11411.145,547.26263,VfS0qUERdZ,com.sec.android.app.shealth,d5bd9712-4fbe-4f88-9195-f149a647eac7,2026-07-12 00:00:00.000,
5fb1ebff-06d5-44d6-b400-6263223f9098.binning_data.json,2026-07-13 03:32:45.437,2026-07-13 03:32:45.437,com.sec.android.app.shealth,0,5759,1.1644888,4238.87,182.95,g1bnYRM2yN,com.sec.android.app.shealth,5fb1ebff-06d5-44d6-b400-6263223f9098,2026-07-12 00:00:00.000,
89a11076-3f93-470d-948c-5669fac6b93a.binning_data.json,2026-07-14 03:00:43.935,2026-07-13 03:32:49.321,com.sec.android.app.shealth,25,14151,1.3553483,10436.183,515.49225,yeLoKu9/uD,com.sec.android.app.shealth,89a11076-3f93-470d-948c-5669fac6b93a,2026-07-12 00:00:00.000,
1313122c-50e8-46c3-b1a0-273422c580e9.binning_data.json,2026-07-14 12:10:59.234,2026-07-13 12:59:44.089,com.sec.android.app.shealth,-2,5563,1.3846301,4224.114,201.19423,VfS0qUERdZ,com.sec.android.app.shealth,1313122c-50e8-46c3-b1a0-273422c580e9,2026-07-13 00:00:00.000,
64988d96-867b-4357-a0c1-6bd59965e14d.binning_data.json,2026-07-14 03:00:15.956,2026-07-14 03:00:15.956,com.sec.android.app.shealth,0,728,1.2362365,547.52997,23.239998,g1bnYRM2yN,com.sec.android.app.shealth,64988d96-867b-4357-a0c1-6bd59965e14d,2026-07-13 00:00:00.000,
5f5c3568-23b1-4e40-abfb-55bbbc251b77.binning_data.json,2026-07-15 03:55:58.669,2026-07-14 03:00:42.670,com.sec.android.app.shealth,25,5315,1.3905132,4032.4883,193.82611,yeLoKu9/uD,com.sec.android.app.shealth,5f5c3568-23b1-4e40-abfb-55bbbc251b77,2026-07-13 00:00:00.000,
34f12352-09ee-465b-96b2-6ab4c7f2a028.binning_data.json,2026-07-15 10:30:27.418,2026-07-14 03:16:01.254,com.sec.android.app.shealth,-2,9105,1.3708917,6806.5405,402.33792,VfS0qUERdZ,com.sec.android.app.shealth,34f12352-09ee-465b-96b2-6ab4c7f2a028,2026-07-14 00:00:00.000,
724ae254-d856-4108-a005-a0bbc916a10e.binning_data.json,2026-07-15 03:55:51.204,2026-07-15 03:55:51.204,com.sec.android.app.shealth,0,5676,1.3022254,4269.6997,172.79996,g1bnYRM2yN,com.sec.android.app.shealth,724ae254-d856-4108-a005-a0bbc916a10e,2026-07-14 00:00:00.000,
af51dc7d-26d3-4707-95a9-1a3774454a2d.binning_data.json,2026-07-16 03:03:13.960,2026-07-15 03:55:58.323,com.sec.android.app.shealth,25,8518,1.8061315,6351.5625,442.99158,yeLoKu9/uD,com.sec.android.app.shealth,af51dc7d-26d3-4707-95a9-1a3774454a2d,2026-07-14 00:00:00.000,
1def2778-449f-42f2-b740-2ca2978d3afe.binning_data.json,2026-07-15 23:50:43.879,2026-07-15 12:39:14.574,com.sec.android.app.shealth,-2,7442,1.4463754,5607.7197,302.5217,VfS0qUERdZ,com.sec.android.app.shealth,1def2778-449f-42f2-b740-2ca2978d3afe,2026-07-15 00:00:00.000,
7d31931f-1b19-4f95-9622-ef10b41cedcc.binning_data.json,2026-07-16 03:03:03.979,2026-07-16 03:03:03.979,com.sec.android.app.shealth,0,5542,1.3220186,4183.34,168.84996,g1bnYRM2yN,com.sec.android.app.shealth,7d31931f-1b19-4f95-9622-ef10b41cedcc,2026-07-15 00:00:00.000,
a28e61d7-e54d-4d24-b9d2-00bbd8fe581a.binning_data.json,2026-07-16 03:03:13.596,2026-07-16 03:03:13.596,com.sec.android.app.shealth,25,6527,2.1991994,4911.5454,338.42316,yeLoKu9/uD,com.sec.android.app.shealth,a28e61d7-e54d-4d24-b9d2-00bbd8fe581a,2026-07-15 00:00:00.000,
99f8570b-3442-4b20-aacf-1b90af43171c.binning_data.json,2026-07-17 03:05:00.691,2026-07-16 03:04:05.919,com.sec.android.app.shealth,-2,10837,2.2588873,8348.506,659.0976,VfS0qUERdZ,com.sec.android.app.shealth,99f8570b-3442-4b20-aacf-1b90af43171c,2026-07-16 00:00:00.000,
8c4a049c-38ec-4a13-8387-796dcb23aba3.binning_data.json,2026-07-17 03:00:07.857,2026-07-17 03:00:07.857,com.sec.android.app.shealth,0,1399,1.157379,1029.38,44.23,g1bnYRM2yN,com.sec.android.app.shealth,8c4a049c-38ec-4a13-8387-796dcb23aba3,2026-07-16 00:00:00.000,
2b56eb45-0410-404a-aa50-5855839f22e9.binning_data.json,2026-07-18 03:57:13.387,2026-07-17 03:00:16.805,com.sec.android.app.shealth,25,10120,2.394301,7821.3823,637.49915,yeLoKu9/uD,com.sec.android.app.shealth,2b56eb45-0410-404a-aa50-5855839f22e9,2026-07-16 00:00:00.000,
7fdec1b8-c056-42f2-894b-1c877833b7aa.binning_data.json,2026-07-18 03:57:12.666,2026-07-17 11:07:50.179,com.sec.android.app.shealth,-2,5221,1.2351725,3901.664,188.0193,VfS0qUERdZ,com.sec.android.app.shealth,7fdec1b8-c056-42f2-894b-1c877833b7aa,2026-07-17 00:00:00.000,
0d1c4a80-2e04-417c-a6e9-e58a9aafb790.binning_data.json,2026-07-18 03:57:02.647,2026-07-18 03:57:02.647,com.sec.android.app.shealth,0,1817,1.1657269,1342.86,57.089993,g1bnYRM2yN,com.sec.android.app.shealth,0d1c4a80-2e04-417c-a6e9-e58a9aafb790,2026-07-17 00:00:00.000,
ecb8c007-8ca9-4359-aae5-e7c0d2f671d4.binning_data.json,2026-07-19 03:00:27.009,2026-07-18 03:57:13.416,com.sec.android.app.shealth,25,4703,1.2402885,3514.151,173.81122,yeLoKu9/uD,com.sec.android.app.shealth,ecb8c007-8ca9-4359-aae5-e7c0d2f671d4,2026-07-17 00:00:00.000,
697fd509-868a-4957-9747-2d20b0965926.binning_data.json,2026-07-19 03:25:05.460,2026-07-18 11:12:34.664,com.sec.android.app.shealth,-2,8537,1.2692847,6335.696,302.77298,VfS0qUERdZ,com.sec.android.app.shealth,697fd509-868a-4957-9747-2d20b0965926,2026-07-18 00:00:00.000,
8c1199f3-1a3e-4c93-8ff8-a395b5e9455f.binning_data.json,2026-07-19 03:00:10.191,2026-07-19 03:00:10.191,com.sec.android.app.shealth,0,4016,1.177498,2973.39,125.09999,g1bnYRM2yN,com.sec.android.app.shealth,8c1199f3-1a3e-4c93-8ff8-a395b5e9455f,2026-07-18 00:00:00.000,
7d43bb78-fef0-4944-a0f3-a4072efcee1d.binning_data.json,2026-07-20 03:00:23.217,2026-07-19 03:00:27.107,com.sec.android.app.shealth,25,7881,1.3047832,5828.032,289.25665,yeLoKu9/uD,com.sec.android.app.shealth,7d43bb78-fef0-4944-a0f3-a4072efcee1d,2026-07-18 00:00:00.000,
0e7f02ac-47d9-44ff-90ed-f295e4312079.binning_data.json,2026-07-20 12:13:54.423,2026-07-19 03:08:09.838,com.sec.android.app.shealth,-2,8898,1.3100206,6608.0913,717.37,VfS0qUERdZ,com.sec.android.app.shealth,0e7f02ac-47d9-44ff-90ed-f295e4312079,2026-07-19 00:00:00.000,
2eace184-f763-470c-82fb-85c6e14f8f8b.binning_data.json,2026-07-20 03:00:12.699,2026-07-20 03:00:12.699,com.sec.android.app.shealth,0,4745,1.1928649,3526.49,149.41998,g1bnYRM2yN,com.sec.android.app.shealth,2eace184-f763-470c-82fb-85c6e14f8f8b,2026-07-19 00:00:00.000,
7f2367cd-f535-4a8f-bb4a-f761ade1a08a.binning_data.json,2026-07-21 03:00:11.080,2026-07-20 03:00:23.264,com.sec.android.app.shealth,25,8066,1.3360035,5967.4824,754.84265,yeLoKu9/uD,com.sec.android.app.shealth,7f2367cd-f535-4a8f-bb4a-f761ade1a08a,2026-07-19 00:00:00.000,
6ae3e162-47eb-4015-b205-d0c793e63fa0.binning_data.json,2026-07-21 12:32:06.529,2026-07-20 12:10:33.756,com.sec.android.app.shealth,-2,4414,1.192062,3260.653,159.53253,VfS0qUERdZ,com.sec.android.app.shealth,6ae3e162-47eb-4015-b205-d0c793e63fa0,2026-07-20 00:00:00.000,
3da643f5-6e32-4a84-b29b-36dd94c46f1f.binning_data.json,2026-07-21 03:00:06.604,2026-07-21 03:00:06.604,com.sec.android.app.shealth,0,1661,1.1537918,1221.9,52.309994,g1bnYRM2yN,com.sec.android.app.shealth,3da643f5-6e32-4a84-b29b-36dd94c46f1f,2026-07-20 00:00:00.000,
c22c453c-a5c7-4da1-af81-b6176eeb4cab.binning_data.json,2026-07-22 03:00:24.663,2026-07-21 03:00:11.526,com.sec.android.app.shealth,25,4046,1.1772208,2982.293,149.92273,yeLoKu9/uD,com.sec.android.app.shealth,c22c453c-a5c7-4da1-af81-b6176eeb4cab,2026-07-20 00:00:00.000,
50b13ee6-58d5-4eae-acd9-6fc249960061.binning_data.json,2026-07-22 04:11:36.168,2026-07-21 12:38:32.641,com.sec.android.app.shealth,-2,10265,1.4641341,7695.062,649.4015,VfS0qUERdZ,com.sec.android.app.shealth,50b13ee6-58d5-4eae-acd9-6fc249960061,2026-07-21 00:00:00.000,
97df1794-69c0-4b77-a6d5-3cdde000484f.binning_data.json,2026-07-22 03:00:19.935,2026-07-22 03:00:19.935,com.sec.android.app.shealth,0,5047,1.240422,3768.18,155.37997,g1bnYRM2yN,com.sec.android.app.shealth,97df1794-69c0-4b77-a6d5-3cdde000484f,2026-07-21 00:00:00.000,
707e9e3d-2116-4185-af86-99b26f327193.binning_data.json,2026-07-23 03:00:07.975,2026-07-22 03:00:24.893,com.sec.android.app.shealth,25,9949,1.7320318,7447.7363,691.3873,yeLoKu9/uD,com.sec.android.app.shealth,707e9e3d-2116-4185-af86-99b26f327193,2026-07-21 00:00:00.000,
43a988b5-8368-4a6f-9e0d-ecd64601158a.binning_data.json,2026-07-23 04:43:18.258,2026-07-22 12:46:48.017,com.sec.android.app.shealth,-2,3533,1.1050438,2614.6592,125.91682,VfS0qUERdZ,com.sec.android.app.shealth,43a988b5-8368-4a6f-9e0d-ecd64601158a,2026-07-22 00:00:00.000,
d32e8f53-a8fd-4f90-9425-fa41dff9c950.binning_data.json,2026-07-23 03:00:05.184,2026-07-23 03:00:05.184,com.sec.android.app.shealth,0,1228,1.1631522,904.47,38.689995,g1bnYRM2yN,com.sec.android.app.shealth,d32e8f53-a8fd-4f90-9425-fa41dff9c950,2026-07-22 00:00:00.000,
96baf4eb-0dfa-4c95-bc3a-9d851e534e2b.binning_data.json,2026-07-24 03:36:33.094,2026-07-23 03:00:07.966,com.sec.android.app.shealth,25,3330,1.1112424,2463.254,121.39844,yeLoKu9/uD,com.sec.android.app.shealth,96baf4eb-0dfa-4c95-bc3a-9d851e534e2b,2026-07-22 00:00:00.000,
bb14e8be-4d88-404b-b0f7-8580eb2270b1.binning_data.json,2026-07-24 12:24:15.138,2026-07-23 03:15:01.428,com.sec.android.app.shealth,-2,3745,1.1199833,2777.651,135.66264,VfS0qUERdZ,com.sec.android.app.shealth,bb14e8be-4d88-404b-b0f7-8580eb2270b1,2026-07-23 00:00:00.000,
aafce1c5-2180-4dcd-bd87-c6b198335508.binning_data.json,2026-07-24 03:34:42.025,2026-07-24 03:34:42.025,com.sec.android.app.shealth,0,1122,1.1456014,825.9,35.519997,g1bnYRM2yN,com.sec.android.app.shealth,aafce1c5-2180-4dcd-bd87-c6b198335508,2026-07-23 00:00:00.000,
76fa8180-f57c-4825-ae3c-17df9215ac60.binning_data.json,2026-07-25 03:00:08.013,2026-07-24 03:36:33.049,com.sec.android.app.shealth,25,3558,1.0984961,2636.3906,130.87488,yeLoKu9/uD,com.sec.android.app.shealth,76fa8180-f57c-4825-ae3c-17df9215ac60,2026-07-23 00:00:00.000,
3f3c7a56-134d-41ab-aebd-41bc7736b172.binning_data.json,2026-07-25 08:48:05.718,2026-07-24 12:03:30.283,com.sec.android.app.shealth,-2,3452,1.1298882,2584.2722,124.75987,VfS0qUERdZ,com.sec.android.app.shealth,3f3c7a56-134d-41ab-aebd-41bc7736b172,2026-07-24 00:00:00.000,
1787d493-478d-49ac-9272-cb7ffa57669f.binning_data.json,2026-07-25 03:00:05.298,2026-07-25 03:00:05.298,com.sec.android.app.shealth,0,1019,1.1689723,749.67,31.999994,g1bnYRM2yN,com.sec.android.app.shealth,1787d493-478d-49ac-9272-cb7ffa57669f,2026-07-24 00:00:00.000,
71edcaa3-4fb0-4e01-9505-712bd65e0f05.binning_data.json,2026-07-26 03:00:33.202,2026-07-25 03:00:08.028,com.sec.android.app.shealth,25,3120,1.0798485,2339.6719,115.777466,yeLoKu9/uD,com.sec.android.app.shealth,71edcaa3-4fb0-4e01-9505-712bd65e0f05,2026-07-24 00:00:00.000,
93982bd3-7b72-4f0f-935c-23718d495b45.binning_data.json,2026-07-26 11:16:04.368,2026-07-25 03:06:32.483,com.sec.android.app.shealth,-2,5605,1.4190272,4232.5254,202.54723,VfS0qUERdZ,com.sec.android.app.shealth,93982bd3-7b72-4f0f-935c-23718d495b45,2026-07-25 00:00:00.000,
10d36a8f-723f-4c1d-a3a8-391cdb2f06e5.binning_data.json,2026-07-26 03:00:08.190,2026-07-26 03:00:08.190,com.sec.android.app.shealth,0,2269,1.2536079,1698.9299,71.16999,g1bnYRM2yN,com.sec.android.app.shealth,10d36a8f-723f-4c1d-a3a8-391cdb2f06e5,2026-07-25 00:00:00.000,
93aac0c2-75da-416a-a79c-085e077fa8a4.binning_data.json,2026-07-27 03:00:08.172,2026-07-26 03:00:32.785,com.sec.android.app.shealth,25,4844,1.4432381,3656.2034,180.83302,yeLoKu9/uD,com.sec.android.app.shealth,93aac0c2-75da-416a-a79c-085e077fa8a4,2026-07-25 00:00:00.000,
b828a4fe-94cb-48d4-ba2a-f6145bb8d1d6.binning_data.json,2026-07-27 03:04:26.460,2026-07-26 11:12:45.617,com.sec.android.app.shealth,-2,5859,1.5726123,4363.538,204.42473,VfS0qUERdZ,com.sec.android.app.shealth,b828a4fe-94cb-48d4-ba2a-f6145bb8d1d6,2026-07-26 00:00:00.000,
a8086c82-2cca-4a54-9be6-ba5db2493c90.binning_data.json,2026-07-27 03:00:05.749,2026-07-27 03:00:05.749,com.sec.android.app.shealth,0,4132,1.1871998,3058.99,126.74998,g1bnYRM2yN,com.sec.android.app.shealth,a8086c82-2cca-4a54-9be6-ba5db2493c90,2026-07-26 00:00:00.000,
56fdfa0a-afde-4c52-8384-332883012b82.binning_data.json,2026-07-28 03:33:20.093,2026-07-27 03:00:08.195,com.sec.android.app.shealth,25,5371,1.8450298,3997.5647,194.00247,yeLoKu9/uD,com.sec.android.app.shealth,56fdfa0a-afde-4c52-8384-332883012b82,2026-07-26 00:00:00.000,
72fd4eda-d1db-41d9-931b-894e2eda6dcb.binning_data.json,2026-07-28 12:25:12.769,2026-07-27 03:02:00.036,com.sec.android.app.shealth,-2,6230,1.1066519,4634.878,524.14246,VfS0qUERdZ,com.sec.android.app.shealth,72fd4eda-d1db-41d9-931b-894e2eda6dcb,2026-07-27 00:00:00.000,
b1efffd8-2916-4936-95e3-914a5ee56d53.binning_data.json,2026-07-28 03:31:29.966,2026-07-28 03:31:29.966,com.sec.android.app.shealth,0,2329,1.1460831,1713.5599,73.06999,g1bnYRM2yN,com.sec.android.app.shealth,b1efffd8-2916-4936-95e3-914a5ee56d53,2026-07-27 00:00:00.000,
df60e3d6-75a4-48ae-82f8-b878d3ba3b24.binning_data.json,2026-07-29 03:00:27.888,2026-07-28 03:33:20.075,com.sec.android.app.shealth,25,5731,1.1034209,4266.5605,522.6454,yeLoKu9/uD,com.sec.android.app.shealth,df60e3d6-75a4-48ae-82f8-b878d3ba3b24,2026-07-27 00:00:00.000,
bdf39557-3185-4542-a7bb-ecccc2b50477.binning_data.json,2026-07-29 05:32:19.714,2026-07-28 12:30:08.960,com.sec.android.app.shealth,-2,5090,1.1421924,3796.2046,446.07855,VfS0qUERdZ,com.sec.android.app.shealth,bdf39557-3185-4542-a7bb-ecccc2b50477,2026-07-28 00:00:00.000,
81e9dc0f-1b27-44b2-af73-6d7941d5678e.binning_data.json,2026-07-29 03:00:22.832,2026-07-29 03:00:22.832,com.sec.android.app.shealth,0,1997,1.2193118,1493.24,63.499992,g1bnYRM2yN,com.sec.android.app.shealth,81e9dc0f-1b27-44b2-af73-6d7941d5678e,2026-07-28 00:00:00.000,
91722f2a-17d6-489a-bae8-adf81b9717ea.binning_data.json,2026-07-30 03:00:26.320,2026-07-29 03:00:27.749,com.sec.android.app.shealth,25,4767,1.1323197,3529.0635,479.4534,yeLoKu9/uD,com.sec.android.app.shealth,91722f2a-17d6-489a-bae8-adf81b9717ea,2026-07-28 00:00:00.000,
10795fe0-2ddd-47ae-a51e-62c25f11a595.binning_data.json,2026-07-30 13:27:49.159,2026-07-29 12:31:22.537,com.sec.android.app.shealth,-2,1657,1.0029341,1253.1466,59.897766,VfS0qUERdZ,com.sec.android.app.shealth,10795fe0-2ddd-47ae-a51e-62c25f11a595,2026-07-29 00:00:00.000,
f202a98d-b3f1-4720-b3c3-f65bfa5e4c88.binning_data.json,2026-07-30 03:00:13.521,2026-07-30 03:00:13.521,com.sec.android.app.shealth,0,596,1.1626741,439.43,18.729998,g1bnYRM2yN,com.sec.android.app.shealth,f202a98d-b3f1-4720-b3c3-f65bfa5e4c88,2026-07-29 00:00:00.000,
30e81c3c-48f7-417b-81bf-2990534c02ab.binning_data.json,2026-07-31 03:00:08.175,2026-07-30 03:00:25.034,com.sec.android.app.shealth,25,1214,0.94239336,926.6869,46.130795,yeLoKu9/uD,com.sec.android.app.shealth,30e81c3c-48f7-417b-81bf-2990534c02ab,2026-07-29 00:00:00.000,
0625d3cb-7ea9-456b-a5e0-6933ea2e4626.binning_data.json,2026-07-31 11:32:19.153,2026-07-30 03:08:05.541,com.sec.android.app.shealth,-2,5326,1.233997,4003.8035,193.49397,VfS0qUERdZ,com.sec.android.app.shealth,0625d3cb-7ea9-456b-a5e0-6933ea2e4626,2026-07-30 00:00:00.000,
c8d6d3a3-0680-4188-b491-1b52995f7822.binning_data.json,2026-07-31 03:00:04.797,2026-07-31 03:00:04.797,com.sec.android.app.shealth,0,1410,1.2005605,1059.96,46.179996,g1bnYRM2yN,com.sec.android.app.shealth,c8d6d3a3-0680-4188-b491-1b52995f7822,2026-07-30 00:00:00.000,
c2260501-f23b-46ae-8a44-97a6ff55f793.binning_data.json,2026-08-01 03:54:53.991,2026-07-31 03:00:08.168,com.sec.android.app.shealth,25,5053,1.2032135,3790.1223,184.36255,yeLoKu9/uD,com.sec.android.app.shealth,c2260501-f23b-46ae-8a44-97a6ff55f793,2026-07-30 00:00:00.000,
a701927b-e6c8-4445-babe-477f4c36489c.binning_data.json,2026-08-01 16:31:22.355,2026-07-31 11:02:40.942,com.sec.android.app.shealth,-2,6399,1.3000028,4789.261,228.78114,VfS0qUERdZ,com.sec.android.app.shealth,a701927b-e6c8-4445-babe-477f4c36489c,2026-07-31 00:00:00.000,
12728d50-0238-4911-8244-761ecb34a68b.binning_data.json,2026-08-01 03:54:43.591,2026-08-01 03:54:43.591,com.sec.android.app.shealth,0,1853,1.118751,1363.33,59.029984,g1bnYRM2yN,com.sec.android.app.shealth,12728d50-0238-4911-8244-761ecb34a68b,2026-07-31 00:00:00.000,
d51d698f-a449-49a8-8527-14b461d3ae65.binning_data.json,2026-08-02 03:00:08.584,2026-08-01 03:54:53.719,com.sec.android.app.shealth,25,6112,1.3214291,4558.9307,221.1577,yeLoKu9/uD,com.sec.android.app.shealth,d51d698f-a449-49a8-8527-14b461d3ae65,2026-07-31 00:00:00.000,
8409b207-f52c-4a65-8691-c9575756e7aa.binning_data.json,2026-08-02 02:58:21.233,2026-08-01 15:02:44.936,com.sec.android.app.shealth,-2,5415,1.2521611,4014.9382,193.9551,VfS0qUERdZ,com.sec.android.app.shealth,8409b207-f52c-4a65-8691-c9575756e7aa,2026-08-01 00:00:00.000,
a3901abc-57bb-4330-b903-ea0f9e2fdb1c.binning_data.json,2026-08-02 03:00:06.309,2026-08-02 03:00:06.309,com.sec.android.app.shealth,0,1571,1.2262543,1171.6,49.429996,g1bnYRM2yN,com.sec.android.app.shealth,a3901abc-57bb-4330-b903-ea0f9e2fdb1c,2026-08-01 00:00:00.000,
b17f8b68-6056-436e-975b-4231e9b545c9.binning_data.json,2026-08-02 03:00:08.581,2026-08-02 03:00:08.581,com.sec.android.app.shealth,25,5129,1.274607,3802.5771,188.51328,yeLoKu9/uD,com.sec.android.app.shealth,b17f8b68-6056-436e-975b-4231e9b545c9,2026-08-01 00:00:00.000,
07dc0af7-f054-4acb-b3cd-4ee0d3a42ed7.binning_data.json,2026-08-03 03:33:06.270,2026-08-02 03:36:56.503,com.sec.android.app.shealth,-2,6531,1.3270361,4881.832,228.04274,VfS0qUERdZ,com.sec.android.app.shealth,07dc0af7-f054-4acb-b3cd-4ee0d3a42ed7,2026-08-02 00:00:00.000,
f7067d9e-7226-4c2a-b6af-f4ee6e20562f.binning_data.json,2026-08-03 03:07:26.411,2026-08-03 03:07:26.411,com.sec.android.app.shealth,0,3752,1.1817508,2777.9897,115.98998,g1bnYRM2yN,com.sec.android.app.shealth,f7067d9e-7226-4c2a-b6af-f4ee6e20562f,2026-08-02 00:00:00.000,
4f9ccac2-bc5d-4748-8078-075b728912f2.binning_data.json,2026-08-03 20:40:11.514,2026-08-03 03:07:43.154,com.sec.android.app.shealth,25,5955,1.5033004,4459.791,218.49286,yeLoKu9/uD,com.sec.android.app.shealth,4f9ccac2-bc5d-4748-8078-075b728912f2,2026-08-02 00:00:00.000,
8b960752-50d6-4d1a-ae1d-9565a25ac811.binning_data.json,2026-08-03 21:46:24.628,2026-08-03 20:40:07.023,com.sec.android.app.shealth,0,1283,1.1593955,953.37,41.16999,SUfFQTLN3q,com.sec.android.app.shealth,8b960752-50d6-4d1a-ae1d-9565a25ac811,2026-08-03 00:00:00.000,
6c112ac5-1782-40fc-b70b-67f089d9a79f.binning_data.json,2026-08-05 03:00:05.226,2026-08-03 20:40:11.510,com.sec.android.app.shealth,25,8539,1.6758668,6340.363,309.48795,yeLoKu9/uD,com.sec.android.app.shealth,6c112ac5-1782-40fc-b70b-67f089d9a79f,2026-08-03 00:00:00.000,
aaed59e2-85a2-4581-b2b7-1a6191472707.binning_data.json,2026-08-05 11:55:31.571,2026-08-04 03:13:53.015,com.sec.android.app.shealth,-2,9001,1.4898359,6757.9287,318.76788,VfS0qUERdZ,com.sec.android.app.shealth,aaed59e2-85a2-4581-b2b7-1a6191472707,2026-08-04 00:00:00.000,
e775c84a-522b-4414-9a51-f730e846ff85.binning_data.json,2026-08-05 03:00:03.638,2026-08-05 03:00:03.638,com.sec.android.app.shealth,0,5890,1.2197195,4493.33,189.62,SUfFQTLN3q,com.sec.android.app.shealth,e775c84a-522b-4414-9a51-f730e846ff85,2026-08-04 00:00:00.000,
2b11d28c-8fb4-4405-9284-cdda206aa9e0.binning_data.json,2026-08-05 03:00:05.244,2026-08-05 03:00:05.244,com.sec.android.app.shealth,25,7986,1.7412926,5920.395,289.86096,yeLoKu9/uD,com.sec.android.app.shealth,2b11d28c-8fb4-4405-9284-cdda206aa9e0,2026-08-04 00:00:00.000,
26881882-4e7e-45b4-9ce8-6eeeb8c9f227.binning_data.json,2026-08-06 00:30:52.612,2026-08-05 12:11:39.317,com.sec.android.app.shealth,-2,7075,1.4808829,5319.848,253.28615,VfS0qUERdZ,com.sec.android.app.shealth,26881882-4e7e-45b4-9ce8-6eeeb8c9f227,2026-08-05 00:00:00.000,
