com.samsung.shealth.tracker.pedometer_day_summary,7006003,7
create_sh_ver,step_count,binning_data,active_time,recommendation,modify_sh_ver,run_step_count,update_time,source_package_name,create_time,source_info,speed,distance,calorie,walk_step_count,deviceuuid,pkg_name,healthy_step,achievement,datauuid,day_time
62950170,8778,6dd46d24-f1b5-4bd5-a762-510b35811957.binning_data.json,3982184,6000,70060030,75,2026-08-04 03:04:52.608,com.sec.android.app.shealth,2026-08-03 19:46:22.476,6dd46d24-f1b5-4bd5-a762-510b35811957.source_info.json,1.6371717,6519.52,315.71533,8703,VfS0qUERdZ,com.sec.android.app.shealth,0,6dd46d24-f1b5-4bd5-a762-510b35811957.achievement.json,6dd46d24-f1b5-4bd5-a762-510b35811957,2026-08-03 00:00:00.000,
63051050,13978,9d7a7339-6909-48d4-946c-0eb9b0a0c37c.binning_data.json,6079386,6000,63051050,48,2025-11-05 10:44:35.889,com.sec.android.app.shealth,2025-11-04 19:12:19.025,9d7a7339-6909-48d4-946c-0eb9b0a0c37c.source_info.json,1.7211654,10463.63,485.98642,13930,VfS0qUERdZ,com.sec.android.app.shealth,0,9d7a7339-6909-48d4-946c-0eb9b0a0c37c.achievement.json,9d7a7339-6909-48d4-946c-0eb9b0a0c37c,2025-11-04 00:00:00.000,
63051050,5251,17f5aeed-99a6-42d0-b9b8-522a8d6d6b82.binning_data.json,3057924,6000,63051050,0,2025-11-05 03:54:33.915,com.sec.android.app.shealth,2025-11-05 03:54:33.915,,1.2915523,3949.47,159.84999,5251,g1bnYRM2yN,com.sec.android.app.shealth,0,17f5aeed-99a6-42d0-b9b8-522a8d6d6b82.achievement.json,17f5aeed-99a6-42d0-b9b8-522a8d6d6b82,2025-11-04 00:00:00.000,
63051050,13311,04f079c2-269a-4b49-ac65-4411029c30a0.binning_data.json,4866666,6000,63051050,61,2025-11-06 03:00:02.539,com.sec.android.app.shealth,2025-11-05 03:54:34.431,,2.0441391,9948.145,477.85684,13250,yeLoKu9/uD,com.sec.android.app.shealth,0,04f079c2-269a-4b49-ac65-4411029c30a0.achievement.json,04f079c2-269a-4b49-ac65-4411029c30a0,2025-11-04 00:00:00.000,
63051050,18943,94f518f3-98c1-4086-b78e-d73cca7f151c.binning_data.json,8618649,6000,63051050,54,2025-11-06 09:09:42.751,com.sec.android.app.shealth,2025-11-05 10:44:35.322,94f518f3-98c1-4086-b78e-d73cca7f151c.source_info.json,1.6478829,14202.525,815.4363,18889,VfS0qUERdZ,com.sec.android.app.shealth,0,94f518f3-98c1-4086-b78e-d73cca7f151c.achievement.json,94f518f3-98c1-4086-b78e-d73cca7f151c,2025-11-05 00:00:00.000,
63051050,9771,1182831f-3b4f-484a-b428-ba85de8d0923.binning_data.json,5771146,6000,63051050,0,2025-11-06 03:10:15.085,com.sec.android.app.shealth,2025-11-06 03:00:01.580,,1.2679975,7317.8,297.3499,9771,g1bnYRM2yN,com.sec.android.app.shealth,0,1182831f-3b4f-484a-b428-ba85de8d0923.achievement.json,1182831f-3b4f-484a-b428-ba85de8d0923,2025-11-05 00:00:00.000,
63051050,18447,14451a87-9821-4450-9c90-ebde52a40d6d.binning_data.json,6733333,6000,63051050,57,2025-11-07 03:00:04.480,com.sec.android.app.shealth,2025-11-06 03:00:02.558,,2.0490205,13796.737,872.90564,18390,yeLoKu9/uD,com.sec.android.app.shealth,0,14451a87-9821-4450-9c90-ebde52a40d6d.achievement.json,14451a87-9821-4450-9c90-ebde52a40d6d,2025-11-05 00:00:00.000,
63051050,14760,e5da9645-f29d-49d2-a273-58b18dc4b0ee.binning_data.json,7374165,6000,63051050,52,2025-11-07 10:42:40.132,com.sec.android.app.shealth,2025-11-06 11:30:51.827,e5da9645-f29d-49d2-a273-58b18dc4b0ee.source_info.json,1.502263,11077.936,626.5913,14708,VfS0qUERdZ,com.sec.android.app.shealth,0,e5da9645-f29d-49d2-a273-58b18dc4b0ee.achievement.json,e5da9645-f29d-49d2-a273-58b18dc4b0ee,2025-11-06 00:00:00.000,
63051050,10242,f273a501-a40f-452c-a49c-7c24b1647e65.binning_data.json,5903665,6000,63051050,4,2025-11-07 03:00:03.159,com.sec.android.app.shealth,2025-11-07 03:00:03.159,,1.3063018,7711.9697,311.6999,10238,g1bnYRM2yN,com.sec.android.app.shealth,0,f273a501-a40f-452c-a49c-7c24b1647e65.achievement.json,f273a501-a40f-452c-a49c-7c24b1647e65,2025-11-06 00:00:00.000,
63051050,14008,4209806b-7858-4446-970c-bde0cdbdee4e.binning_data.json,4933333,6000,63051050,62,2025-11-08 03:35:34.389,com.sec.android.app.shealth,2025-11-07 03:00:04.421,,2.1196384,10456.883,650.18726,13946,yeLoKu9/uD,com.sec.android.app.shealth,0,4209806b-7858-4446-970c-bde0cdbdee4e.achievement.json,4209806b-7858-4446-970c-bde0cdbdee4e,2025-11-06 00:00:00.000,
63051050,13015,81bdd1fb-825f-4692-99c0-1adeb47ec891.binning_data.json,6536939,6000,63051050,41,2025-11-08 05:49:57.069,com.sec.android.app.shealth,2025-11-07 11:31:08.006,81bdd1fb-825f-4692-99c0-1adeb47ec891.source_info.json,1.4820774,9688.25,643.963,12974,VfS0qUERdZ,com.sec.android.app.shealth,0,81bdd1fb-825f-4692-99c0-1adeb47ec891.achievement.json,81bdd1fb-825f-4692-99c0-1adeb47ec891,2025-11-07 00:00:00.000,
63051050,7791,384c2068-d3d7-4c85-9ff8-1bfe2602b4c7.binning_data.json,4790021,6000,63051050,1,2025-11-08 03:35:25.729,com.sec.android.app.shealth,2025-11-08 03:35:25.729,,1.2063767,5778.57,239.14998,7790,g1bnYRM2yN,com.sec.android.app.shealth,0,384c2068-d3d7-4c85-9ff8-1bfe2602b4c7.achievement.json,384c2068-d3d7-4c85-9ff8-1bfe2602b4c7,2025-11-07 00:00:00.000,
63051050,11758,69180645-0209-4d41-a7b6-3ca367fd8233.binning_data.json,4883333,6000,63051050,47,2025-11-09 03:00:03.631,com.sec.android.app.shealth,2025-11-08 03:35:34.368,,1.7880414,8731.602,642.2525,11711,yeLoKu9/uD,com.sec.android.app.shealth,0,69180645-0209-4d41-a7b6-3ca367fd8233.achievement.json,69180645-0209-4d41-a7b6-3ca367fd8233,2025-11-07 00:00:00.000,
63051050,18114,3a7f6338-8b1f-4e97-9841-6e45c04e4d4f.binning_data.json,7706351,6000,63051050,110,2025-11-09 10:49:16.479,com.sec.android.app.shealth,2025-11-08 05:49:55.911,3a7f6338-8b1f-4e97-9841-6e45c04e4d4f.source_info.json,1.7470012,13463.006,630.8971,18004,VfS0qUERdZ,com.sec.android.app.shealth,0,3a7f6338-8b1f-4e97-9841-6e45c04e4d4f.achievement.json,3a7f6338-8b1f-4e97-9841-6e45c04e4d4f,2025-11-08 00:00:00.000,
63051050,11345,698bdef9-6411-44ff-a6b6-0bb24e950787.binning_data.json,7209938,6000,63051050,4,2025-11-09 03:00:01.907,com.sec.android.app.shealth,2025-11-09 03:00:01.907,,1.1585397,8353.0,344.98996,11341,g1bnYRM2yN,com.sec.android.app.shealth,0,698bdef9-6411-44ff-a6b6-0bb24e950787.achievement.json,698bdef9-6411-44ff-a6b6-0bb24e950787,2025-11-08 00:00:00.000,
63051050,17700,99e647d6-f74b-4c42-836f-1c0829069f81.binning_data.json,6399999,6000,63051050,111,2025-11-10 03:02:29.477,com.sec.android.app.shealth,2025-11-09 03:00:03.624,,2.0513067,13128.363,632.6426,17589,yeLoKu9/uD,com.sec.android.app.shealth,0,99e647d6-f74b-4c42-836f-1c0829069f81.achievement.json,99e647d6-f74b-4c42-836f-1c0829069f81,2025-11-08 00:00:00.000,
63051050,10159,ec8c551c-cba9-4119-941f-4da752c1c492.binning_data.json,4608855,6000,63051050,25,2025-11-10 09:59:28.804,com.sec.android.app.shealth,2025-11-09 10:13:48.159,ec8c551c-cba9-4119-941f-4da752c1c492.source_info.json,1.6318368,7520.899,358.45682,10134,VfS0qUERdZ,com.sec.android.app.shealth,0,ec8c551c-cba9-4119-941f-4da752c1c492.achievement.json,ec8c551c-cba9-4119-941f-4da752c1c492,2025-11-09 00:00:00.000,
63051050,6490,5a4a30e1-b7ff-48fe-9406-7d658c7f4192.binning_data.json,4189255,6000,63051050,6,2025-11-10 03:02:21.466,com.sec.android.app.shealth,2025-11-10 03:02:21.466,,1.1354953,4756.88,200.42,6484,g1bnYRM2yN,com.sec.android.app.shealth,0,5a4a30e1-b7ff-48fe-9406-7d658c7f4192.achievement.json,5a4a30e1-b7ff-48fe-9406-7d658c7f4192,2025-11-09 00:00:00.000,
63051050,9410,ac1edd96-bf0d-4a8a-b58f-4ab596938960.binning_data.json,3699999,6000,63051050,26,2025-11-11 03:00:09.773,com.sec.android.app.shealth,2025-11-10 03:02:29.418,,1.8797361,6955.0234,342.42383,9384,yeLoKu9/uD,com.sec.android.app.shealth,0,ac1edd96-bf0d-4a8a-b58f-4ab596938960.achievement.json,ac1edd96-bf0d-4a8a-b58f-4ab596938960,2025-11-09 00:00:00.000,
63051050,14924,5135f162-2b79-444a-86a9-0686fe51610f.binning_data.json,7634357,6000,63051050,67,2025-11-11 08:44:52.048,com.sec.android.app.shealth,2025-11-10 11:04:10.996,5135f162-2b79-444a-86a9-0686fe51610f.source_info.json,1.4670912,11200.3,645.04456,14857,VfS0qUERdZ,com.sec.android.app.shealth,0,5135f162-2b79-444a-86a9-0686fe51610f.achievement.json,5135f162-2b79-444a-86a9-0686fe51610f,2025-11-10 00:00:00.000,
63051050,8626,c5e9214a-e042-4dfc-8c8e-2ee72a610f55.binning_data.json,5026462,6000,63051050,0,2025-11-11 03:00:06.509,com.sec.android.app.shealth,2025-11-11 03:00:06.509,,1.2878678,6473.42,262.11993,8626,g1bnYRM2yN,com.sec.android.app.shealth,0,c5e9214a-e042-4dfc-8c8e-2ee72a610f55.achievement.json,c5e9214a-e042-4dfc-8c8e-2ee72a610f55,2025-11-10 00:00:00.000,
63051050,14136,4ffb725b-d2c6-4291-ab5e-af74a937e121.binning_data.json,5550000,6000,63051050,83,2025-11-12 03:00:04.816,com.sec.android.app.shealth,2025-11-11 03:00:09.591,,1.9057559,10576.945,697.1132,14053,yeLoKu9/uD,com.sec.android.app.shealth,0,4ffb725b-d2c6-4291-ab5e-af74a937e121.achievement.json,4ffb725b-d2c6-4291-ab5e-af74a937e121,2025-11-10 00:00:00.000,
63051050,16656,ff558b68-16ef-4504-8819-14f624d7e527.binning_data.json,7902109,6000,63051050,48,2025-11-12 10:53:28.560,com.sec.android.app.shealth,2025-11-11 11:06:25.636,ff558b68-16ef-4504-8819-14f624d7e527.source_info.json,1.5718347,12420.811,581.1654,16608,VfS0qUERdZ,com.sec.android.app.shealth,0,ff558b68-16ef-4504-8819-14f624d7e527.achievement.json,ff558b68-16ef-4504-8819-14f624d7e527,2025-11-11 00:00:00.000,
63051050,10520,9a4a65d2-25b9-4bce-8d66-0c4971233fd9.binning_data.json,6259064,6000,63051050,0,2025-11-12 03:00:02.353,com.sec.android.app.shealth,2025-11-12 03:00:02.353,,1.2564211,7864.02,322.08994,10520,g1bnYRM2yN,com.sec.android.app.shealth,0,9a4a65d2-25b9-4bce-8d66-0c4971233fd9.achievement.json,9a4a65d2-25b9-4bce-8d66-0c4971233fd9,2025-11-11 00:00:00.000,
63051050,14889,2ef29bdf-3ed8-469e-bb98-7e4de0990bf6.binning_data.json,5383333,6000,63051050,62,2025-11-13 03:00:04.854,com.sec.android.app.shealth,2025-11-12 03:00:04.517,,2.0639243,11110.793,572.6061,14827,yeLoKu9/uD,com.sec.android.app.shealth,0,2ef29bdf-3ed8-469e-bb98-7e4de0990bf6.achievement.json,2ef29bdf-3ed8-469e-bb98-7e4de0990bf6,2025-11-11 00:00:00.000,
63051050,18296,662ae6cf-2b8e-4691-9265-a0387302694a.binning_data.json,9127499,6000,63051050,87,2025-11-13 11:54:25.465,com.sec.android.app.shealth,2025-11-12 03:02:59.231,662ae6cf-2b8e-4691-9265-a0387302694a.source_info.json,1.5072885,13757.774,664.31915,18209,VfS0qUERdZ,com.sec.android.app.shealth,0,662ae6cf-2b8e-4691-9265-a0387302694a.achievement.json,662ae6cf-2b8e-4691-9265-a0387302694a,2025-11-12 00:00:00.000,
63051050,11430,be57291f-cd44-4c20-9f54-2256235fd813.binning_data.json,6688184,6000,63051050,6,2025-11-13 03:00:02.704,com.sec.android.app.shealth,2025-11-13 03:00:02.704,,1.2830641,8581.369,348.4099,11424,g1bnYRM2yN,com.sec.android.app.shealth,0,be57291f-cd44-4c20-9f54-2256235fd813.achievement.json,be57291f-cd44-4c20-9f54-2256235fd813,2025-11-12 00:00:00.000,
63051050,17150,a2be000b-ba2a-4919-8160-a1ff0b9fa40b.binning_data.json,6566666,6000,63051050,94,2025-11-14 03:00:04.238,com.sec.android.app.shealth,2025-11-13 03:00:04.874,,1.9594353,12866.959,690.93396,17056,yeLoKu9/uD,com.sec.android.app.shealth,0,a2be000b-ba2a-4919-8160-a1ff0b9fa40b.achievement.json,a2be000b-ba2a-4919-8160-a1ff0b9fa40b,2025-11-12 00:00:00.000,
63051050,10802,a133e244-9f1b-4b12-b0da-5904566ed8ba.binning_data.json,5409725,6000,63051050,78,2025-11-14 10:54:00.618,com.sec.android.app.shealth,2025-11-13 11:42:16.102,a133e244-9f1b-4b12-b0da-5904566ed8ba.source_info.json,1.4904499,8062.9243,381.03137,10724,VfS0qUERdZ,com.sec.android.app.shealth,0,a133e244-9f1b-4b12-b0da-5904566ed8ba.achievement.json,a133e244-9f1b-4b12-b0da-5904566ed8ba,2025-11-13 00:00:00.000,
63051050,5222,ff56d809-e55d-4cac-a8d9-1fc12914bf9e.binning_data.json,3336495,6000,63051050,20,2025-11-14 03:00:02.322,com.sec.android.app.shealth,2025-11-14 03:00:02.322,,1.1552663,3854.54,163.24998,5202,g1bnYRM2yN,com.sec.android.app.shealth,0,ff56d809-e55d-4cac-a8d9-1fc12914bf9e.achievement.json,ff56d809-e55d-4cac-a8d9-1fc12914bf9e,2025-11-13 00:00:00.000,
63051050,9977,4cdbc8cf-57e5-4a1f-86e9-82a2a9d136ae.binning_data.json,4733333,6000,63051050,58,2025-11-15 03:00:45.460,com.sec.android.app.shealth,2025-11-14 03:00:04.227,,1.5706921,7434.6094,360.34753,9919,yeLoKu9/uD,com.sec.android.app.shealth,0,4cdbc8cf-57e5-4a1f-86e9-82a2a9d136ae.achievement.json,4cdbc8cf-57e5-4a1f-86e9-82a2a9d136ae,2025-11-13 00:00:00.000,
63051050,14582,16e0e93a-e36a-4307-adac-164dc722b29d.binning_data.json,7391381,6000,63051050,166,2025-11-15 03:36:09.930,com.sec.android.app.shealth,2025-11-14 10:29:20.640,16e0e93a-e36a-4307-adac-164dc722b29d.source_info.json,1.4782928,10926.626,503.83014,14416,VfS0qUERdZ,com.sec.android.app.shealth,0,16e0e93a-e36a-4307-adac-164dc722b29d.achievement.json,16e0e93a-e36a-4307-adac-164dc722b29d,2025-11-14 00:00:00.000,
63051050,8525,af2239f1-ea5f-4032-9283-8eb13a96bade.binning_data.json,5114028,6000,63051050,3,2025-11-15 03:00:01.848,com.sec.android.app.shealth,2025-11-15 03:00:01.848,,1.2437104,6360.3696,260.55994,8522,g1bnYRM2yN,com.sec.android.app.shealth,0,af2239f1-ea5f-4032-9283-8eb13a96bade.achievement.json,af2239f1-ea5f-4032-9283-8eb13a96bade,2025-11-14 00:00:00.000,
63051050,13670,930d4b09-9188-460e-a508-164d4c7abd99.binning_data.json,5666666,6000,63051050,171,2025-11-16 03:29:58.748,com.sec.android.app.shealth,2025-11-15 03:00:45.455,,1.8056662,10232.108,497.08603,13499,yeLoKu9/uD,com.sec.android.app.shealth,0,930d4b09-9188-460e-a508-164d4c7abd99.achievement.json,930d4b09-9188-460e-a508-164d4c7abd99,2025-11-14 00:00:00.000,
63051050,8715,f8553196-4652-47ab-8156-58936d5064d3.binning_data.json,4234175,6000,63051050,71,2025-11-16 05:11:54.537,com.sec.android.app.shealth,2025-11-15 03:14:38.254,f8553196-4652-47ab-8156-58936d5064d3.source_info.json,1.537366,6509.477,302.96075,8644,VfS0qUERdZ,com.sec.android.app.shealth,0,f8553196-4652-47ab-8156-58936d5064d3.achievement.json,f8553196-4652-47ab-8156-58936d5064d3,2025-11-15 00:00:00.000,
63051050,4807,254ffd39-236c-4433-8a56-6b3636459e35.binning_data.json,2874530,6000,63051050,0,2025-11-16 03:29:56.939,com.sec.android.app.shealth,2025-11-16 03:29:56.939,,1.2488266,3589.7898,148.43997,4807,g1bnYRM2yN,com.sec.android.app.shealth,0,254ffd39-236c-4433-8a56-6b3636459e35.achievement.json,254ffd39-236c-4433-8a56-6b3636459e35,2025-11-15 00:00:00.000,
63051050,7709,1bd723ce-49b5-4077-9bdc-49173a4420b6.binning_data.json,3199999,6000,63051050,71,2025-11-17 03:00:09.452,com.sec.android.app.shealth,2025-11-16 03:29:58.652,,1.7980118,5753.6377,279.35107,7638,yeLoKu9/uD,com.sec.android.app.shealth,0,1bd723ce-49b5-4077-9bdc-49173a4420b6.achievement.json,1bd723ce-49b5-4077-9bdc-49173a4420b6,2025-11-15 00:00:00.000,
63051050,7867,db043a51-98fb-4874-8b90-9b630fee7378.binning_data.json,4101251,6000,63051050,9,2025-11-17 02:21:02.421,com.sec.android.app.shealth,2025-11-16 04:15:04.647,db043a51-98fb-4874-8b90-9b630fee7378.source_info.json,1.4225125,5834.0825,272.80093,7858,VfS0qUERdZ,com.sec.android.app.shealth,0,db043a51-98fb-4874-8b90-9b630fee7378.achievement.json,db043a51-98fb-4874-8b90-9b630fee7378,2025-11-16 00:00:00.000,
63051050,4924,08c51fcb-abc0-4bb2-8758-634baadf6186.binning_data.json,3025757,6000,63051050,0,2025-11-17 03:00:06.025,com.sec.android.app.shealth,2025-11-17 03:00:06.025,,1.2068217,3651.55,152.51999,4924,g1bnYRM2yN,com.sec.android.app.shealth,0,08c51fcb-abc0-4bb2-8758-634baadf6186.achievement.json,08c51fcb-abc0-4bb2-8758-634baadf6186,2025-11-16 00:00:00.000,
63051050,6595,1595cf17-d31b-4d0c-84b3-df90cbc071cc.binning_data.json,3133333,6000,63051050,9,2025-11-17 03:00:09.476,com.sec.android.app.shealth,2025-11-17 03:00:09.476,,1.5589237,4884.6274,238.87547,6586,yeLoKu9/uD,com.sec.android.app.shealth,0,1595cf17-d31b-4d0c-84b3-df90cbc071cc.achievement.json,1595cf17-d31b-4d0c-84b3-df90cbc071cc,2025-11-16 00:00:00.000,
63051050,15613,0523e1bc-ad4b-4897-aeeb-baab53530af1.binning_data.json,7646151,6000,63051050,90,2025-11-18 11:10:35.987,com.sec.android.app.shealth,2025-11-17 03:23:29.830,0523e1bc-ad4b-4897-aeeb-baab53530af1.source_info.json,1.5208261,11628.467,539.3708,15523,VfS0qUERdZ,com.sec.android.app.shealth,0,0523e1bc-ad4b-4897-aeeb-baab53530af1.achievement.json,0523e1bc-ad4b-4897-aeeb-baab53530af1,2025-11-17 00:00:00.000,
63051050,11070,c0432829-451b-4f57-a846-02b55fbdd26f.binning_data.json,6080375,6000,63051050,23,2025-11-19 07:37:25.918,com.sec.android.app.shealth,2025-11-18 03:11:05.011,c0432829-451b-4f57-a846-02b55fbdd26f.source_info.json,1.3447825,8176.783,370.30856,11047,VfS0qUERdZ,com.sec.android.app.shealth,0,c0432829-451b-4f57-a846-02b55fbdd26f.achievement.json,c0432829-451b-4f57-a846-02b55fbdd26f,2025-11-18 00:00:00.000,
63051050,8950,dcb3e080-b8be-4c28-b33b-4a9fcbf9405e.binning_data.json,5618664,6000,63051050,0,2025-11-18 03:13:24.547,com.sec.android.app.shealth,2025-11-18 03:13:24.547,,1.1764878,6610.2896,275.62994,8950,g1bnYRM2yN,com.sec.android.app.shealth,0,dcb3e080-b8be-4c28-b33b-4a9fcbf9405e.achievement.json,dcb3e080-b8be-4c28-b33b-4a9fcbf9405e,2025-11-17 00:00:00.000,
63051050,7667,b330d69b-31fc-4f75-9613-ebf71249c31d.binning_data.json,4875165,6000,63051050,0,2025-11-19 03:00:01.823,com.sec.android.app.shealth,2025-11-18 03:13:25.135,,1.1566234,5638.73,235.23997,7667,g1bnYRM2yN,com.sec.android.app.shealth,0,b330d69b-31fc-4f75-9613-ebf71249c31d.achievement.json,b330d69b-31fc-4f75-9613-ebf71249c31d,2025-11-18 00:00:00.000,
63051050,14326,62dab3bf-f2d1-476c-a3c5-a1c54e03ebee.binning_data.json,5966666,6000,63051050,101,2025-11-19 03:00:03.403,com.sec.android.app.shealth,2025-11-18 03:13:28.852,,1.7848157,10649.4,515.52576,14225,yeLoKu9/uD,com.sec.android.app.shealth,0,62dab3bf-f2d1-476c-a3c5-a1c54e03ebee.achievement.json,62dab3bf-f2d1-476c-a3c5-a1c54e03ebee,2025-11-17 00:00:00.000,
63051050,9773,68b465da-a062-4353-bcc8-d3e32f5e7c56.binning_data.json,3983333,6000,63051050,28,2025-11-20 03:00:03.940,com.sec.android.app.shealth,2025-11-19 03:00:03.397,,1.8088057,7205.076,349.06107,9745,yeLoKu9/uD,com.sec.android.app.shealth,0,68b465da-a062-4353-bcc8-d3e32f5e7c56.achievement.json,68b465da-a062-4353-bcc8-d3e32f5e7c56,2025-11-18 00:00:00.000,
63051050,12541,7ca4f7be-39b5-4c1e-9e0c-0df0f3f80804.binning_data.json,6199526,6000,63051050,82,2025-11-20 12:20:42.561,com.sec.android.app.shealth,2025-11-19 03:24:36.769,7ca4f7be-39b5-4c1e-9e0c-0df0f3f80804.source_info.json,1.5125506,9377.099,435.62457,12459,VfS0qUERdZ,com.sec.android.app.shealth,0,7ca4f7be-39b5-4c1e-9e0c-0df0f3f80804.achievement.json,7ca4f7be-39b5-4c1e-9e0c-0df0f3f80804,2025-11-19 00:00:00.000,
63051050,6563,d5f8b675-0ec7-49dd-b670-99b22ee9388c.binning_data.json,3987674,6000,63051050,8,2025-11-20 03:00:02.094,com.sec.android.app.shealth,2025-11-20 03:00:02.094,,1.2261358,4889.4297,202.50998,6555,g1bnYRM2yN,com.sec.android.app.shealth,0,d5f8b675-0ec7-49dd-b670-99b22ee9388c.achievement.json,d5f8b675-0ec7-49dd-b670-99b22ee9388c,2025-11-19 00:00:00.000,
63051050,11656,06d525fd-884c-4cba-a815-7fe6fdbef53d.binning_data.json,5116666,6000,63051050,92,2025-11-21 11:54:32.815,com.sec.android.app.shealth,2025-11-20 03:00:03.967,,1.7019843,8708.486,420.76108,11564,yeLoKu9/uD,com.sec.android.app.shealth,0,06d525fd-884c-4cba-a815-7fe6fdbef53d.achievement.json,06d525fd-884c-4cba-a815-7fe6fdbef53d,2025-11-19 00:00:00.000,
63051050,19044,ae28b977-a5fd-4a15-bd27-9d7447bbdc13.binning_data.json,9387299,6000,63060070,193,2025-11-21 13:16:44.438,com.sec.android.app.shealth,2025-11-20 03:06:45.829,ae28b977-a5fd-4a15-bd27-9d7447bbdc13.source_info.json,1.5301514,14363.988,944.5548,18851,VfS0qUERdZ,com.sec.android.app.shealth,0,ae28b977-a5fd-4a15-bd27-9d7447bbdc13.achievement.json,ae28b977-a5fd-4a15-bd27-9d7447bbdc13,2025-11-20 00:00:00.000,
63051050,11780,25baa454-6f46-4111-b21c-ad2e2cd45ea7.binning_data.json,6801007,6000,63051050,133,2025-11-21 11:54:32.539,com.sec.android.app.shealth,2025-11-21 11:54:32.539,,1.3153168,8945.4795,372.24994,11647,g1bnYRM2yN,com.sec.android.app.shealth,0,25baa454-6f46-4111-b21c-ad2e2cd45ea7.achievement.json,25baa454-6f46-4111-b21c-ad2e2cd45ea7,2025-11-20 00:00:00.000,
63051050,17410,ee566114-3d9b-4a93-b7c9-b98baa980543.binning_data.json,7266666,6000,63060070,125,2025-11-22 03:00:09.779,com.sec.android.app.shealth,2025-11-21 11:54:34.080,,1.7937301,13034.439,983.36127,17285,yeLoKu9/uD,com.sec.android.app.shealth,0,ee566114-3d9b-4a93-b7c9-b98baa980543.achievement.json,ee566114-3d9b-4a93-b7c9-b98baa980543,2025-11-20 00:00:00.000,
63060070,9642,6f372a8c-0816-4d90-8423-d7e2e7ebef4f.binning_data.json,4538816,6000,63060070,45,2025-11-22 03:14:32.365,com.sec.android.app.shealth,2025-11-21 13:16:28.684,6f372a8c-0816-4d90-8423-d7e2e7ebef4f.source_info.json,1.5830344,7185.1025,330.358,9597,VfS0qUERdZ,com.sec.android.app.shealth,0,6f372a8c-0816-4d90-8423-d7e2e7ebef4f.achievement.json,6f372a8c-0816-4d90-8423-d7e2e7ebef4f,2025-11-21 00:00:00.000,
63060070,6232,717c644d-e1ed-4853-9630-0309cc258263.binning_data.json,3953914,6000,63060070,14,2025-11-22 03:00:06.584,com.sec.android.app.shealth,2025-11-22 03:00:06.584,,1.1634698,4600.26,193.33998,6218,g1bnYRM2yN,com.sec.android.app.shealth,0,717c644d-e1ed-4853-9630-0309cc258263.achievement.json,717c644d-e1ed-4853-9630-0309cc258263,2025-11-21 00:00:00.000,
63060070,7790,8bc1240b-de22-4d9a-aa76-59032e2cc769.binning_data.json,2866666,6000,63060070,33,2025-11-23 03:00:04.934,com.sec.android.app.shealth,2025-11-22 03:00:09.761,,2.0278997,5813.3125,278.4513,7757,yeLoKu9/uD,com.sec.android.app.shealth,0,8bc1240b-de22-4d9a-aa76-59032e2cc769.achievement.json,8bc1240b-de22-4d9a-aa76-59032e2cc769,2025-11-21 00:00:00.000,
63060070,12714,5d1b9a44-f5b9-4e5b-9110-e97467de77c7.binning_data.json,6551559,6000,63060070,128,2025-11-23 03:27:43.976,com.sec.android.app.shealth,2025-11-22 03:01:08.242,5d1b9a44-f5b9-4e5b-9110-e97467de77c7.source_info.json,1.4494209,9495.968,444.16028,12586,VfS0qUERdZ,com.sec.android.app.shealth,0,5d1b9a44-f5b9-4e5b-9110-e97467de77c7.achievement.json,5d1b9a44-f5b9-4e5b-9110-e97467de77c7,2025-11-22 00:00:00.000,
63060070,6705,456be1ef-e165-4d93-9794-6b4f23c3f919.binning_data.json,4033928,6000,63060070,16,2025-11-23 03:00:02.678,com.sec.android.app.shealth,2025-11-23 03:00:02.678,,1.2405622,5004.34,208.40996,6689,g1bnYRM2yN,com.sec.android.app.shealth,0,456be1ef-e165-4d93-9794-6b4f23c3f919.achievement.json,456be1ef-e165-4d93-9794-6b4f23c3f919,2025-11-22 00:00:00.000,
63060070,11983,66d95647-d35d-4feb-acb7-b1a8c4f19272.binning_data.json,5549999,6000,63060070,124,2025-11-24 03:00:04.201,com.sec.android.app.shealth,2025-11-23 03:00:04.925,,1.6077468,8922.994,432.7974,11859,yeLoKu9/uD,com.sec.android.app.shealth,0,66d95647-d35d-4feb-acb7-b1a8c4f19272.achievement.json,66d95647-d35d-4feb-acb7-b1a8c4f19272,2025-11-22 00:00:00.000,
63060070,9394,ce201504-7da3-4b77-be30-da245617f406.binning_data.json,4433022,6000,63060070,76,2025-11-24 11:22:43.541,com.sec.android.app.shealth,2025-11-23 03:27:43.489,ce201504-7da3-4b77-be30-da245617f406.source_info.json,1.5847455,7025.2124,332.46075,9318,VfS0qUERdZ,com.sec.android.app.shealth,0,ce201504-7da3-4b77-be30-da245617f406.achievement.json,ce201504-7da3-4b77-be30-da245617f406,2025-11-23 00:00:00.000,
63060070,4903,40345acd-1428-4023-9611-4a4c2be2c8b9.binning_data.json,2982418,6000,63060070,28,2025-11-24 03:00:01.989,com.sec.android.app.shealth,2025-11-24 03:00:01.989,,1.2276682,3661.42,154.74998,4875,g1bnYRM2yN,com.sec.android.app.shealth,0,40345acd-1428-4023-9611-4a4c2be2c8b9.achievement.json,40345acd-1428-4023-9611-4a4c2be2c8b9,2025-11-23 00:00:00.000,
63060070,8845,6bf405f6-9007-49b3-b45b-d29aca040ac7.binning_data.json,4033333,6000,63060070,62,2025-11-25 03:00:05.610,com.sec.android.app.shealth,2025-11-24 03:00:04.189,,1.632758,6585.457,319.28137,8783,yeLoKu9/uD,com.sec.android.app.shealth,0,6bf405f6-9007-49b3-b45b-d29aca040ac7.achievement.json,6bf405f6-9007-49b3-b45b-d29aca040ac7,2025-11-23 00:00:00.000,
63060070,11758,0533ff33-6283-4875-9c65-9ffec8d677f2.binning_data.json,6558588,6000,63060070,35,2025-11-25 11:32:29.889,com.sec.android.app.shealth,2025-11-24 03:15:00.336,0533ff33-6283-4875-9c65-9ffec8d677f2.source_info.json,1.3346481,8753.408,403.3509,11723,VfS0qUERdZ,com.sec.android.app.shealth,0,0533ff33-6283-4875-9c65-9ffec8d677f2.achievement.json,0533ff33-6283-4875-9c65-9ffec8d677f2,2025-11-24 00:00:00.000,
63060070,7356,563703be-88e1-4694-aa6e-34c86fb31aa5.binning_data.json,4556673,6000,63060070,0,2025-11-25 03:00:03.306,com.sec.android.app.shealth,2025-11-25 03:00:03.306,,1.1935176,5438.4697,226.14998,7356,g1bnYRM2yN,com.sec.android.app.shealth,0,563703be-88e1-4694-aa6e-34c86fb31aa5.achievement.json,563703be-88e1-4694-aa6e-34c86fb31aa5,2025-11-24 00:00:00.000,
63060070,10662,bdb223e1-36a1-4ba3-b364-295fc46d9130.binning_data.json,5066666,6000,63060070,51,2025-11-26 03:00:34.908,com.sec.android.app.shealth,2025-11-25 03:00:05.641,,1.571095,7960.215,384.79596,10611,yeLoKu9/uD,com.sec.android.app.shealth,0,bdb223e1-36a1-4ba3-b364-295fc46d9130.achievement.json,bdb223e1-36a1-4ba3-b364-295fc46d9130,2025-11-24 00:00:00.000,
63060070,12985,b7b5aa12-38f1-480f-abcc-051f952fcf45.binning_data.json,6856039,6000,63060070,59,2025-11-26 03:06:18.046,com.sec.android.app.shealth,2025-11-25 11:16:05.610,b7b5aa12-38f1-480f-abcc-051f952fcf45.source_info.json,1.4137645,9692.824,452.48343,12926,VfS0qUERdZ,com.sec.android.app.shealth,0,b7b5aa12-38f1-480f-abcc-051f952fcf45.achievement.json,b7b5aa12-38f1-480f-abcc-051f952fcf45,2025-11-25 00:00:00.000,
63060070,6929,5fab842b-97bb-4309-8824-1af4a8bdea1e.binning_data.json,4245945,6000,63060070,0,2025-11-26 03:00:30.305,com.sec.android.app.shealth,2025-11-26 03:00:30.305,,1.2111177,5142.34,213.98996,6929,g1bnYRM2yN,com.sec.android.app.shealth,0,5fab842b-97bb-4309-8824-1af4a8bdea1e.achievement.json,5fab842b-97bb-4309-8824-1af4a8bdea1e,2025-11-25 00:00:00.000,
63060070,11724,d2066777-d54c-44ec-b3cc-f56f78cb10bb.binning_data.json,5266666,6000,63060070,123,2025-11-27 03:00:04.350,com.sec.android.app.shealth,2025-11-26 03:00:34.690,,1.6629826,8758.375,427.6261,11601,yeLoKu9/uD,com.sec.android.app.shealth,0,d2066777-d54c-44ec-b3cc-f56f78cb10bb.achievement.json,d2066777-d54c-44ec-b3cc-f56f78cb10bb,2025-11-25 00:00:00.000,
63060070,14112,131b9f82-5022-4f35-81f3-316accbbe8c3.binning_data.json,7153740,6000,63060070,71,2025-11-27 12:16:55.920,com.sec.android.app.shealth,2025-11-26 03:06:17.506,131b9f82-5022-4f35-81f3-316accbbe8c3.source_info.json,1.4738253,10543.363,487.0436,14041,VfS0qUERdZ,com.sec.android.app.shealth,0,131b9f82-5022-4f35-81f3-316accbbe8c3.achievement.json,131b9f82-5022-4f35-81f3-316accbbe8c3,2025-11-26 00:00:00.000,
63060070,8157,f6f02d6a-9d12-4c8f-a1fc-0bae72aa3034.binning_data.json,5005476,6000,63060070,2,2025-11-27 03:00:02.201,com.sec.android.app.shealth,2025-11-27 03:00:02.201,,1.209715,6055.2,251.96997,8155,g1bnYRM2yN,com.sec.android.app.shealth,0,f6f02d6a-9d12-4c8f-a1fc-0bae72aa3034.achievement.json,f6f02d6a-9d12-4c8f-a1fc-0bae72aa3034,2025-11-26 00:00:00.000,
63060070,12540,74ad6f59-173b-4007-8051-83a7cd0ba4a6.binning_data.json,5416666,6000,63060070,74,2025-11-28 03:03:31.550,com.sec.android.app.shealth,2025-11-27 03:00:04.374,,1.7326022,9384.929,451.8423,12466,yeLoKu9/uD,com.sec.android.app.shealth,0,74ad6f59-173b-4007-8051-83a7cd0ba4a6.achievement.json,74ad6f59-173b-4007-8051-83a7cd0ba4a6,2025-11-26 00:00:00.000,
63060070,4985,92f3505b-cc91-4546-bfec-8880e713f85b.binning_data.json,2931422,6000,63060070,82,2025-11-28 10:43:28.502,com.sec.android.app.shealth,2025-11-27 03:21:43.589,92f3505b-cc91-4546-bfec-8880e713f85b.source_info.json,1.2630932,3702.6604,176.99223,4903,VfS0qUERdZ,com.sec.android.app.shealth,0,92f3505b-cc91-4546-bfec-8880e713f85b.achievement.json,92f3505b-cc91-4546-bfec-8880e713f85b,2025-11-27 00:00:00.000,
63060070,1594,c1ae49f0-9b08-42cc-88ea-18825a248ade.binning_data.json,1011406,6000,63060070,0,2025-11-28 03:03:28.839,com.sec.android.app.shealth,2025-11-28 03:03:28.839,,1.1611156,1174.36,49.74999,1594,g1bnYRM2yN,com.sec.android.app.shealth,0,c1ae49f0-9b08-42cc-88ea-18825a248ade.achievement.json,c1ae49f0-9b08-42cc-88ea-18825a248ade,2025-11-27 00:00:00.000,
63060070,4388,8ae293b1-8e1f-47ac-987a-fc00f9d8479a.binning_data.json,2549999,6000,63060070,82,2025-11-29 03:00:04.395,com.sec.android.app.shealth,2025-11-28 03:03:31.484,,1.2774878,3257.5938,160.30933,4306,yeLoKu9/uD,com.sec.android.app.shealth,0,8ae293b1-8e1f-47ac-987a-fc00f9d8479a.achievement.json,8ae293b1-8e1f-47ac-987a-fc00f9d8479a,2025-11-27 00:00:00.000,
63060070,13549,7d2294e7-7218-4167-9680-93ab490e1861.binning_data.json,6937548,6000,63060070,53,2025-11-29 04:16:03.250,com.sec.android.app.shealth,2025-11-28 03:17:26.610,7d2294e7-7218-4167-9680-93ab490e1861.source_info.json,1.4478004,10044.186,465.9709,13496,VfS0qUERdZ,com.sec.android.app.shealth,0,7d2294e7-7218-4167-9680-93ab490e1861.achievement.json,7d2294e7-7218-4167-9680-93ab490e1861,2025-11-28 00:00:00.000,
63060070,8115,371e8a1f-1929-4df8-a5ee-88b262f37084.binning_data.json,5060515,6000,63060070,0,2025-11-29 03:00:02.266,com.sec.android.app.shealth,2025-11-29 03:00:02.266,,1.1857822,6000.67,250.66995,8115,g1bnYRM2yN,com.sec.android.app.shealth,0,371e8a1f-1929-4df8-a5ee-88b262f37084.achievement.json,371e8a1f-1929-4df8-a5ee-88b262f37084,2025-11-28 00:00:00.000,
63060070,12475,7b6b3149-22a2-4f4f-b55b-f7371681c288.binning_data.json,5450000,6000,63060070,89,2025-11-30 03:01:01.948,com.sec.android.app.shealth,2025-11-29 03:00:04.420,,1.6941918,9233.345,452.49384,12386,yeLoKu9/uD,com.sec.android.app.shealth,0,7b6b3149-22a2-4f4f-b55b-f7371681c288.achievement.json,7b6b3149-22a2-4f4f-b55b-f7371681c288,2025-11-28 00:00:00.000,
63060070,13351,8b3a6451-6aa9-4af4-b609-37ede3c8cff8.binning_data.json,6431902,6000,63060070,123,2025-11-30 01:47:29.593,com.sec.android.app.shealth,2025-11-29 04:08:30.975,8b3a6451-6aa9-4af4-b609-37ede3c8cff8.source_info.json,1.562519,10049.969,449.77753,13228,VfS0qUERdZ,com.sec.android.app.shealth,0,8b3a6451-6aa9-4af4-b609-37ede3c8cff8.achievement.json,8b3a6451-6aa9-4af4-b609-37ede3c8cff8,2025-11-29 00:00:00.000,
63060070,9595,691f3eb3-f875-4c27-afb7-2f7cab455209.binning_data.json,5497122,6000,63060070,3,2025-11-30 03:00:55.087,com.sec.android.app.shealth,2025-11-30 03:00:55.087,,1.3198032,7255.1196,295.12994,9592,g1bnYRM2yN,com.sec.android.app.shealth,0,691f3eb3-f875-4c27-afb7-2f7cab455209.achievement.json,691f3eb3-f875-4c27-afb7-2f7cab455209,2025-11-29 00:00:00.000,
63060070,10960,e94ff01c-ed3a-4475-ae1a-6a122c02c137.binning_data.json,4083333,6000,63060070,142,2025-11-30 03:01:02.010,com.sec.android.app.shealth,2025-11-30 03:01:02.010,,2.0109863,8211.527,396.54565,10818,yeLoKu9/uD,com.sec.android.app.shealth,0,e94ff01c-ed3a-4475-ae1a-6a122c02c137.achievement.json,e94ff01c-ed3a-4475-ae1a-6a122c02c137,2025-11-29 00:00:00.000,
63060070,16364,68f0401e-068f-4c51-9453-43acdd6c30f1.binning_data.json,7195165,6000,63060070,81,2025-12-01 03:38:08.679,com.sec.android.app.shealth,2025-11-30 03:20:38.923,68f0401e-068f-4c51-9453-43acdd6c30f1.source_info.json,1.6919545,12173.893,565.94666,16283,VfS0qUERdZ,com.sec.android.app.shealth,0,68f0401e-068f-4c51-9453-43acdd6c30f1.achievement.json,68f0401e-068f-4c51-9453-43acdd6c30f1,2025-11-30 00:00:00.000,
63060070,8327,d2c7db2a-5010-42ec-91d4-5fc005d39e1a.binning_data.json,5317505,6000,63060070,0,2025-12-01 03:00:02.942,com.sec.android.app.shealth,2025-12-01 03:00:02.942,,1.1524351,6128.08,257.21,8327,g1bnYRM2yN,com.sec.android.app.shealth,0,d2c7db2a-5010-42ec-91d4-5fc005d39e1a.achievement.json,d2c7db2a-5010-42ec-91d4-5fc005d39e1a,2025-11-30 00:00:00.000,
63060070,15092,3aea11d9-f956-4ec1-a143-cf5eced75e76.binning_data.json,5483333,6000,63060070,81,2025-12-02 03:03:44.947,com.sec.android.app.shealth,2025-12-01 03:00:06.168,,2.041707,11195.359,542.00793,15011,yeLoKu9/uD,com.sec.android.app.shealth,0,3aea11d9-f956-4ec1-a143-cf5eced75e76.achievement.json,3aea11d9-f956-4ec1-a143-cf5eced75e76,2025-11-30 00:00:00.000,
63060070,4163,94eb8270-abdb-4f84-a83c-31f007003f8f.binning_data.json,2387871,6000,63060070,16,2025-12-02 11:33:33.400,com.sec.android.app.shealth,2025-12-01 03:36:01.275,94eb8270-abdb-4f84-a83c-31f007003f8f.source_info.json,1.2960774,3094.866,142.43222,4147,VfS0qUERdZ,com.sec.android.app.shealth,0,94eb8270-abdb-4f84-a83c-31f007003f8f.achievement.json,94eb8270-abdb-4f84-a83c-31f007003f8f,2025-12-01 00:00:00.000,
63060070,2017,0d584e69-d820-42b5-bf7a-15d27a49d8ed.binning_data.json,1240513,6000,63060070,0,2025-12-02 03:03:42.319,com.sec.android.app.shealth,2025-12-02 03:03:42.319,,1.2025903,1491.83,62.819992,2017,g1bnYRM2yN,com.sec.android.app.shealth,0,0d584e69-d820-42b5-bf7a-15d27a49d8ed.achievement.json,0d584e69-d820-42b5-bf7a-15d27a49d8ed,2025-12-01 00:00:00.000,
63060070,2954,d889a1f4-3e41-4908-bf35-24689b6047f4.binning_data.json,1599999,6000,63060070,16,2025-12-03 03:00:04.709,com.sec.android.app.shealth,2025-12-02 03:03:44.963,,1.3773123,2203.6997,106.32192,2938,yeLoKu9/uD,com.sec.android.app.shealth,0,d889a1f4-3e41-4908-bf35-24689b6047f4.achievement.json,d889a1f4-3e41-4908-bf35-24689b6047f4,2025-12-01 00:00:00.000,
63060070,8004,7631eab7-2dde-496a-9e29-e1ca1ec2106d.binning_data.json,4292298,6000,63060070,18,2025-12-03 11:01:02.891,com.sec.android.app.shealth,2025-12-02 10:34:43.495,7631eab7-2dde-496a-9e29-e1ca1ec2106d.source_info.json,1.3843181,5941.9062,280.52634,7986,VfS0qUERdZ,com.sec.android.app.shealth,0,7631eab7-2dde-496a-9e29-e1ca1ec2106d.achievement.json,7631eab7-2dde-496a-9e29-e1ca1ec2106d,2025-12-02 00:00:00.000,
63060070,3765,3519ba0a-8908-4bb5-96ac-935b88de724f.binning_data.json,2371767,6000,63060070,3,2025-12-03 03:00:02.402,com.sec.android.app.shealth,2025-12-03 03:00:02.402,,1.1727458,2781.48,118.09998,3762,g1bnYRM2yN,com.sec.android.app.shealth,0,3519ba0a-8908-4bb5-96ac-935b88de724f.achievement.json,3519ba0a-8908-4bb5-96ac-935b88de724f,2025-12-02 00:00:00.000,
63060070,7010,273588b8-3abd-4f37-b8fa-b23b97c92852.binning_data.json,3533333,6000,63060070,18,2025-12-04 03:00:29.214,com.sec.android.app.shealth,2025-12-03 03:00:04.758,,1.4717695,5200.2524,254.0471,6992,yeLoKu9/uD,com.sec.android.app.shealth,0,273588b8-3abd-4f37-b8fa-b23b97c92852.achievement.json,273588b8-3abd-4f37-b8fa-b23b97c92852,2025-12-02 00:00:00.000,
63060070,13062,3faeb790-3fdf-4e79-9250-abcf7808e412.binning_data.json,6150407,6000,63060070,55,2025-12-04 03:01:16.147,com.sec.android.app.shealth,2025-12-03 03:04:18.674,3faeb790-3fdf-4e79-9250-abcf7808e412.source_info.json,1.5830512,9736.41,455.79327,13007,VfS0qUERdZ,com.sec.android.app.shealth,0,3faeb790-3fdf-4e79-9250-abcf7808e412.achievement.json,3faeb790-3fdf-4e79-9250-abcf7808e412,2025-12-03 00:00:00.000,
63060070,6597,6bc381ff-8f11-449e-af5d-bbc220775c03.binning_data.json,4133696,6000,63060070,11,2025-12-04 03:00:22.719,com.sec.android.app.shealth,2025-12-04 03:00:22.719,,1.1829461,4889.94,206.41997,6586,g1bnYRM2yN,com.sec.android.app.shealth,0,6bc381ff-8f11-449e-af5d-bbc220775c03.achievement.json,6bc381ff-8f11-449e-af5d-bbc220775c03,2025-12-03 00:00:00.000,
63060070,4239,e8489c60-c90d-4292-b849-f59894851e1a.binning_data.json,2514490,6000,63060070,21,2025-12-05 03:02:03.620,com.sec.android.app.shealth,2025-12-04 03:00:22.762,,1.2781914,3214.0,135.12999,4218,g1bnYRM2yN,com.sec.android.app.shealth,0,e8489c60-c90d-4292-b849-f59894851e1a.achievement.json,e8489c60-c90d-4292-b849-f59894851e1a,2025-12-04 00:00:00.000,
63060070,9286,585cd853-b920-4963-9b94-fdaa1c773afe.binning_data.json,5383249,6000,63060070,85,2025-12-05 03:08:11.981,com.sec.android.app.shealth,2025-12-04 03:00:28.289,585cd853-b920-4963-9b94-fdaa1c773afe.source_info.json,1.2994611,6995.323,325.9845,9201,VfS0qUERdZ,com.sec.android.app.shealth,0,585cd853-b920-4963-9b94-fdaa1c773afe.achievement.json,585cd853-b920-4963-9b94-fdaa1c773afe,2025-12-04 00:00:00.000,
63060070,11588,4a6efcf4-4f48-4956-8ba6-dad40b56a7c9.binning_data.json,4933333,6000,63060070,49,2025-12-06 03:01:38.497,com.sec.android.app.shealth,2025-12-04 03:00:29.158,,1.7474248,8620.63,417.0782,11539,yeLoKu9/uD,com.sec.android.app.shealth,0,4a6efcf4-4f48-4956-8ba6-dad40b56a7c9.achievement.json,4a6efcf4-4f48-4956-8ba6-dad40b56a7c9,2025-12-03 00:00:00.000,
63060070,15084,d5ffab78-6955-4597-85f2-9bb62b3af633.binning_data.json,7598388,6000,63060070,91,2025-12-06 11:21:04.746,com.sec.android.app.shealth,2025-12-05 03:02:02.680,d5ffab78-6955-4597-85f2-9bb62b3af633.source_info.json,1.480526,11249.611,526.4595,14993,VfS0qUERdZ,com.sec.android.app.shealth,0,d5ffab78-6955-4597-85f2-9bb62b3af633.achievement.json,d5ffab78-6955-4597-85f2-9bb62b3af633,2025-12-05 00:00:00.000,
63060070,6904,053e26b7-e9b6-4c33-ab07-1d5a3eea2d85.binning_data.json,4203879,6000,63060070,2,2025-12-06 03:01:33.955,com.sec.android.app.shealth,2025-12-05 03:02:03.612,,1.2200042,5128.75,213.00998,6902,g1bnYRM2yN,com.sec.android.app.shealth,0,053e26b7-e9b6-4c33-ab07-1d5a3eea2d85.achievement.json,053e26b7-e9b6-4c33-ab07-1d5a3eea2d85,2025-12-05 00:00:00.000,
63060070,8552,16847f2b-41fa-4faa-a3c1-d97839ffcbb8.binning_data.json,4716666,6000,63060070,68,2025-12-06 03:01:38.602,com.sec.android.app.shealth,2025-12-06 03:01:38.602,,1.3606133,6417.5596,308.4516,8484,yeLoKu9/uD,com.sec.android.app.shealth,0,16847f2b-41fa-4faa-a3c1-d97839ffcbb8.achievement.json,16847f2b-41fa-4faa-a3c1-d97839ffcbb8,2025-12-04 00:00:00.000,
63060070,14078,e71b1d93-ed3b-4992-b4fa-c9e47ca886ad.binning_data.json,6333333,6000,63060070,135,2025-12-07 03:13:42.694,com.sec.android.app.shealth,2025-12-06 03:01:38.617,,1.6563616,10490.291,508.29565,13943,yeLoKu9/uD,com.sec.android.app.shealth,0,e71b1d93-ed3b-4992-b4fa-c9e47ca886ad.achievement.json,e71b1d93-ed3b-4992-b4fa-c9e47ca886ad,2025-12-05 00:00:00.000,
63060070,7024,5d435dc9-9cae-4cbe-8fa5-8e5ee5e06635.binning_data.json,3662079,6000,63060070,16,2025-12-07 03:13:41.580,com.sec.android.app.shealth,2025-12-06 04:07:41.122,5d435dc9-9cae-4cbe-8fa5-8e5ee5e06635.source_info.json,1.4362555,5259.681,235.2189,7008,VfS0qUERdZ,com.sec.android.app.shealth,0,5d435dc9-9cae-4cbe-8fa5-8e5ee5e06635.achievement.json,5d435dc9-9cae-4cbe-8fa5-8e5ee5e06635,2025-12-06 00:00:00.000,
63060070,13107,1119fd6c-ae12-4556-b8b2-9b998b2b4e21.binning_data.json,4650570,6000,63060070,340,2025-12-08 02:59:55.082,com.sec.android.app.shealth,2025-12-07 03:13:27.386,1119fd6c-ae12-4556-b8b2-9b998b2b4e21.source_info.json,2.1469345,9984.471,470.10184,12767,VfS0qUERdZ,com.sec.android.app.shealth,0,1119fd6c-ae12-4556-b8b2-9b998b2b4e21.achievement.json,1119fd6c-ae12-4556-b8b2-9b998b2b4e21,2025-12-07 00:00:00.000,
63060070,5162,a2aefb97-56ad-419e-8f00-446cfe417696.binning_data.json,3053507,6000,63060070,0,2025-12-07 03:13:36.162,com.sec.android.app.shealth,2025-12-07 03:13:36.162,,1.2643166,3860.5996,159.71996,5162,g1bnYRM2yN,com.sec.android.app.shealth,0,a2aefb97-56ad-419e-8f00-446cfe417696.achievement.json,a2aefb97-56ad-419e-8f00-446cfe417696,2025-12-06 00:00:00.000,
63060070,3118,ce9a6ac8-6dbc-424e-8322-15f993b91d58.binning_data.json,1900867,6000,63060070,0,2025-12-08 03:00:17.985,com.sec.android.app.shealth,2025-12-07 03:13:36.173,,1.2199848,2319.03,95.95999,3118,g1bnYRM2yN,com.sec.android.app.shealth,0,ce9a6ac8-6dbc-424e-8322-15f993b91d58.achievement.json,ce9a6ac8-6dbc-424e-8322-15f993b91d58,2025-12-07 00:00:00.000,
63060070,12537,4be745c7-8877-4c74-b958-18d73cfa57f5.binning_data.json,4116666,6000,63060070,340,2025-12-08 03:00:22.540,com.sec.android.app.shealth,2025-12-07 03:13:42.397,,2.3210895,9555.151,456.2139,12197,yeLoKu9/uD,com.sec.android.app.shealth,0,4be745c7-8877-4c74-b958-18d73cfa57f5.achievement.json,4be745c7-8877-4c74-b958-18d73cfa57f5,2025-12-07 00:00:00.000,
63060070,5559,b17dafcd-fa3f-47b0-9e91-cd874bc76e5c.binning_data.json,2250000,6000,63060070,16,2025-12-07 03:13:42.685,com.sec.android.app.shealth,2025-12-07 03:13:42.685,,1.8451796,4151.654,199.6423,5543,yeLoKu9/uD,com.sec.android.app.shealth,0,b17dafcd-fa3f-47b0-9e91-cd874bc76e5c.achievement.json,b17dafcd-fa3f-47b0-9e91-cd874bc76e5c,2025-12-06 00:00:00.000,
63060070,9238,fa91f4fb-6b1f-4b8f-b588-2ab7fd49301d.binning_data.json,4764589,6000,63060070,42,2025-12-09 12:01:53.241,com.sec.android.app.shealth,2025-12-08 03:21:14.718,fa91f4fb-6b1f-4b8f-b588-2ab7fd49301d.source_info.json,1.4335777,6830.408,322.8879,9196,VfS0qUERdZ,com.sec.android.app.shealth,0,fa91f4fb-6b1f-4b8f-b588-2ab7fd49301d.achievement.json,fa91f4fb-6b1f-4b8f-b588-2ab7fd49301d,2025-12-08 00:00:00.000,
63060070,5003,5ce7eb34-c129-4f31-9b40-4b9480c93848.binning_data.json,3146412,6000,63060070,18,2025-12-09 03:58:10.010,com.sec.android.app.shealth,2025-12-09 03:58:10.010,,1.1747317,3696.1897,157.07997,4985,g1bnYRM2yN,com.sec.android.app.shealth,0,5ce7eb34-c129-4f31-9b40-4b9480c93848.achievement.json,5ce7eb34-c129-4f31-9b40-4b9480c93848,2025-12-08 00:00:00.000,
63060070,8257,ea0de407-44d9-4ee1-bdd5-140a2927d839.binning_data.json,4266666,6000,63060070,36,2025-12-10 03:04:34.316,com.sec.android.app.shealth,2025-12-09 03:58:28.671,,1.427203,6089.4004,298.2669,8221,yeLoKu9/uD,com.sec.android.app.shealth,0,ea0de407-44d9-4ee1-bdd5-140a2927d839.achievement.json,ea0de407-44d9-4ee1-bdd5-140a2927d839,2025-12-08 00:00:00.000,
63060070,5020,f4520f6b-8f80-4e79-8edb-a798e57003a7.binning_data.json,3043975,6000,63060070,129,2025-12-10 12:39:14.492,com.sec.android.app.shealth,2025-12-09 10:55:41.426,f4520f6b-8f80-4e79-8edb-a798e57003a7.source_info.json,1.2410476,3777.7183,181.21576,4891,VfS0qUERdZ,com.sec.android.app.shealth,0,f4520f6b-8f80-4e79-8edb-a798e57003a7.achievement.json,f4520f6b-8f80-4e79-8edb-a798e57003a7,2025-12-09 00:00:00.000,
63060070,1349,fc978ccd-212d-4b8b-9f21-3c54bc816db1.binning_data.json,826823,6000,63060070,8,2025-12-10 03:04:29.060,com.sec.android.app.shealth,2025-12-10 03:04:29.060,,1.2120234,1002.13,42.579998,1341,g1bnYRM2yN,com.sec.android.app.shealth,0,fc978ccd-212d-4b8b-9f21-3c54bc816db1.achievement.json,fc978ccd-212d-4b8b-9f21-3c54bc816db1,2025-12-09 00:00:00.000,
63060070,4502,977e1928-8f75-4256-a067-eefa66922f8b.binning_data.json,2716666,6000,63060070,124,2025-12-11 03:00:03.950,com.sec.android.app.shealth,2025-12-10 03:04:34.265,,1.2483265,3391.287,166.93774,4378,yeLoKu9/uD,com.sec.android.app.shealth,0,977e1928-8f75-4256-a067-eefa66922f8b.achievement.json,977e1928-8f75-4256-a067-eefa66922f8b,2025-12-09 00:00:00.000,
63060070,3520,993d1731-7228-417c-8ada-54efc3788807.binning_data.json,2246729,6000,63060070,13,2025-12-11 02:52:53.620,com.sec.android.app.shealth,2025-12-10 10:01:21.739,993d1731-7228-417c-8ada-54efc3788807.source_info.json,1.1732503,2635.9756,121.69925,3507,VfS0qUERdZ,com.sec.android.app.shealth,0,993d1731-7228-417c-8ada-54efc3788807.achievement.json,993d1731-7228-417c-8ada-54efc3788807,2025-12-10 00:00:00.000,
63060070,1781,5eccd5d0-23c3-465d-a716-a4413f1da7f6.binning_data.json,1115142,6000,63060070,1,2025-12-11 03:00:02.289,com.sec.android.app.shealth,2025-12-11 03:00:02.289,,1.1890044,1325.9099,55.909992,1780,g1bnYRM2yN,com.sec.android.app.shealth,0,5eccd5d0-23c3-465d-a716-a4413f1da7f6.achievement.json,5eccd5d0-23c3-465d-a716-a4413f1da7f6,2025-12-10 00:00:00.000,
63060070,2467,5d5e2cf3-fdf0-474d-9803-cb5e7e77b027.binning_data.json,1599999,6000,63060070,18,2025-12-11 03:00:03.944,com.sec.android.app.shealth,2025-12-11 03:00:03.944,,1.1549646,1847.9434,89.63257,2449,yeLoKu9/uD,com.sec.android.app.shealth,0,5d5e2cf3-fdf0-474d-9803-cb5e7e77b027.achievement.json,5d5e2cf3-fdf0-474d-9803-cb5e7e77b027,2025-12-10 00:00:00.000,
63060070,7783,e94d1351-df58-4ac3-9b3a-f97c37982cff.binning_data.json,4345146,6000,63060070,89,2025-12-12 07:26:14.161,com.sec.android.app.shealth,2025-12-11 03:08:22.959,e94d1351-df58-4ac3-9b3a-f97c37982cff.source_info.json,1.3397679,5821.488,273.99792,7694,VfS0qUERdZ,com.sec.android.app.shealth,0,e94d1351-df58-4ac3-9b3a-f97c37982cff.achievement.json,e94d1351-df58-4ac3-9b3a-f97c37982cff,2025-12-11 00:00:00.000,
63060070,3778,f8d55fc3-1c5f-4b55-aa41-1ef23719fc80.binning_data.json,2310403,6000,63060070,4,2025-12-12 03:00:02.879,com.sec.android.app.shealth,2025-12-12 03:00:02.879,,1.2165452,2810.71,117.51999,3774,g1bnYRM2yN,com.sec.android.app.shealth,0,f8d55fc3-1c5f-4b55-aa41-1ef23719fc80.achievement.json,f8d55fc3-1c5f-4b55-aa41-1ef23719fc80,2025-12-11 00:00:00.000,
63060070,7266,331eff94-88c7-4884-867f-4d8f4dcd7932.binning_data.json,4000000,6000,63060070,94,2025-12-13 03:00:03.856,com.sec.android.app.shealth,2025-12-12 03:00:04.650,,1.3566133,5426.453,265.0204,7172,yeLoKu9/uD,com.sec.android.app.shealth,0,331eff94-88c7-4884-867f-4d8f4dcd7932.achievement.json,331eff94-88c7-4884-867f-4d8f4dcd7932,2025-12-11 00:00:00.000,
63060070,10041,888b288d-ea38-448f-81cf-91ba8c2728a1.binning_data.json,4590937,6000,63060070,31,2025-12-13 08:55:06.951,com.sec.android.app.shealth,2025-12-12 07:07:00.358,888b288d-ea38-448f-81cf-91ba8c2728a1.source_info.json,1.6318362,7491.658,342.04794,10010,VfS0qUERdZ,com.sec.android.app.shealth,0,888b288d-ea38-448f-81cf-91ba8c2728a1.achievement.json,888b288d-ea38-448f-81cf-91ba8c2728a1,2025-12-12 00:00:00.000,
63060070,7498,24807453-f588-4176-aad3-eb470988224c.binning_data.json,4541608,6000,63060070,0,2025-12-13 03:00:02.218,com.sec.android.app.shealth,2025-12-13 03:00:02.218,,1.2290514,5581.8696,229.34998,7498,g1bnYRM2yN,com.sec.android.app.shealth,0,24807453-f588-4176-aad3-eb470988224c.achievement.json,24807453-f588-4176-aad3-eb470988224c,2025-12-12 00:00:00.000,
63060070,9453,c1a92940-60e5-4135-8e1e-2105a50bf168.binning_data.json,3300000,6000,63060070,42,2025-12-14 03:00:07.926,com.sec.android.app.shealth,2025-12-13 03:00:03.849,,2.137005,7052.117,338.3319,9411,yeLoKu9/uD,com.sec.android.app.shealth,0,c1a92940-60e5-4135-8e1e-2105a50bf168.achievement.json,c1a92940-60e5-4135-8e1e-2105a50bf168,2025-12-12 00:00:00.000,
63060070,8174,28446b08-3508-4d3d-9983-163f4122b1d3.binning_data.json,4047767,6000,63060070,55,2025-12-14 13:09:44.665,com.sec.android.app.shealth,2025-12-13 08:42:22.952,28446b08-3508-4d3d-9983-163f4122b1d3.source_info.json,1.503655,6086.4453,285.93448,8119,VfS0qUERdZ,com.sec.android.app.shealth,0,28446b08-3508-4d3d-9983-163f4122b1d3.achievement.json,28446b08-3508-4d3d-9983-163f4122b1d3,2025-12-13 00:00:00.000,
63060070,4522,712b38a3-a91e-4ae0-be8c-74da90ba8c51.binning_data.json,2786287,6000,63060070,0,2025-12-14 03:00:05.093,com.sec.android.app.shealth,2025-12-14 03:00:05.093,,1.2010137,3346.37,139.41,4522,g1bnYRM2yN,com.sec.android.app.shealth,0,712b38a3-a91e-4ae0-be8c-74da90ba8c51.achievement.json,712b38a3-a91e-4ae0-be8c-74da90ba8c51,2025-12-13 00:00:00.000,
63060070,7840,78068ea1-5f85-45b6-b1d7-340c13ba3d3f.binning_data.json,3433333,6000,63060070,63,2025-12-15 03:00:03.714,com.sec.android.app.shealth,2025-12-14 03:00:07.921,,1.7003725,5837.9453,282.8999,7777,yeLoKu9/uD,com.sec.android.app.shealth,0,78068ea1-5f85-45b6-b1d7-340c13ba3d3f.achievement.json,78068ea1-5f85-45b6-b1d7-340c13ba3d3f,2025-12-13 00:00:00.000,
63060070,5326,75bb5c13-e260-4dc4-8d29-f97aba19a5a0.binning_data.json,3044431,6000,63060070,27,2025-12-15 09:57:11.920,com.sec.android.app.shealth,2025-12-14 11:07:36.723,75bb5c13-e260-4dc4-8d29-f97aba19a5a0.source_info.json,1.3043659,3971.0527,188.52621,5299,VfS0qUERdZ,com.sec.android.app.shealth,0,75bb5c13-e260-4dc4-8d29-f97aba19a5a0.achievement.json,75bb5c13-e260-4dc4-8d29-f97aba19a5a0,2025-12-14 00:00:00.000,
63060070,1668,c21e69c5-09ed-469b-87ec-29f6445e4289.binning_data.json,1040095,6000,63060070,0,2025-12-15 03:00:02.152,com.sec.android.app.shealth,2025-12-15 03:00:02.152,,1.1874003,1235.01,52.359993,1668,g1bnYRM2yN,com.sec.android.app.shealth,0,c21e69c5-09ed-469b-87ec-29f6445e4289.achievement.json,c21e69c5-09ed-469b-87ec-29f6445e4289,2025-12-14 00:00:00.000,
63060070,5011,64e36f9b-190b-4842-9690-e6bd711cab29.binning_data.json,2866666,6000,63070030,28,2025-12-16 03:07:31.279,com.sec.android.app.shealth,2025-12-15 03:00:03.710,,1.3040379,3738.2422,180.37671,4983,yeLoKu9/uD,com.sec.android.app.shealth,0,64e36f9b-190b-4842-9690-e6bd711cab29.achievement.json,64e36f9b-190b-4842-9690-e6bd711cab29,2025-12-14 00:00:00.000,
63060070,4137,21dbbd0d-6ac9-46a7-9b16-39b321e966dd.binning_data.json,2562654,6000,63070030,94,2025-12-16 04:17:08.782,com.sec.android.app.shealth,2025-12-15 10:37:08.698,21dbbd0d-6ac9-46a7-9b16-39b321e966dd.source_info.json,1.2053136,3088.8025,145.7592,4043,VfS0qUERdZ,com.sec.android.app.shealth,0,21dbbd0d-6ac9-46a7-9b16-39b321e966dd.achievement.json,21dbbd0d-6ac9-46a7-9b16-39b321e966dd,2025-12-15 00:00:00.000,
63070030,1917,18208c67-eeaa-49b4-a836-726fdbae2f51.binning_data.json,1185462,6000,63070030,14,2025-12-16 03:07:17.082,com.sec.android.app.shealth,2025-12-16 03:07:17.082,,1.203134,1426.27,61.679993,1903,g1bnYRM2yN,com.sec.android.app.shealth,0,18208c67-eeaa-49b4-a836-726fdbae2f51.achievement.json,18208c67-eeaa-49b4-a836-726fdbae2f51,2025-12-15 00:00:00.000,
63070030,2942,24ed473c-854c-4990-a9d7-02730f8de705.binning_data.json,1866666,6000,63070030,89,2025-12-17 04:53:35.024,com.sec.android.app.shealth,2025-12-16 03:07:31.271,,1.1811619,2204.8354,108.9831,2853,yeLoKu9/uD,com.sec.android.app.shealth,0,24ed473c-854c-4990-a9d7-02730f8de705.achievement.json,24ed473c-854c-4990-a9d7-02730f8de705,2025-12-15 00:00:00.000,
63070030,9774,7ca30e32-2c19-466e-a9c1-6e186f4d0055.binning_data.json,4953893,6000,63070030,114,2025-12-17 10:10:40.037,com.sec.android.app.shealth,2025-12-16 03:54:14.748,7ca30e32-2c19-466e-a9c1-6e186f4d0055.source_info.json,1.4734654,7299.3906,347.80853,9660,VfS0qUERdZ,com.sec.android.app.shealth,0,7ca30e32-2c19-466e-a9c1-6e186f4d0055.achievement.json,7ca30e32-2c19-466e-a9c1-6e186f4d0055,2025-12-16 00:00:00.000,
63070030,3992,e397645e-7d9b-43f7-b20d-5e0daed05929.binning_data.json,2444886,6000,63070030,7,2025-12-17 04:53:25.795,com.sec.android.app.shealth,2025-12-17 04:53:25.795,,1.2112588,2961.39,124.51999,3985,g1bnYRM2yN,com.sec.android.app.shealth,0,e397645e-7d9b-43f7-b20d-5e0daed05929.achievement.json,e397645e-7d9b-43f7-b20d-5e0daed05929,2025-12-16 00:00:00.000,
63070030,9227,054cf6e7-1f99-43cd-9cee-dc72f35188f7.binning_data.json,4499999,6000,63070030,124,2025-12-18 03:00:04.598,com.sec.android.app.shealth,2025-12-17 04:53:35.107,,1.5312139,6890.4624,334.0476,9103,yeLoKu9/uD,com.sec.android.app.shealth,0,054cf6e7-1f99-43cd-9cee-dc72f35188f7.achievement.json,054cf6e7-1f99-43cd-9cee-dc72f35188f7,2025-12-16 00:00:00.000,
63070030,5602,079ea754-0910-469f-974b-09515e22e8c7.binning_data.json,3199228,6000,63070030,75,2025-12-18 12:49:19.497,com.sec.android.app.shealth,2025-12-17 11:46:18.975,079ea754-0910-469f-974b-09515e22e8c7.source_info.json,1.313801,4203.1494,193.0895,5527,VfS0qUERdZ,com.sec.android.app.shealth,0,079ea754-0910-469f-974b-09515e22e8c7.achievement.json,079ea754-0910-469f-974b-09515e22e8c7,2025-12-17 00:00:00.000,
63070030,2748,c85ab5df-bd74-4a5a-9a95-bfaa0a5684f9.binning_data.json,1588409,6000,63070030,0,2025-12-18 03:00:02.734,com.sec.android.app.shealth,2025-12-18 03:00:02.734,,1.302844,2069.45,84.10999,2748,g1bnYRM2yN,com.sec.android.app.shealth,0,c85ab5df-bd74-4a5a-9a95-bfaa0a5684f9.achievement.json,c85ab5df-bd74-4a5a-9a95-bfaa0a5684f9,2025-12-17 00:00:00.000,
63070030,5105,2e2d274d-f938-4be3-8520-2c0bbbb89a6b.binning_data.json,2550000,6000,63070030,351,2025-12-19 03:00:04.151,com.sec.android.app.shealth,2025-12-18 03:00:04.589,,1.5067042,3842.0957,194.77133,4754,yeLoKu9/uD,com.sec.android.app.shealth,0,2e2d274d-f938-4be3-8520-2c0bbbb89a6b.achievement.json,2e2d274d-f938-4be3-8520-2c0bbbb89a6b,2025-12-17 00:00:00.000,
63070030,7351,e3d78afc-22fb-4578-b03c-c521043fe7b3.binning_data.json,4144996,6000,63070030,60,2025-12-19 09:57:58.008,com.sec.android.app.shealth,2025-12-18 10:59:32.207,e3d78afc-22fb-4578-b03c-c521043fe7b3.source_info.json,1.322708,5482.62,258.87683,7291,VfS0qUERdZ,com.sec.android.app.shealth,0,e3d78afc-22fb-4578-b03c-c521043fe7b3.achievement.json,e3d78afc-22fb-4578-b03c-c521043fe7b3,2025-12-18 00:00:00.000,
63070030,3033,df01e662-f4bf-4956-a5dc-dc24897243fc.binning_data.json,1906482,6000,63070030,0,2025-12-19 03:00:02.203,com.sec.android.app.shealth,2025-12-19 03:00:02.203,,1.1749543,2240.03,95.05999,3033,g1bnYRM2yN,com.sec.android.app.shealth,0,df01e662-f4bf-4956-a5dc-dc24897243fc.achievement.json,df01e662-f4bf-4956-a5dc-dc24897243fc,2025-12-18 00:00:00.000,
63070030,6817,e0053315-f872-46a5-a2cc-e6b18b002181.binning_data.json,3833333,6000,63070030,61,2025-12-20 03:00:04.063,com.sec.android.app.shealth,2025-12-19 03:00:04.140,,1.3260663,5083.254,246.47455,6756,yeLoKu9/uD,com.sec.android.app.shealth,0,e0053315-f872-46a5-a2cc-e6b18b002181.achievement.json,e0053315-f872-46a5-a2cc-e6b18b002181,2025-12-18 00:00:00.000,
63070030,5357,cc099ebb-cf94-408a-9612-56e27ac0267f.binning_data.json,2913957,6000,63070030,28,2025-12-20 02:54:10.105,com.sec.android.app.shealth,2025-12-19 10:43:02.460,cc099ebb-cf94-408a-9612-56e27ac0267f.source_info.json,1.3696015,3990.9604,183.39423,5329,VfS0qUERdZ,com.sec.android.app.shealth,0,cc099ebb-cf94-408a-9612-56e27ac0267f.achievement.json,cc099ebb-cf94-408a-9612-56e27ac0267f,2025-12-19 00:00:00.000,
63070030,3277,01a7fbc0-3a9f-40c3-8c72-a1ee72847943.binning_data.json,1975773,6000,63070030,2,2025-12-20 03:00:02.232,com.sec.android.app.shealth,2025-12-20 03:00:02.232,,1.2369939,2444.0198,101.82998,3275,g1bnYRM2yN,com.sec.android.app.shealth,0,01a7fbc0-3a9f-40c3-8c72-a1ee72847943.achievement.json,01a7fbc0-3a9f-40c3-8c72-a1ee72847943,2025-12-19 00:00:00.000,
63070030,4458,8c7b4356-5da9-4de2-a46e-3adb314b166c.binning_data.json,2216666,6000,63070030,52,2025-12-20 03:00:04.058,com.sec.android.app.shealth,2025-12-20 03:00:04.058,,1.493133,3309.7783,161.84698,4406,yeLoKu9/uD,com.sec.android.app.shealth,0,8c7b4356-5da9-4de2-a46e-3adb314b166c.achievement.json,8c7b4356-5da9-4de2-a46e-3adb314b166c,2025-12-19 00:00:00.000,
63070030,11839,a168a7d0-26e2-4765-91db-263e4fd3d2c5.binning_data.json,6597598,6000,63070030,366,2025-12-21 03:26:44.887,com.sec.android.app.shealth,2025-12-20 03:45:26.656,a168a7d0-26e2-4765-91db-263e4fd3d2c5.source_info.json,1.3654689,9008.815,412.97333,11473,VfS0qUERdZ,com.sec.android.app.shealth,0,a168a7d0-26e2-4765-91db-263e4fd3d2c5.achievement.json,a168a7d0-26e2-4765-91db-263e4fd3d2c5,2025-12-20 00:00:00.000,
63070030,15752,1babf6de-401c-4124-bb94-45173d260198.binning_data.json,6924756,6000,63070030,887,2025-12-22 03:30:25.357,com.sec.android.app.shealth,2025-12-21 03:26:44.192,1babf6de-401c-4124-bb94-45173d260198.source_info.json,1.7119479,11854.822,598.36414,14865,VfS0qUERdZ,com.sec.android.app.shealth,0,1babf6de-401c-4124-bb94-45173d260198.achievement.json,1babf6de-401c-4124-bb94-45173d260198,2025-12-21 00:00:00.000,
63070030,6564,00e4232e-a887-402c-b79b-661aa13a6ad8.binning_data.json,3795057,6000,63070030,4,2025-12-21 03:56:19.632,com.sec.android.app.shealth,2025-12-21 03:56:19.632,,1.3045388,4950.8,200.68,6560,g1bnYRM2yN,com.sec.android.app.shealth,0,00e4232e-a887-402c-b79b-661aa13a6ad8.achievement.json,00e4232e-a887-402c-b79b-661aa13a6ad8,2025-12-20 00:00:00.000,
63070030,15091,4c412d17-788b-4ef6-bfff-dcf31613ba75.binning_data.json,5216666,6000,63070030,1598,2025-12-23 03:00:04.247,com.sec.android.app.shealth,2025-12-21 03:56:23.701,,2.1805346,11375.123,640.1444,13493,yeLoKu9/uD,com.sec.android.app.shealth,0,4c412d17-788b-4ef6-bfff-dcf31613ba75.achievement.json,4c412d17-788b-4ef6-bfff-dcf31613ba75,2025-12-21 00:00:00.000,
63070030,10793,0c3fd175-fca8-4093-81bd-55b11d4d426f.binning_data.json,4866666,6000,63070030,440,2025-12-21 03:56:23.723,com.sec.android.app.shealth,2025-12-21 03:56:23.723,,1.6834185,8192.637,400.26422,10353,yeLoKu9/uD,com.sec.android.app.shealth,0,0c3fd175-fca8-4093-81bd-55b11d4d426f.achievement.json,0c3fd175-fca8-4093-81bd-55b11d4d426f,2025-12-20 00:00:00.000,
63070030,7635,8074a81a-d8e4-463b-a90e-a191b994f326.binning_data.json,4432127,6000,63070030,0,2025-12-22 03:00:02.617,com.sec.android.app.shealth,2025-12-22 03:00:02.617,,1.2965397,5746.4297,233.67996,7635,g1bnYRM2yN,com.sec.android.app.shealth,0,8074a81a-d8e4-463b-a90e-a191b994f326.achievement.json,8074a81a-d8e4-463b-a90e-a191b994f326,2025-12-21 00:00:00.000,
63070030,11404,0cd689ba-b8b5-4b30-b982-62fe6bb4ca83.binning_data.json,6140828,6000,63070030,199,2025-12-23 03:01:37.502,com.sec.android.app.shealth,2025-12-22 03:00:28.537,0cd689ba-b8b5-4b30-b982-62fe6bb4ca83.source_info.json,1.3940613,8560.691,672.56116,11205,VfS0qUERdZ,com.sec.android.app.shealth,0,0cd689ba-b8b5-4b30-b982-62fe6bb4ca83.achievement.json,0cd689ba-b8b5-4b30-b982-62fe6bb4ca83,2025-12-22 00:00:00.000,
63070030,7618,6a4c7d2c-f363-4f43-a406-75eb1f7a3f67.binning_data.json,4548667,6000,63070030,168,2025-12-23 03:00:02.071,com.sec.android.app.shealth,2025-12-23 03:00:02.071,,1.2664412,5760.62,242.95996,7450,g1bnYRM2yN,com.sec.android.app.shealth,0,6a4c7d2c-f363-4f43-a406-75eb1f7a3f67.achievement.json,6a4c7d2c-f363-4f43-a406-75eb1f7a3f67,2025-12-22 00:00:00.000,
63070030,10052,109d2b2b-02f3-43be-9428-ae31d6cfb378.binning_data.json,4516666,6000,63070030,208,2025-12-24 03:00:04.788,com.sec.android.app.shealth,2025-12-23 03:00:04.235,,1.6623173,7508.133,658.9716,9844,yeLoKu9/uD,com.sec.android.app.shealth,0,109d2b2b-02f3-43be-9428-ae31d6cfb378.achievement.json,109d2b2b-02f3-43be-9428-ae31d6cfb378,2025-12-22 00:00:00.000,
63070030,6695,3b6f7328-b530-477d-9af0-ac05998f6f6e.binning_data.json,3753112,6000,63070030,26,2025-12-24 13:27:04.763,com.sec.android.app.shealth,2025-12-23 03:01:36.789,3b6f7328-b530-477d-9af0-ac05998f6f6e.source_info.json,1.3188089,4949.6387,236.695,6669,VfS0qUERdZ,com.sec.android.app.shealth,0,3b6f7328-b530-477d-9af0-ac05998f6f6e.achievement.json,3b6f7328-b530-477d-9af0-ac05998f6f6e,2025-12-23 00:00:00.000,
63070030,2695,17b1aa1e-cb7c-41fc-99a2-c9413a6f91b0.binning_data.json,1700761,6000,63070030,0,2025-12-24 03:00:02.267,com.sec.android.app.shealth,2025-12-24 03:00:02.267,,1.167377,1985.4299,84.66999,2695,g1bnYRM2yN,com.sec.android.app.shealth,0,17b1aa1e-cb7c-41fc-99a2-c9413a6f91b0.achievement.json,17b1aa1e-cb7c-41fc-99a2-c9413a6f91b0,2025-12-23 00:00:00.000,
63070030,6141,cf876679-8ad1-4303-96da-a3821ba5c3de.binning_data.json,3416666,6000,63070030,26,2025-12-25 03:00:04.801,com.sec.android.app.shealth,2025-12-24 03:00:04.734,,1.3277624,4536.5215,221.75037,6115,yeLoKu9/uD,com.sec.android.app.shealth,0,cf876679-8ad1-4303-96da-a3821ba5c3de.achievement.json,cf876679-8ad1-4303-96da-a3821ba5c3de,2025-12-23 00:00:00.000,
63070030,7210,0e4713b8-0e08-4943-94ae-f9ad03dd4d6c.binning_data.json,3565212,6000,63070030,52,2025-12-25 03:09:34.799,com.sec.android.app.shealth,2025-12-24 13:12:02.848,0e4713b8-0e08-4943-94ae-f9ad03dd4d6c.source_info.json,1.5020181,5355.014,250.3815,7158,VfS0qUERdZ,com.sec.android.app.shealth,0,0e4713b8-0e08-4943-94ae-f9ad03dd4d6c.achievement.json,0e4713b8-0e08-4943-94ae-f9ad03dd4d6c,2025-12-24 00:00:00.000,
63070030,4319,5b274bb8-9a45-4aa7-9266-3a1f3fe68988.binning_data.json,2639956,6000,63070030,0,2025-12-25 03:00:02.459,com.sec.android.app.shealth,2025-12-25 03:00:02.459,,1.2134746,3203.52,134.45998,4319,g1bnYRM2yN,com.sec.android.app.shealth,0,5b274bb8-9a45-4aa7-9266-3a1f3fe68988.achievement.json,5b274bb8-9a45-4aa7-9266-3a1f3fe68988,2025-12-24 00:00:00.000,
63070030,6611,672b01e1-f5b4-4c68-9032-fe120b01991d.binning_data.json,2916666,6000,63070030,52,2025-12-27 03:30:26.410,com.sec.android.app.shealth,2025-12-25 03:00:04.787,,1.6806898,4902.0117,238.69363,6559,yeLoKu9/uD,com.sec.android.app.shealth,0,672b01e1-f5b4-4c68-9032-fe120b01991d.achievement.json,672b01e1-f5b4-4c68-9032-fe120b01991d,2025-12-24 00:00:00.000,
63070030,8868,5ed366d6-ca13-4829-9cd6-4c3fc2b14063.binning_data.json,4474430,6000,63070030,33,2025-12-26 12:47:11.840,com.sec.android.app.shealth,2025-12-25 03:00:07.992,5ed366d6-ca13-4829-9cd6-4c3fc2b14063.source_info.json,1.4570421,6519.433,311.80078,8835,VfS0qUERdZ,com.sec.android.app.shealth,0,5ed366d6-ca13-4829-9cd6-4c3fc2b14063.achievement.json,5ed366d6-ca13-4829-9cd6-4c3fc2b14063,2025-12-25 00:00:00.000,
63070030,7146,07973bdc-3eb5-4e70-be6e-00f1ca385716.binning_data.json,4103721,6000,63070030,0,2025-12-27 03:30:24.720,com.sec.android.app.shealth,2025-12-26 03:02:15.728,,1.3118749,5383.57,217.52994,7146,g1bnYRM2yN,com.sec.android.app.shealth,0,07973bdc-3eb5-4e70-be6e-00f1ca385716.achievement.json,07973bdc-3eb5-4e70-be6e-00f1ca385716,2025-12-26 00:00:00.000,
63070030,4480,a1d7c7be-0f60-4471-852d-dc66a2a3e724.binning_data.json,2856813,6000,63070030,0,2025-12-26 03:02:15.737,com.sec.android.app.shealth,2025-12-26 03:02:15.737,,1.1541425,3297.17,140.56998,4480,g1bnYRM2yN,com.sec.android.app.shealth,0,a1d7c7be-0f60-4471-852d-dc66a2a3e724.achievement.json,a1d7c7be-0f60-4471-852d-dc66a2a3e724,2025-12-25 00:00:00.000,
63070030,9991,9e4aa519-134c-480f-9dff-37f040dd11d6.binning_data.json,5243318,6000,63070030,27,2025-12-27 03:30:44.102,com.sec.android.app.shealth,2025-12-26 03:02:16.910,9e4aa519-134c-480f-9dff-37f040dd11d6.source_info.json,1.4329798,7513.5693,331.54028,9964,VfS0qUERdZ,com.sec.android.app.shealth,0,9e4aa519-134c-480f-9dff-37f040dd11d6.achievement.json,9e4aa519-134c-480f-9dff-37f040dd11d6,2025-12-26 00:00:00.000,
63070030,7919,4184162a-5246-4463-a40b-13975e911fab.binning_data.json,3916666,6000,63070030,33,2025-12-27 03:30:26.077,com.sec.android.app.shealth,2025-12-27 03:30:26.077,,1.4833454,5809.7695,287.30002,7886,yeLoKu9/uD,com.sec.android.app.shealth,0,4184162a-5246-4463-a40b-13975e911fab.achievement.json,4184162a-5246-4463-a40b-13975e911fab,2025-12-25 00:00:00.000,
63070030,8877,0019b777-26ad-4736-850d-edfa05c01970.binning_data.json,3333333,6000,63070030,39,2025-12-28 03:00:05.028,com.sec.android.app.shealth,2025-12-27 03:30:26.577,,2.0006402,6668.801,316.8631,8838,yeLoKu9/uD,com.sec.android.app.shealth,0,0019b777-26ad-4736-850d-edfa05c01970.achievement.json,0019b777-26ad-4736-850d-edfa05c01970,2025-12-26 00:00:00.000,
63070030,12100,0cfc43d2-a048-440e-b2a1-83edb8bb852f.binning_data.json,5484033,6000,63070030,66,2025-12-28 13:59:19.505,com.sec.android.app.shealth,2025-12-27 03:30:35.642,0cfc43d2-a048-440e-b2a1-83edb8bb852f.source_info.json,1.6375736,8980.508,418.8857,12034,VfS0qUERdZ,com.sec.android.app.shealth,0,0cfc43d2-a048-440e-b2a1-83edb8bb852f.achievement.json,0cfc43d2-a048-440e-b2a1-83edb8bb852f,2025-12-27 00:00:00.000,
63070030,5214,0c77a7af-0a80-4130-b353-adf25fa01105.binning_data.json,3243908,6000,63070030,9,2025-12-28 03:00:02.633,com.sec.android.app.shealth,2025-12-28 03:00:02.633,,1.1904005,3861.55,161.67996,5205,g1bnYRM2yN,com.sec.android.app.shealth,0,0c77a7af-0a80-4130-b353-adf25fa01105.achievement.json,0c77a7af-0a80-4130-b353-adf25fa01105,2025-12-27 00:00:00.000,
63070030,10806,f75d640e-f305-4a41-a70a-1b54fe8e24bc.binning_data.json,4283333,6000,63070030,57,2025-12-29 03:00:04.433,com.sec.android.app.shealth,2025-12-28 03:00:05.052,,1.8693345,8006.9824,385.58133,10749,yeLoKu9/uD,com.sec.android.app.shealth,0,f75d640e-f305-4a41-a70a-1b54fe8e24bc.achievement.json,f75d640e-f305-4a41-a70a-1b54fe8e24bc,2025-12-27 00:00:00.000,
63070030,3601,6f2e62d9-57ad-416a-8271-81830cd570d8.binning_data.json,1969020,6000,63070030,22,2025-12-29 03:23:43.872,com.sec.android.app.shealth,2025-12-28 03:18:57.409,6f2e62d9-57ad-416a-8271-81830cd570d8.source_info.json,1.3702465,2698.0432,123.94974,3579,VfS0qUERdZ,com.sec.android.app.shealth,0,6f2e62d9-57ad-416a-8271-81830cd570d8.achievement.json,6f2e62d9-57ad-416a-8271-81830cd570d8,2025-12-28 00:00:00.000,
63070030,1830,4dea6855-ae5f-4ae2-97b6-50fbecd5d0d6.binning_data.json,1094074,6000,63070030,4,2025-12-29 03:00:02.302,com.sec.android.app.shealth,2025-12-29 03:00:02.302,,1.2523102,1370.12,57.779995,1826,g1bnYRM2yN,com.sec.android.app.shealth,0,4dea6855-ae5f-4ae2-97b6-50fbecd5d0d6.achievement.json,4dea6855-ae5f-4ae2-97b6-50fbecd5d0d6,2025-12-28 00:00:00.000,
63070030,2790,f43fe9ae-a244-4056-bb42-0811b3e720ec.binning_data.json,1466666,6000,63070030,24,2025-12-30 03:01:57.690,com.sec.android.app.shealth,2025-12-29 03:00:04.349,,1.4282712,2094.7979,99.98748,2766,yeLoKu9/uD,com.sec.android.app.shealth,0,f43fe9ae-a244-4056-bb42-0811b3e720ec.achievement.json,f43fe9ae-a244-4056-bb42-0811b3e720ec,2025-12-28 00:00:00.000,
63070030,9159,e3d0b5c7-96d2-46e1-83b3-c28901bfdb97.binning_data.json,5190923,6000,63070030,21,2025-12-30 05:39:55.860,com.sec.android.app.shealth,2025-12-29 03:23:52.130,e3d0b5c7-96d2-46e1-83b3-c28901bfdb97.source_info.json,1.3176538,6839.84,640.077,9138,VfS0qUERdZ,com.sec.android.app.shealth,0,e3d0b5c7-96d2-46e1-83b3-c28901bfdb97.achievement.json,e3d0b5c7-96d2-46e1-83b3-c28901bfdb97,2025-12-29 00:00:00.000,
63070030,4681,f032f1ad-d9b7-49d9-8341-a61649466947.binning_data.json,2795354,6000,63070030,0,2025-12-30 03:01:46.391,com.sec.android.app.shealth,2025-12-30 03:01:46.391,,1.2528462,3502.1497,143.84996,4681,g1bnYRM2yN,com.sec.android.app.shealth,0,f032f1ad-d9b7-49d9-8341-a61649466947.achievement.json,f032f1ad-d9b7-49d9-8341-a61649466947,2025-12-29 00:00:00.000,
63070030,8614,f123743e-d269-4ed1-b30d-22da51ec3c99.binning_data.json,4366666,6000,63070030,26,2025-12-31 03:00:04.754,com.sec.android.app.shealth,2025-12-30 03:01:57.711,,1.4704416,6420.9287,672.37354,8588,yeLoKu9/uD,com.sec.android.app.shealth,0,f123743e-d269-4ed1-b30d-22da51ec3c99.achievement.json,f123743e-d269-4ed1-b30d-22da51ec3c99,2025-12-29 00:00:00.000,
63070030,13932,c424ecaa-981c-466e-abfb-e251e03ff55b.binning_data.json,6692768,6000,63070030,49,2025-12-31 02:50:36.885,com.sec.android.app.shealth,2025-12-30 03:10:32.323,c424ecaa-981c-466e-abfb-e251e03ff55b.source_info.json,1.557939,10426.925,570.696,13883,VfS0qUERdZ,com.sec.android.app.shealth,0,c424ecaa-981c-466e-abfb-e251e03ff55b.achievement.json,c424ecaa-981c-466e-abfb-e251e03ff55b,2025-12-30 00:00:00.000,
63070030,9439,6becabc5-8426-4603-a439-3c159b6dc943.binning_data.json,5558770,6000,63070030,1,2025-12-31 03:00:02.644,com.sec.android.app.shealth,2025-12-31 03:00:02.644,,1.2729774,7076.1895,288.6299,9438,g1bnYRM2yN,com.sec.android.app.shealth,0,6becabc5-8426-4603-a439-3c159b6dc943.achievement.json,6becabc5-8426-4603-a439-3c159b6dc943,2025-12-30 00:00:00.000,
63070030,13130,5192f0b0-4be4-4bca-9fab-65555724cf34.binning_data.json,4566666,6000,63070030,68,2025-12-31 03:00:04.778,com.sec.android.app.shealth,2025-12-31 03:00:04.778,,2.1443582,9792.569,666.1297,13062,yeLoKu9/uD,com.sec.android.app.shealth,0,5192f0b0-4be4-4bca-9fab-65555724cf34.achievement.json,5192f0b0-4be4-4bca-9fab-65555724cf34,2025-12-30 00:00:00.000,
63070030,5983,c0d1ac0e-904d-42bc-bebf-9f2f8b1ab06e.binning_data.json,3632707,6000,63070030,80,2026-01-01 03:00:42.848,com.sec.android.app.shealth,2025-12-31 13:21:22.854,c0d1ac0e-904d-42bc-bebf-9f2f8b1ab06e.source_info.json,1.2284135,4462.466,214.14622,5903,VfS0qUERdZ,com.sec.android.app.shealth,0,c0d1ac0e-904d-42bc-bebf-9f2f8b1ab06e.achievement.json,c0d1ac0e-904d-42bc-bebf-9f2f8b1ab06e,2025-12-31 00:00:00.000,
63070030,2082,b8b2acf9-9d14-47e4-8a25-9df63e10ae21.binning_data.json,1287289,6000,63070030,12,2026-01-01 03:00:28.615,com.sec.android.app.shealth,2026-01-01 03:00:28.615,,1.1978807,1542.02,66.17,2070,g1bnYRM2yN,com.sec.android.app.shealth,0,b8b2acf9-9d14-47e4-8a25-9df63e10ae21.achievement.json,b8b2acf9-9d14-47e4-8a25-9df63e10ae21,2025-12-31 00:00:00.000,
63070030,5562,ef7814a4-7b8e-42c5-a65c-060caafdd49b.binning_data.json,3433333,6000,63070030,85,2026-01-02 03:00:38.971,com.sec.android.app.shealth,2026-01-01 03:00:32.132,,1.2096953,4153.287,203.42072,5477,yeLoKu9/uD,com.sec.android.app.shealth,0,ef7814a4-7b8e-42c5-a65c-060caafdd49b.achievement.json,ef7814a4-7b8e-42c5-a65c-060caafdd49b,2025-12-31 00:00:00.000,
63070030,6050,01ecfab2-b088-480e-9d0a-b174795e6b84.binning_data.json,3604667,6000,63070030,40,2026-01-02 03:23:43.652,com.sec.android.app.shealth,2026-01-01 03:02:43.728,01ecfab2-b088-480e-9d0a-b174795e6b84.source_info.json,1.2520175,4513.1074,212.0276,6010,VfS0qUERdZ,com.sec.android.app.shealth,0,01ecfab2-b088-480e-9d0a-b174795e6b84.achievement.json,01ecfab2-b088-480e-9d0a-b174795e6b84,2026-01-01 00:00:00.000,
63070030,2704,00074109-8dcf-4651-a290-62a616686118.binning_data.json,1665900,6000,63070030,2,2026-01-02 03:00:36.164,com.sec.android.app.shealth,2026-01-02 03:00:36.164,,1.2080129,2012.4299,84.649994,2702,g1bnYRM2yN,com.sec.android.app.shealth,0,00074109-8dcf-4651-a290-62a616686118.achievement.json,00074109-8dcf-4651-a290-62a616686118,2026-01-01 00:00:00.000,
63070030,5346,1ce6255b-9deb-4274-b801-e923512ae06d.binning_data.json,3150000,6000,63070030,59,2026-01-03 03:05:53.162,com.sec.android.app.shealth,2026-01-02 03:00:38.899,,1.2654052,3986.0261,193.40071,5287,yeLoKu9/uD,com.sec.android.app.shealth,0,1ce6255b-9deb-4274-b801-e923512ae06d.achievement.json,1ce6255b-9deb-4274-b801-e923512ae06d,2026-01-01 00:00:00.000,
63070030,7083,f147519e-672b-4f69-91a1-069ea3cb7faa.binning_data.json,4294152,6000,63070030,49,2026-01-03 03:23:08.031,com.sec.android.app.shealth,2026-01-02 03:15:01.676,f147519e-672b-4f69-91a1-069ea3cb7faa.source_info.json,1.2310749,5286.4233,588.1455,7034,VfS0qUERdZ,com.sec.android.app.shealth,0,f147519e-672b-4f69-91a1-069ea3cb7faa.achievement.json,f147519e-672b-4f69-91a1-069ea3cb7faa,2026-01-02 00:00:00.000,
63070030,1962,67ba3bef-03a9-4147-a8f2-0997cfafb200.binning_data.json,1207520,6000,63070030,1,2026-01-03 03:05:39.744,com.sec.android.app.shealth,2026-01-03 03:05:39.744,,1.2096024,1460.62,61.949997,1961,g1bnYRM2yN,com.sec.android.app.shealth,0,67ba3bef-03a9-4147-a8f2-0997cfafb200.achievement.json,67ba3bef-03a9-4147-a8f2-0997cfafb200,2026-01-02 00:00:00.000,
63070030,6525,56657f3a-fcc9-4f54-868f-b68768f7d075.binning_data.json,3999999,6000,63070030,56,2026-01-04 03:07:57.858,com.sec.android.app.shealth,2026-01-03 03:05:52.590,,1.2161691,4864.677,579.5182,6469,yeLoKu9/uD,com.sec.android.app.shealth,0,56657f3a-fcc9-4f54-868f-b68768f7d075.achievement.json,56657f3a-fcc9-4f54-868f-b68768f7d075,2026-01-02 00:00:00.000,
63070030,10677,3f779869-7f66-4145-b2e4-964528f4b5d0.binning_data.json,5392937,6000,63070030,35,2026-01-04 03:17:36.686,com.sec.android.app.shealth,2026-01-03 03:18:13.330,3f779869-7f66-4145-b2e4-964528f4b5d0.source_info.json,1.4700826,7928.063,371.00504,10642,VfS0qUERdZ,com.sec.android.app.shealth,0,3f779869-7f66-4145-b2e4-964528f4b5d0.achievement.json,3f779869-7f66-4145-b2e4-964528f4b5d0,2026-01-03 00:00:00.000,
63070030,5040,59134ff7-8d63-4356-a96b-6a336b92e266.binning_data.json,3033493,6000,63070030,0,2026-01-04 03:07:46.168,com.sec.android.app.shealth,2026-01-04 03:07:46.168,,1.23664,3751.3398,156.37997,5040,g1bnYRM2yN,com.sec.android.app.shealth,0,59134ff7-8d63-4356-a96b-6a336b92e266.achievement.json,59134ff7-8d63-4356-a96b-6a336b92e266,2026-01-03 00:00:00.000,
63070030,10028,f15a1336-3672-420b-8b96-8d9823b7dab8.binning_data.json,4616666,6000,63070030,35,2026-01-05 03:42:37.004,com.sec.android.app.shealth,2026-01-04 03:07:56.287,,1.6102289,7433.89,358.7327,9993,yeLoKu9/uD,com.sec.android.app.shealth,0,f15a1336-3672-420b-8b96-8d9823b7dab8.achievement.json,f15a1336-3672-420b-8b96-8d9823b7dab8,2026-01-03 00:00:00.000,
63070030,6072,8d50b59c-8f56-4d5f-8816-a9fec1e9af91.binning_data.json,3486751,6000,63070030,36,2026-01-05 09:21:54.638,com.sec.android.app.shealth,2026-01-04 03:15:01.387,8d50b59c-8f56-4d5f-8816-a9fec1e9af91.source_info.json,1.3010323,4536.3765,211.3157,6036,VfS0qUERdZ,com.sec.android.app.shealth,0,8d50b59c-8f56-4d5f-8816-a9fec1e9af91.achievement.json,8d50b59c-8f56-4d5f-8816-a9fec1e9af91,2026-01-04 00:00:00.000,
63070030,3463,b9b1f526-f23e-443a-8f29-6c771636095f.binning_data.json,2115935,6000,63070030,0,2026-01-05 03:24:52.573,com.sec.android.app.shealth,2026-01-05 03:24:52.573,,1.2161617,2573.3198,108.54999,3463,g1bnYRM2yN,com.sec.android.app.shealth,0,b9b1f526-f23e-443a-8f29-6c771636095f.achievement.json,b9b1f526-f23e-443a-8f29-6c771636095f,2026-01-04 00:00:00.000,
63070030,5406,59bcb186-862b-4b41-a1cc-7ab2a8ece30f.binning_data.json,3050000,6000,63070030,45,2026-01-06 03:21:29.354,com.sec.android.app.shealth,2026-01-05 03:42:36.695,,1.3237578,4037.461,194.39362,5361,yeLoKu9/uD,com.sec.android.app.shealth,0,59bcb186-862b-4b41-a1cc-7ab2a8ece30f.achievement.json,59bcb186-862b-4b41-a1cc-7ab2a8ece30f,2026-01-04 00:00:00.000,
63070030,11533,bce02d72-5abd-4a0b-8df2-d8129c56252c.binning_data.json,6114016,6000,63070030,30,2026-01-06 07:02:36.535,com.sec.android.app.shealth,2026-01-05 09:04:55.725,bce02d72-5abd-4a0b-8df2-d8129c56252c.source_info.json,1.3954775,8531.973,645.1581,11503,VfS0qUERdZ,com.sec.android.app.shealth,0,bce02d72-5abd-4a0b-8df2-d8129c56252c.achievement.json,bce02d72-5abd-4a0b-8df2-d8129c56252c,2026-01-05 00:00:00.000,
63070030,6121,d7bb82a1-4b46-43bf-a01a-8139f8c3d618.binning_data.json,3918616,6000,63070030,0,2026-01-06 03:21:14.321,com.sec.android.app.shealth,2026-01-06 03:21:14.321,,1.1499848,4506.3496,190.81996,6121,g1bnYRM2yN,com.sec.android.app.shealth,0,d7bb82a1-4b46-43bf-a01a-8139f8c3d618.achievement.json,d7bb82a1-4b46-43bf-a01a-8139f8c3d618,2026-01-05 00:00:00.000,
63070030,9539,b2408444-e293-4900-97cb-c99610943dca.binning_data.json,4649999,6000,63070030,30,2026-01-07 03:00:04.573,com.sec.android.app.shealth,2026-01-06 03:21:29.791,,1.5163802,7051.168,628.8279,9509,yeLoKu9/uD,com.sec.android.app.shealth,0,b2408444-e293-4900-97cb-c99610943dca.achievement.json,b2408444-e293-4900-97cb-c99610943dca,2026-01-05 00:00:00.000,
63070030,7672,c36b828e-f267-4157-8598-e88fe3760635.binning_data.json,3916512,6000,63070030,43,2026-01-07 10:23:58.241,com.sec.android.app.shealth,2026-01-06 09:35:19.324,c36b828e-f267-4157-8598-e88fe3760635.source_info.json,1.4613912,5723.556,265.92554,7629,VfS0qUERdZ,com.sec.android.app.shealth,0,c36b828e-f267-4157-8598-e88fe3760635.achievement.json,c36b828e-f267-4157-8598-e88fe3760635,2026-01-06 00:00:00.000,
63070030,4390,017649b1-e791-4fc0-a701-b24b63ae5e57.binning_data.json,2661605,6000,63070030,0,2026-01-07 03:00:02.693,com.sec.android.app.shealth,2026-01-07 03:00:02.693,,1.2278004,3267.92,135.40999,4390,g1bnYRM2yN,com.sec.android.app.shealth,0,017649b1-e791-4fc0-a701-b24b63ae5e57.achievement.json,017649b1-e791-4fc0-a701-b24b63ae5e57,2026-01-06 00:00:00.000,
63070030,7054,9f19053e-bb38-4ed3-bb1e-6d92ba661cff.binning_data.json,3249999,6000,63070030,43,2026-01-08 03:00:05.410,com.sec.android.app.shealth,2026-01-07 03:00:04.561,,1.6176809,5257.463,253.1742,7011,yeLoKu9/uD,com.sec.android.app.shealth,0,9f19053e-bb38-4ed3-bb1e-6d92ba661cff.achievement.json,9f19053e-bb38-4ed3-bb1e-6d92ba661cff,2026-01-06 00:00:00.000,
63070030,15274,fe1dc9a7-dd91-4c0e-b7f8-f3cece5c3003.binning_data.json,7741231,6000,63070030,42,2026-01-08 03:01:08.057,com.sec.android.app.shealth,2026-01-07 03:06:27.375,fe1dc9a7-dd91-4c0e-b7f8-f3cece5c3003.source_info.json,1.4738336,11409.288,733.4444,15232,VfS0qUERdZ,com.sec.android.app.shealth,0,fe1dc9a7-dd91-4c0e-b7f8-f3cece5c3003.achievement.json,fe1dc9a7-dd91-4c0e-b7f8-f3cece5c3003,2026-01-07 00:00:00.000,
63070030,9345,1127f59e-58da-483b-9c8f-4c3c7f7d201b.binning_data.json,5523750,6000,63070030,13,2026-01-08 03:00:22.880,com.sec.android.app.shealth,2026-01-08 03:00:02.967,,1.2718425,7025.34,287.09998,9332,g1bnYRM2yN,com.sec.android.app.shealth,0,1127f59e-58da-483b-9c8f-4c3c7f7d201b.achievement.json,1127f59e-58da-483b-9c8f-4c3c7f7d201b,2026-01-07 00:00:00.000,
63070030,14082,fa561958-590c-4432-a5bc-71318b73c21b.binning_data.json,5466666,6000,63070030,37,2026-01-09 03:00:05.074,com.sec.android.app.shealth,2026-01-08 03:00:05.404,,1.9111117,10447.41,775.5171,14045,yeLoKu9/uD,com.sec.android.app.shealth,0,fa561958-590c-4432-a5bc-71318b73c21b.achievement.json,fa561958-590c-4432-a5bc-71318b73c21b,2026-01-07 00:00:00.000,
63070030,12429,fee6a13a-e5da-47c2-9981-260d8c804e59.binning_data.json,6428443,6000,63070030,49,2026-01-09 09:53:31.133,com.sec.android.app.shealth,2026-01-08 03:00:21.891,fee6a13a-e5da-47c2-9981-260d8c804e59.source_info.json,1.4382296,9245.578,752.57764,12380,VfS0qUERdZ,com.sec.android.app.shealth,0,fee6a13a-e5da-47c2-9981-260d8c804e59.achievement.json,fee6a13a-e5da-47c2-9981-260d8c804e59,2026-01-08 00:00:00.000,
63070030,5264,dba8f683-1617-4fe7-a449-88c67306b534.binning_data.json,3375000,6000,63070030,2,2026-01-09 03:00:02.982,com.sec.android.app.shealth,2026-01-08 03:00:22.846,,1.1473154,3872.19,165.28998,5262,g1bnYRM2yN,com.sec.android.app.shealth,0,dba8f683-1617-4fe7-a449-88c67306b534.achievement.json,dba8f683-1617-4fe7-a449-88c67306b534,2026-01-08 00:00:00.000,
63070030,10906,8c0f5201-a47f-4b48-8e37-aaed72ce65f0.binning_data.json,5333333,6000,63070030,47,2026-01-10 03:00:38.773,com.sec.android.app.shealth,2026-01-09 03:00:05.066,,1.5215418,8114.8906,743.5689,10859,yeLoKu9/uD,com.sec.android.app.shealth,0,8c0f5201-a47f-4b48-8e37-aaed72ce65f0.achievement.json,8c0f5201-a47f-4b48-8e37-aaed72ce65f0,2026-01-08 00:00:00.000,
63070030,16161,83b8ae99-1086-4285-b126-431f6110d6a3.binning_data.json,7516353,6000,63070030,25,2026-01-10 08:29:00.977,com.sec.android.app.shealth,2026-01-09 09:47:35.239,83b8ae99-1086-4285-b126-431f6110d6a3.source_info.json,1.6079968,12086.271,567.5572,16136,VfS0qUERdZ,com.sec.android.app.shealth,0,83b8ae99-1086-4285-b126-431f6110d6a3.achievement.json,83b8ae99-1086-4285-b126-431f6110d6a3,2026-01-09 00:00:00.000,
63070030,3638,21804515-04da-4979-aee0-4a158b11a075.binning_data.json,2159324,6000,63070030,4,2026-01-10 03:00:29.715,com.sec.android.app.shealth,2026-01-10 03:00:29.715,,1.2654047,2732.42,114.20999,3634,g1bnYRM2yN,com.sec.android.app.shealth,0,21804515-04da-4979-aee0-4a158b11a075.achievement.json,21804515-04da-4979-aee0-4a158b11a075,2026-01-09 00:00:00.000,
63070030,15226,2555b392-0b5a-43ac-9d5b-577ed1a93775.binning_data.json,6916666,6000,63070030,21,2026-01-11 03:00:06.833,com.sec.android.app.shealth,2026-01-10 03:00:38.798,,1.6434674,11367.316,542.02295,15205,yeLoKu9/uD,com.sec.android.app.shealth,0,2555b392-0b5a-43ac-9d5b-577ed1a93775.achievement.json,2555b392-0b5a-43ac-9d5b-577ed1a93775,2026-01-09 00:00:00.000,
63070030,7052,c5d63143-75da-4a8c-ad92-ab588a7aaf11.binning_data.json,3809339,6000,63070030,6,2026-01-11 09:21:55.829,com.sec.android.app.shealth,2026-01-10 09:05:02.185,c5d63143-75da-4a8c-ad92-ab588a7aaf11.source_info.json,1.37771,5248.1655,236.55821,7046,VfS0qUERdZ,com.sec.android.app.shealth,0,c5d63143-75da-4a8c-ad92-ab588a7aaf11.achievement.json,c5d63143-75da-4a8c-ad92-ab588a7aaf11,2026-01-10 00:00:00.000,
63070030,2626,0127a99c-39f0-464b-adac-478ca9644f69.binning_data.json,1613484,6000,63070030,3,2026-01-12 03:00:02.536,com.sec.android.app.shealth,2026-01-11 03:00:04.060,,1.2085955,1950.0499,82.17999,2623,g1bnYRM2yN,com.sec.android.app.shealth,0,0127a99c-39f0-464b-adac-478ca9644f69.achievement.json,0127a99c-39f0-464b-adac-478ca9644f69,2026-01-11 00:00:00.000,
63070030,4635,d2fad2e1-6810-4afd-9ead-a7fedec2d62c.binning_data.json,2786288,6000,63070030,0,2026-01-11 03:00:04.111,com.sec.android.app.shealth,2026-01-11 03:00:04.111,,1.238077,3449.6401,142.92996,4635,g1bnYRM2yN,com.sec.android.app.shealth,0,d2fad2e1-6810-4afd-9ead-a7fedec2d62c.achievement.json,d2fad2e1-6810-4afd-9ead-a7fedec2d62c,2026-01-10 00:00:00.000,
63070030,6835,92853bb5-0e3b-4b60-be31-62b97936916b.binning_data.json,3779588,6000,63070030,15,2026-01-12 14:13:23.472,com.sec.android.app.shealth,2026-01-11 03:00:06.233,92853bb5-0e3b-4b60-be31-62b97936916b.source_info.json,1.3517232,5108.9585,238.45145,6820,VfS0qUERdZ,com.sec.android.app.shealth,0,92853bb5-0e3b-4b60-be31-62b97936916b.achievement.json,92853bb5-0e3b-4b60-be31-62b97936916b,2026-01-11 00:00:00.000,
63070030,5874,2c1108ef-c411-4cd6-8cf6-1543da312b5e.binning_data.json,2499999,6000,63070030,6,2026-01-12 03:00:05.013,com.sec.android.app.shealth,2026-01-11 03:00:06.804,,1.7440859,4360.215,209.00267,5868,yeLoKu9/uD,com.sec.android.app.shealth,0,2c1108ef-c411-4cd6-8cf6-1543da312b5e.achievement.json,2c1108ef-c411-4cd6-8cf6-1543da312b5e,2026-01-10 00:00:00.000,
63070030,6299,6e4dbe0b-fe7d-4ddc-8f4f-d501eeb476fb.binning_data.json,3366666,6000,63070030,46,2026-01-13 03:04:18.697,com.sec.android.app.shealth,2026-01-12 03:00:05.003,,1.3983643,4707.8267,231.37563,6253,yeLoKu9/uD,com.sec.android.app.shealth,0,6e4dbe0b-fe7d-4ddc-8f4f-d501eeb476fb.achievement.json,6e4dbe0b-fe7d-4ddc-8f4f-d501eeb476fb,2026-01-11 00:00:00.000,
63070030,5662,d0d2f887-e86d-4fd9-89f9-0735756541c9.binning_data.json,2774905,6000,63070030,9,2026-01-13 10:31:01.882,com.sec.android.app.shealth,2026-01-12 10:16:33.001,d0d2f887-e86d-4fd9-89f9-0735756541c9.source_info.json,1.5068471,4181.359,195.71942,5653,VfS0qUERdZ,com.sec.android.app.shealth,0,d0d2f887-e86d-4fd9-89f9-0735756541c9.achievement.json,d0d2f887-e86d-4fd9-89f9-0735756541c9,2026-01-12 00:00:00.000,
63070030,2943,5b8620c2-6eb4-4870-9d3d-219fb81e98f1.binning_data.json,1891906,6000,63070030,6,2026-01-13 03:04:14.494,com.sec.android.app.shealth,2026-01-13 03:04:14.494,,1.142028,2160.6099,92.68997,2937,g1bnYRM2yN,com.sec.android.app.shealth,0,5b8620c2-6eb4-4870-9d3d-219fb81e98f1.achievement.json,5b8620c2-6eb4-4870-9d3d-219fb81e98f1,2026-01-12 00:00:00.000,
63070030,4703,e111a333-2e9d-4179-a970-e4cbb397ccc2.binning_data.json,2066666,6000,63070030,3,2026-01-14 03:00:05.195,com.sec.android.app.shealth,2026-01-13 03:04:18.719,,1.681537,3475.1765,168.03174,4700,yeLoKu9/uD,com.sec.android.app.shealth,0,e111a333-2e9d-4179-a970-e4cbb397ccc2.achievement.json,e111a333-2e9d-4179-a970-e4cbb397ccc2,2026-01-12 00:00:00.000,
63070030,10893,3c634e61-2081-4d82-9971-b098b0da8d4f.binning_data.json,5069780,6000,63070030,33,2026-01-14 10:30:17.559,com.sec.android.app.shealth,2026-01-13 10:03:56.996,3c634e61-2081-4d82-9971-b098b0da8d4f.source_info.json,1.5944105,8083.311,378.54565,10860,VfS0qUERdZ,com.sec.android.app.shealth,0,3c634e61-2081-4d82-9971-b098b0da8d4f.achievement.json,3c634e61-2081-4d82-9971-b098b0da8d4f,2026-01-13 00:00:00.000,
63070030,6203,6bcfc8de-bdcf-4cff-b8a2-0cf60fbbcf4f.binning_data.json,3796780,6000,63070030,0,2026-01-14 03:00:02.669,com.sec.android.app.shealth,2026-01-14 03:00:02.669,,1.2130803,4605.8,191.31998,6203,g1bnYRM2yN,com.sec.android.app.shealth,0,6bcfc8de-bdcf-4cff-b8a2-0cf60fbbcf4f.achievement.json,6bcfc8de-bdcf-4cff-b8a2-0cf60fbbcf4f,2026-01-13 00:00:00.000,
63070030,10225,458ce7d0-042b-4218-8287-19dd285a24ac.binning_data.json,4216666,6000,63070030,33,2026-01-15 03:00:06.015,com.sec.android.app.shealth,2026-01-14 03:00:05.215,,1.796568,7575.5283,366.8308,10192,yeLoKu9/uD,com.sec.android.app.shealth,0,458ce7d0-042b-4218-8287-19dd285a24ac.achievement.json,458ce7d0-042b-4218-8287-19dd285a24ac,2026-01-13 00:00:00.000,
63070030,7792,ce6ad859-8e46-4033-9817-9d496e98c1da.binning_data.json,4158525,6000,63070030,35,2026-01-15 10:30:30.516,com.sec.android.app.shealth,2026-01-14 10:03:45.563,ce6ad859-8e46-4033-9817-9d496e98c1da.source_info.json,1.3912165,5785.409,274.76306,7757,VfS0qUERdZ,com.sec.android.app.shealth,0,ce6ad859-8e46-4033-9817-9d496e98c1da.achievement.json,ce6ad859-8e46-4033-9817-9d496e98c1da,2026-01-14 00:00:00.000,
63070030,2796,549441de-5c40-4e7f-a49b-8c5beaf1c99b.binning_data.json,1830009,6000,63070030,0,2026-01-15 03:00:03.776,com.sec.android.app.shealth,2026-01-15 03:00:03.776,,1.118142,2046.21,87.83998,2796,g1bnYRM2yN,com.sec.android.app.shealth,0,549441de-5c40-4e7f-a49b-8c5beaf1c99b.achievement.json,549441de-5c40-4e7f-a49b-8c5beaf1c99b,2026-01-14 00:00:00.000,
63070030,7294,4f5fe43c-1857-4d18-951c-c5ef5a96eb4d.binning_data.json,3783333,6000,63070030,35,2026-01-16 03:26:37.112,com.sec.android.app.shealth,2026-01-15 03:00:06.006,,1.4315699,5416.1064,262.46674,7259,yeLoKu9/uD,com.sec.android.app.shealth,0,4f5fe43c-1857-4d18-951c-c5ef5a96eb4d.achievement.json,4f5fe43c-1857-4d18-951c-c5ef5a96eb4d,2026-01-14 00:00:00.000,
63070030,10179,9bd140d5-23af-4b01-ae5e-2dba67af62df.binning_data.json,5121942,6000,63070030,90,2026-01-16 10:34:37.886,com.sec.android.app.shealth,2026-01-15 09:05:31.220,9bd140d5-23af-4b01-ae5e-2dba67af62df.source_info.json,1.4794667,7577.743,360.55292,10089,VfS0qUERdZ,com.sec.android.app.shealth,0,9bd140d5-23af-4b01-ae5e-2dba67af62df.achievement.json,9bd140d5-23af-4b01-ae5e-2dba67af62df,2026-01-15 00:00:00.000,
63070030,4009,daaffbf8-8ebf-4712-8d0d-e7fbd3e9a8a1.binning_data.json,2411413,6000,63070030,0,2026-01-16 03:26:29.787,com.sec.android.app.shealth,2026-01-16 03:26:29.787,,1.2402519,2990.7598,125.43999,4009,g1bnYRM2yN,com.sec.android.app.shealth,0,daaffbf8-8ebf-4712-8d0d-e7fbd3e9a8a1.achievement.json,daaffbf8-8ebf-4712-8d0d-e7fbd3e9a8a1,2026-01-15 00:00:00.000,
63070030,9510,1409859d-5bd8-4a0f-ab9e-b8374c8f3430.binning_data.json,4666666,6000,63070030,120,2026-01-17 03:55:31.096,com.sec.android.app.shealth,2026-01-16 03:26:37.141,,1.5169972,7079.3203,344.65283,9390,yeLoKu9/uD,com.sec.android.app.shealth,0,1409859d-5bd8-4a0f-ab9e-b8374c8f3430.achievement.json,1409859d-5bd8-4a0f-ab9e-b8374c8f3430,2026-01-15 00:00:00.000,
63070030,8369,653a215d-ffcb-410e-bb93-18cf56b1ad1a.binning_data.json,4514394,6000,63070030,42,2026-01-17 07:23:29.108,com.sec.android.app.shealth,2026-01-16 10:07:09.222,653a215d-ffcb-410e-bb93-18cf56b1ad1a.source_info.json,1.3768991,6215.8657,291.3167,8327,VfS0qUERdZ,com.sec.android.app.shealth,0,653a215d-ffcb-410e-bb93-18cf56b1ad1a.achievement.json,653a215d-ffcb-410e-bb93-18cf56b1ad1a,2026-01-16 00:00:00.000,
63070030,3850,2eb0ad06-4074-4e57-9195-7eeb19e9d38e.binning_data.json,2402010,6000,63070030,3,2026-01-17 03:55:24.959,com.sec.android.app.shealth,2026-01-17 03:55:24.959,,1.1856565,2847.96,120.90998,3847,g1bnYRM2yN,com.sec.android.app.shealth,0,2eb0ad06-4074-4e57-9195-7eeb19e9d38e.achievement.json,2eb0ad06-4074-4e57-9195-7eeb19e9d38e,2026-01-16 00:00:00.000,
63070030,6375,60eeefeb-8f66-482a-b045-d39645af4742.binning_data.json,3299999,6000,63070030,39,2026-01-18 03:35:09.507,com.sec.android.app.shealth,2026-01-17 03:55:31.033,,1.4328895,4728.535,230.88086,6336,yeLoKu9/uD,com.sec.android.app.shealth,0,60eeefeb-8f66-482a-b045-d39645af4742.achievement.json,60eeefeb-8f66-482a-b045-d39645af4742,2026-01-16 00:00:00.000,
63070030,10663,d99d0542-41c1-4b62-a570-b165e09b3209.binning_data.json,5167835,6000,63070030,63,2026-01-18 11:32:02.494,com.sec.android.app.shealth,2026-01-17 13:26:02.660,d99d0542-41c1-4b62-a570-b165e09b3209.source_info.json,1.5381143,7948.722,369.63324,10600,VfS0qUERdZ,com.sec.android.app.shealth,0,d99d0542-41c1-4b62-a570-b165e09b3209.achievement.json,d99d0542-41c1-4b62-a570-b165e09b3209,2026-01-17 00:00:00.000,
63070030,5835,6d3ab0fc-6961-412d-a175-039fb0028473.binning_data.json,3506081,6000,63070030,9,2026-01-18 03:35:06.067,com.sec.android.app.shealth,2026-01-18 03:35:06.067,,1.2399968,4347.5303,180.08998,5826,g1bnYRM2yN,com.sec.android.app.shealth,0,6d3ab0fc-6961-412d-a175-039fb0028473.achievement.json,6d3ab0fc-6961-412d-a175-039fb0028473,2026-01-17 00:00:00.000,
63070030,9914,c6408a50-01fa-4c7c-bea9-e868ed79b331.binning_data.json,4249999,6000,63070030,54,2026-01-19 03:00:04.906,com.sec.android.app.shealth,2026-01-18 03:35:09.503,,1.7320222,7361.0938,356.08228,9860,yeLoKu9/uD,com.sec.android.app.shealth,0,c6408a50-01fa-4c7c-bea9-e868ed79b331.achievement.json,c6408a50-01fa-4c7c-bea9-e868ed79b331,2026-01-17 00:00:00.000,
63070030,9392,550935eb-c439-454e-8d3b-39fde88a58f5.binning_data.json,4974612,6000,63070030,137,2026-01-19 10:43:46.628,com.sec.android.app.shealth,2026-01-18 11:22:05.734,550935eb-c439-454e-8d3b-39fde88a58f5.source_info.json,1.4155955,7042.039,343.67242,9255,VfS0qUERdZ,com.sec.android.app.shealth,0,550935eb-c439-454e-8d3b-39fde88a58f5.achievement.json,550935eb-c439-454e-8d3b-39fde88a58f5,2026-01-18 00:00:00.000,
63070030,832,4d371180-80b7-4090-862b-6098c3bd0b59.binning_data.json,519666,6000,63070030,0,2026-01-19 03:00:02.710,com.sec.android.app.shealth,2026-01-19 03:00:02.710,,1.1819881,614.24,26.279997,832,g1bnYRM2yN,com.sec.android.app.shealth,0,4d371180-80b7-4090-862b-6098c3bd0b59.achievement.json,4d371180-80b7-4090-862b-6098c3bd0b59,2026-01-18 00:00:00.000,
63070030,9288,f8285ead-02c4-4032-a9d3-aae2cb2d64a9.binning_data.json,4900000,6000,63070030,137,2026-01-20 03:00:06.165,com.sec.android.app.shealth,2026-01-19 03:00:04.890,,1.4212803,6964.273,341.22372,9151,yeLoKu9/uD,com.sec.android.app.shealth,0,f8285ead-02c4-4032-a9d3-aae2cb2d64a9.achievement.json,f8285ead-02c4-4032-a9d3-aae2cb2d64a9,2026-01-18 00:00:00.000,
63070030,13430,495c352f-1e95-4323-8413-ee094b6367e4.binning_data.json,6162755,6000,63070030,52,2026-01-20 09:35:02.222,com.sec.android.app.shealth,2026-01-19 10:38:02.206,495c352f-1e95-4323-8413-ee094b6367e4.source_info.json,1.6156042,9956.573,472.9692,13378,VfS0qUERdZ,com.sec.android.app.shealth,0,495c352f-1e95-4323-8413-ee094b6367e4.achievement.json,495c352f-1e95-4323-8413-ee094b6367e4,2026-01-19 00:00:00.000,
63070030,5840,33bcf639-d84b-4a3b-a07b-63d5080b849c.binning_data.json,3640712,6000,63070030,0,2026-01-20 03:00:03.481,com.sec.android.app.shealth,2026-01-20 03:00:03.481,,1.1865921,4320.04,183.12997,5840,g1bnYRM2yN,com.sec.android.app.shealth,0,33bcf639-d84b-4a3b-a07b-63d5080b849c.achievement.json,33bcf639-d84b-4a3b-a07b-63d5080b849c,2026-01-19 00:00:00.000,
63070030,12619,67a4e1d2-2e1a-4922-91c8-29900a9dd99e.binning_data.json,5633333,6000,63070030,58,2026-01-21 03:53:03.004,com.sec.android.app.shealth,2026-01-20 03:00:06.149,,1.658284,9341.667,453.55518,12561,yeLoKu9/uD,com.sec.android.app.shealth,0,67a4e1d2-2e1a-4922-91c8-29900a9dd99e.achievement.json,67a4e1d2-2e1a-4922-91c8-29900a9dd99e,2026-01-19 00:00:00.000,
63070030,8242,cb92ce48-81fb-4f7c-bcbc-580082a39023.binning_data.json,4569668,6000,63070030,106,2026-01-21 11:12:41.891,com.sec.android.app.shealth,2026-01-20 09:02:07.082,cb92ce48-81fb-4f7c-bcbc-580082a39023.source_info.json,1.3536422,6185.696,279.44592,8136,VfS0qUERdZ,com.sec.android.app.shealth,0,cb92ce48-81fb-4f7c-bcbc-580082a39023.achievement.json,cb92ce48-81fb-4f7c-bcbc-580082a39023,2026-01-20 00:00:00.000,
63070030,5927,a612b893-c396-490b-ac49-15e75db5e147.binning_data.json,3507897,6000,63070030,39,2026-01-21 03:52:53.963,com.sec.android.app.shealth,2026-01-21 03:52:53.963,,1.2685063,4449.79,183.87997,5888,g1bnYRM2yN,com.sec.android.app.shealth,0,a612b893-c396-490b-ac49-15e75db5e147.achievement.json,a612b893-c396-490b-ac49-15e75db5e147,2026-01-20 00:00:00.000,
63070030,6615,7e206b20-e393-402b-88a2-9c57e695149a.binning_data.json,2866666,6000,63070030,88,2026-01-22 03:02:24.115,com.sec.android.app.shealth,2026-01-21 03:53:03.085,,1.7294288,4957.696,240.22754,6527,yeLoKu9/uD,com.sec.android.app.shealth,0,7e206b20-e393-402b-88a2-9c57e695149a.achievement.json,7e206b20-e393-402b-88a2-9c57e695149a,2026-01-20 00:00:00.000,
63070030,8827,46c1ff2e-efb2-4490-b329-fdd96d9dfec8.binning_data.json,5052469,6000,63070030,104,2026-01-22 11:54:29.594,com.sec.android.app.shealth,2026-01-21 10:11:32.345,46c1ff2e-efb2-4490-b329-fdd96d9dfec8.source_info.json,1.3010211,6573.369,442.27045,8723,VfS0qUERdZ,com.sec.android.app.shealth,0,46c1ff2e-efb2-4490-b329-fdd96d9dfec8.achievement.json,46c1ff2e-efb2-4490-b329-fdd96d9dfec8,2026-01-21 00:00:00.000,
63070030,4830,3382cbbf-c3f3-4975-9c00-718b5488cef0.binning_data.json,3020372,6000,63070030,0,2026-01-22 03:02:14.474,com.sec.android.app.shealth,2026-01-22 03:02:14.474,,1.1829072,3572.8198,150.72997,4830,g1bnYRM2yN,com.sec.android.app.shealth,0,3382cbbf-c3f3-4975-9c00-718b5488cef0.achievement.json,3382cbbf-c3f3-4975-9c00-718b5488cef0,2026-01-21 00:00:00.000,
63070030,6914,1e31cb4e-045d-43de-b4fa-ba7b55ec7dec.binning_data.json,3616666,6000,63070030,105,2026-01-23 04:54:41.920,com.sec.android.app.shealth,2026-01-22 03:02:23.174,,1.425035,5153.8765,394.7197,6809,yeLoKu9/uD,com.sec.android.app.shealth,0,1e31cb4e-045d-43de-b4fa-ba7b55ec7dec.achievement.json,1e31cb4e-045d-43de-b4fa-ba7b55ec7dec,2026-01-21 00:00:00.000,
63070030,9978,90eaf27c-0a35-4ba7-904f-7586ef663fb6.binning_data.json,5316812,6000,63070030,104,2026-01-23 03:02:28.570,com.sec.android.app.shealth,2026-01-22 03:13:12.437,90eaf27c-0a35-4ba7-904f-7586ef663fb6.source_info.json,1.4106678,7500.256,470.28214,9874,VfS0qUERdZ,com.sec.android.app.shealth,0,90eaf27c-0a35-4ba7-904f-7586ef663fb6.achievement.json,90eaf27c-0a35-4ba7-904f-7586ef663fb6,2026-01-22 00:00:00.000,
63070030,6021,674e2dd4-e303-4b5f-9ed2-9aeb68a3c806.binning_data.json,3560861,6000,63070030,45,2026-01-23 04:48:24.627,com.sec.android.app.shealth,2026-01-23 04:48:24.627,,1.2696083,4520.9,186.53992,5976,g1bnYRM2yN,com.sec.android.app.shealth,0,674e2dd4-e303-4b5f-9ed2-9aeb68a3c806.achievement.json,674e2dd4-e303-4b5f-9ed2-9aeb68a3c806,2026-01-22 00:00:00.000,
63070030,9288,d10337a5-7966-4c2c-8178-2b4598d50d7b.binning_data.json,3816666,6000,63070030,204,2026-01-23 04:54:42.380,com.sec.android.app.shealth,2026-01-23 04:54:42.380,,1.8145151,6925.3994,507.4551,9084,yeLoKu9/uD,com.sec.android.app.shealth,0,d10337a5-7966-4c2c-8178-2b4598d50d7b.achievement.json,d10337a5-7966-4c2c-8178-2b4598d50d7b,2026-01-22 00:00:00.000,
63070030,12225,3bd17b63-8c67-495b-b2d5-6d81f79cd93e.binning_data.json,5834235,6000,63070030,205,2026-01-24 10:37:22.975,com.sec.android.app.shealth,2026-01-23 10:25:41.466,3bd17b63-8c67-495b-b2d5-6d81f79cd93e.source_info.json,1.5692357,9155.29,441.56583,12020,VfS0qUERdZ,com.sec.android.app.shealth,0,3bd17b63-8c67-495b-b2d5-6d81f79cd93e.achievement.json,3bd17b63-8c67-495b-b2d5-6d81f79cd93e,2026-01-23 00:00:00.000,
63070030,4681,23bbb594-dc3c-4ed4-83b9-f49e641b25b5.binning_data.json,2835020,6000,63070030,33,2026-01-24 03:00:06.692,com.sec.android.app.shealth,2026-01-24 03:00:06.692,,1.236658,3505.95,147.52997,4648,g1bnYRM2yN,com.sec.android.app.shealth,0,23bbb594-dc3c-4ed4-83b9-f49e641b25b5.achievement.json,23bbb594-dc3c-4ed4-83b9-f49e641b25b5,2026-01-23 00:00:00.000,
63070030,11476,cabbf3b8-a454-43da-a285-b886b5fedc56.binning_data.json,5133333,6000,63070030,188,2026-01-25 03:00:05.301,com.sec.android.app.shealth,2026-01-24 03:00:09.722,,1.6712788,8579.231,423.42133,11288,yeLoKu9/uD,com.sec.android.app.shealth,0,cabbf3b8-a454-43da-a285-b886b5fedc56.achievement.json,cabbf3b8-a454-43da-a285-b886b5fedc56,2026-01-23 00:00:00.000,
63070030,9941,17d3c7a6-b720-4933-83fd-6cb187914344.binning_data.json,5608270,6000,63070030,72,2026-01-25 02:35:04.352,com.sec.android.app.shealth,2026-01-24 10:16:30.140,17d3c7a6-b720-4933-83fd-6cb187914344.source_info.json,1.3234537,7422.2847,347.80002,9869,VfS0qUERdZ,com.sec.android.app.shealth,0,17d3c7a6-b720-4933-83fd-6cb187914344.achievement.json,17d3c7a6-b720-4933-83fd-6cb187914344,2026-01-24 00:00:00.000,
63070030,4911,49019f8b-af0e-4831-bda9-7dbe290df4ca.binning_data.json,3005347,6000,63070030,1,2026-01-25 03:00:02.692,com.sec.android.app.shealth,2026-01-25 03:00:02.692,,1.2129947,3645.47,153.95999,4910,g1bnYRM2yN,com.sec.android.app.shealth,0,49019f8b-af0e-4831-bda9-7dbe290df4ca.achievement.json,49019f8b-af0e-4831-bda9-7dbe290df4ca,2026-01-24 00:00:00.000,
63070030,8773,30bc350d-1ea1-409b-b901-fa96d620401f.binning_data.json,4833333,6000,63070030,71,2026-01-25 03:00:05.328,com.sec.android.app.shealth,2026-01-25 03:00:05.328,,1.3531891,6540.414,315.7738,8702,yeLoKu9/uD,com.sec.android.app.shealth,0,30bc350d-1ea1-409b-b901-fa96d620401f.achievement.json,30bc350d-1ea1-409b-b901-fa96d620401f,2026-01-24 00:00:00.000,
63070030,5117,77a6ecbf-5052-45d1-bb3c-b225d88c983d.binning_data.json,3010040,6000,63070030,27,2026-01-26 08:36:54.423,com.sec.android.app.shealth,2026-01-25 03:09:02.540,77a6ecbf-5052-45d1-bb3c-b225d88c983d.source_info.json,1.2656268,3809.5872,175.7707,5090,VfS0qUERdZ,com.sec.android.app.shealth,0,77a6ecbf-5052-45d1-bb3c-b225d88c983d.achievement.json,77a6ecbf-5052-45d1-bb3c-b225d88c983d,2026-01-25 00:00:00.000,
63070030,2553,cdb65325-1e56-470d-b4b9-d904ac6ab1bb.binning_data.json,1567431,6000,63070030,1,2026-01-26 03:00:02.942,com.sec.android.app.shealth,2026-01-26 03:00:02.942,,1.2104136,1897.24,81.48999,2552,g1bnYRM2yN,com.sec.android.app.shealth,0,cdb65325-1e56-470d-b4b9-d904ac6ab1bb.achievement.json,cdb65325-1e56-470d-b4b9-d904ac6ab1bb,2026-01-25 00:00:00.000,
63070030,3639,4a1b5fb2-7c2c-420c-8ee8-131555e36844.binning_data.json,2133333,6000,63070030,26,2026-01-27 03:00:05.663,com.sec.android.app.shealth,2026-01-26 03:00:05.213,,1.2687484,2706.663,129.88739,3613,yeLoKu9/uD,com.sec.android.app.shealth,0,4a1b5fb2-7c2c-420c-8ee8-131555e36844.achievement.json,4a1b5fb2-7c2c-420c-8ee8-131555e36844,2026-01-25 00:00:00.000,
63070030,11312,46edecc6-ae0f-44d9-a025-116d10cbe4f0.binning_data.json,5359043,6000,63070030,52,2026-01-27 05:38:27.163,com.sec.android.app.shealth,2026-01-26 08:35:00.882,46edecc6-ae0f-44d9-a025-116d10cbe4f0.source_info.json,1.5695516,8411.295,515.75916,11260,VfS0qUERdZ,com.sec.android.app.shealth,0,46edecc6-ae0f-44d9-a025-116d10cbe4f0.achievement.json,46edecc6-ae0f-44d9-a025-116d10cbe4f0,2026-01-26 00:00:00.000,
63070030,4355,45beda8a-7675-4e26-86bd-c63b2b7531d4.binning_data.json,2719539,6000,63070030,0,2026-01-27 03:00:03.094,com.sec.android.app.shealth,2026-01-27 03:00:03.094,,1.1835496,3218.71,135.82997,4355,g1bnYRM2yN,com.sec.android.app.shealth,0,45beda8a-7675-4e26-86bd-c63b2b7531d4.achievement.json,45beda8a-7675-4e26-86bd-c63b2b7531d4,2026-01-26 00:00:00.000,
63070030,10699,74063354-3bef-4c6f-8eba-12c8ae85a3ff.binning_data.json,4899999,6000,63070030,52,2026-01-28 03:00:07.448,com.sec.android.app.shealth,2026-01-27 03:00:05.686,,1.622644,7950.955,507.99042,10647,yeLoKu9/uD,com.sec.android.app.shealth,0,74063354-3bef-4c6f-8eba-12c8ae85a3ff.achievement.json,74063354-3bef-4c6f-8eba-12c8ae85a3ff,2026-01-26 00:00:00.000,
63070030,7789,8083e6f8-54cf-4a25-a581-66cf17ac2bb3.binning_data.json,4081493,6000,63070030,51,2026-01-28 11:00:28.926,com.sec.android.app.shealth,2026-01-27 09:41:44.834,8083e6f8-54cf-4a25-a581-66cf17ac2bb3.source_info.json,1.4209571,5799.627,278.46725,7738,VfS0qUERdZ,com.sec.android.app.shealth,0,8083e6f8-54cf-4a25-a581-66cf17ac2bb3.achievement.json,8083e6f8-54cf-4a25-a581-66cf17ac2bb3,2026-01-27 00:00:00.000,
63070030,3025,9499b396-c1d6-417f-86ba-b3764961c717.binning_data.json,1869883,6000,63070030,11,2026-01-28 03:00:05.078,com.sec.android.app.shealth,2026-01-28 03:00:05.078,,1.2022672,2248.0999,95.33999,3014,g1bnYRM2yN,com.sec.android.app.shealth,0,9499b396-c1d6-417f-86ba-b3764961c717.achievement.json,9499b396-c1d6-417f-86ba-b3764961c717,2026-01-27 00:00:00.000,
63070030,7432,f2949262-78e7-44a3-ba5e-5edccd04c3ad.binning_data.json,3816666,6000,63070030,41,2026-01-29 03:00:04.361,com.sec.android.app.shealth,2026-01-28 03:00:07.439,,1.4475008,5524.628,270.1391,7391,yeLoKu9/uD,com.sec.android.app.shealth,0,f2949262-78e7-44a3-ba5e-5edccd04c3ad.achievement.json,f2949262-78e7-44a3-ba5e-5edccd04c3ad,2026-01-27 00:00:00.000,
63070030,11912,4e58f2c2-c624-4256-b3dd-7f71fa267775.binning_data.json,6300590,6000,63070030,77,2026-01-29 03:03:41.312,com.sec.android.app.shealth,2026-01-28 11:14:05.460,4e58f2c2-c624-4256-b3dd-7f71fa267775.source_info.json,1.4091915,8878.738,728.35486,11835,VfS0qUERdZ,com.sec.android.app.shealth,0,4e58f2c2-c624-4256-b3dd-7f71fa267775.achievement.json,4e58f2c2-c624-4256-b3dd-7f71fa267775,2026-01-28 00:00:00.000,
63070030,3968,df60b7ff-23ad-4de8-8a5a-d71f7ed76e28.binning_data.json,2358502,6000,63070030,5,2026-01-29 03:00:02.033,com.sec.android.app.shealth,2026-01-29 03:00:02.033,,1.2621272,2976.7297,123.03997,3963,g1bnYRM2yN,com.sec.android.app.shealth,0,df60b7ff-23ad-4de8-8a5a-d71f7ed76e28.achievement.json,df60b7ff-23ad-4de8-8a5a-d71f7ed76e28,2026-01-28 00:00:00.000,
63070030,11536,d6e798f0-48e2-46c4-8e06-d8c1c53f3058.binning_data.json,5566666,6000,63070030,78,2026-01-30 03:57:03.344,com.sec.android.app.shealth,2026-01-29 03:00:04.345,,1.5407683,8576.943,760.0644,11458,yeLoKu9/uD,com.sec.android.app.shealth,0,d6e798f0-48e2-46c4-8e06-d8c1c53f3058.achievement.json,d6e798f0-48e2-46c4-8e06-d8c1c53f3058,2026-01-28 00:00:00.000,
63070030,11082,b362183f-8ade-4f8d-b98d-97766eb0d1f7.binning_data.json,6163041,6000,63070030,14,2026-01-30 10:35:46.791,com.sec.android.app.shealth,2026-01-29 03:02:46.862,b362183f-8ade-4f8d-b98d-97766eb0d1f7.source_info.json,1.3466672,8299.565,598.72095,11068,VfS0qUERdZ,com.sec.android.app.shealth,0,b362183f-8ade-4f8d-b98d-97766eb0d1f7.achievement.json,b362183f-8ade-4f8d-b98d-97766eb0d1f7,2026-01-29 00:00:00.000,
63070030,5808,fc69b69a-431c-44a9-baef-7f034487b804.binning_data.json,3420679,6000,63070030,1,2026-01-30 03:57:00.678,com.sec.android.app.shealth,2026-01-30 03:57:00.678,,1.2749866,4361.32,179.15996,5807,g1bnYRM2yN,com.sec.android.app.shealth,0,fc69b69a-431c-44a9-baef-7f034487b804.achievement.json,fc69b69a-431c-44a9-baef-7f034487b804,2026-01-29 00:00:00.000,
63070030,8448,78d08cda-7bea-4ec5-91d3-7edef19264f9.binning_data.json,4499999,6000,63070030,15,2026-01-31 04:43:16.930,com.sec.android.app.shealth,2026-01-30 03:57:03.336,,1.3961254,6282.5645,531.0332,8433,yeLoKu9/uD,com.sec.android.app.shealth,0,78d08cda-7bea-4ec5-91d3-7edef19264f9.achievement.json,78d08cda-7bea-4ec5-91d3-7edef19264f9,2026-01-29 00:00:00.000,
63070030,7520,efad5c81-8ac7-42b6-a00e-171e3c2b3ebf.binning_data.json,3733565,6000,63070030,68,2026-01-31 11:09:02.301,com.sec.android.app.shealth,2026-01-30 10:35:18.152,efad5c81-8ac7-42b6-a00e-171e3c2b3ebf.source_info.json,1.5000966,5600.709,266.4186,7452,VfS0qUERdZ,com.sec.android.app.shealth,0,efad5c81-8ac7-42b6-a00e-171e3c2b3ebf.achievement.json,efad5c81-8ac7-42b6-a00e-171e3c2b3ebf,2026-01-30 00:00:00.000,
63070030,3634,5a1ce45b-9c45-4c00-bf70-1168345296d4.binning_data.json,2266272,6000,63070030,0,2026-01-31 04:43:07.898,com.sec.android.app.shealth,2026-01-31 04:43:07.898,,1.189866,2696.5598,113.68997,3634,g1bnYRM2yN,com.sec.android.app.shealth,0,5a1ce45b-9c45-4c00-bf70-1168345296d4.achievement.json,5a1ce45b-9c45-4c00-bf70-1168345296d4,2026-01-30 00:00:00.000,
63070030,7063,9aeeb32c-0a1b-472f-a558-5a9c97da70fc.binning_data.json,3383333,6000,63070030,68,2026-02-01 03:13:43.411,com.sec.android.app.shealth,2026-01-31 04:43:16.897,,1.5532541,5255.1763,256.08936,6995,yeLoKu9/uD,com.sec.android.app.shealth,0,9aeeb32c-0a1b-472f-a558-5a9c97da70fc.achievement.json,9aeeb32c-0a1b-472f-a558-5a9c97da70fc,2026-01-30 00:00:00.000,
63070030,13380,9023eb5d-457b-43d5-92d1-2692b0b320d3.binning_data.json,6596910,6000,63070030,197,2026-02-01 03:00:40.863,com.sec.android.app.shealth,2026-01-31 10:48:34.173,9023eb5d-457b-43d5-92d1-2692b0b320d3.source_info.json,1.5394841,10155.839,455.5276,13183,VfS0qUERdZ,com.sec.android.app.shealth,0,9023eb5d-457b-43d5-92d1-2692b0b320d3.achievement.json,9023eb5d-457b-43d5-92d1-2692b0b320d3,2026-01-31 00:00:00.000,
63070030,7785,b77f64d0-4f78-4530-b5c8-3093c498b534.binning_data.json,3886201,6000,63070030,15,2026-02-02 04:36:47.290,com.sec.android.app.shealth,2026-02-01 03:13:15.983,b77f64d0-4f78-4530-b5c8-3093c498b534.source_info.json,1.4982255,5822.4062,272.938,7770,VfS0qUERdZ,com.sec.android.app.shealth,0,b77f64d0-4f78-4530-b5c8-3093c498b534.achievement.json,b77f64d0-4f78-4530-b5c8-3093c498b534,2026-02-01 00:00:00.000,
63070030,9310,b46c3cc9-8895-4f05-a7ff-1a0bdb38268b.binning_data.json,5289454,6000,63070030,43,2026-02-01 03:13:39.906,com.sec.android.app.shealth,2026-02-01 03:13:39.906,,1.3354706,7063.91,287.27997,9267,g1bnYRM2yN,com.sec.android.app.shealth,0,b46c3cc9-8895-4f05-a7ff-1a0bdb38268b.achievement.json,b46c3cc9-8895-4f05-a7ff-1a0bdb38268b,2026-01-31 00:00:00.000,
63070030,3366,060cecd4-87da-4bd4-8ee5-cf78d73577d8.binning_data.json,1964304,6000,63070030,5,2026-02-02 03:00:03.734,com.sec.android.app.shealth,2026-02-01 03:13:40.140,,1.2884711,2530.9497,103.699974,3361,g1bnYRM2yN,com.sec.android.app.shealth,0,060cecd4-87da-4bd4-8ee5-cf78d73577d8.achievement.json,060cecd4-87da-4bd4-8ee5-cf78d73577d8,2026-02-01 00:00:00.000,
63070030,12321,bac2ae00-f0c2-415a-9fda-57dd82044f35.binning_data.json,4783333,6000,63070030,249,2026-02-01 03:13:43.407,com.sec.android.app.shealth,2026-02-01 03:13:43.407,,1.9462178,9309.408,444.8134,12072,yeLoKu9/uD,com.sec.android.app.shealth,0,bac2ae00-f0c2-415a-9fda-57dd82044f35.achievement.json,bac2ae00-f0c2-415a-9fda-57dd82044f35,2026-01-31 00:00:00.000,
63070030,7277,e13f1ce5-cb6c-48c8-bf05-abe0f76815c4.binning_data.json,3316666,6000,63070030,17,2026-02-03 03:00:05.164,com.sec.android.app.shealth,2026-02-02 03:00:06.833,,1.6413435,5443.789,265.24396,7260,yeLoKu9/uD,com.sec.android.app.shealth,0,e13f1ce5-cb6c-48c8-bf05-abe0f76815c4.achievement.json,e13f1ce5-cb6c-48c8-bf05-abe0f76815c4,2026-02-01 00:00:00.000,
63070030,13019,37a7d159-9a3d-4d3c-8301-dbf59f05a7e9.binning_data.json,6541134,6000,63070030,84,2026-02-03 10:17:47.342,com.sec.android.app.shealth,2026-02-02 04:36:40.993,37a7d159-9a3d-4d3c-8301-dbf59f05a7e9.source_info.json,1.4902936,9748.211,456.02267,12935,VfS0qUERdZ,com.sec.android.app.shealth,0,37a7d159-9a3d-4d3c-8301-dbf59f05a7e9.achievement.json,37a7d159-9a3d-4d3c-8301-dbf59f05a7e9,2026-02-02 00:00:00.000,
63070030,5984,dc059c72-41ae-4ef3-b0c4-6f30d833bc82.binning_data.json,3624543,6000,63070030,0,2026-02-03 03:00:02.713,com.sec.android.app.shealth,2026-02-03 03:00:02.713,,1.2306046,4460.38,185.66995,5984,g1bnYRM2yN,com.sec.android.app.shealth,0,dc059c72-41ae-4ef3-b0c4-6f30d833bc82.achievement.json,dc059c72-41ae-4ef3-b0c4-6f30d833bc82,2026-02-02 00:00:00.000,
63070030,12372,c534fb48-9c93-4885-bcaf-432bd6d233e7.binning_data.json,5583333,6000,63070030,84,2026-02-04 03:00:07.437,com.sec.android.app.shealth,2026-02-03 03:00:05.189,,1.657625,9255.072,447.52985,12288,yeLoKu9/uD,com.sec.android.app.shealth,0,c534fb48-9c93-4885-bcaf-432bd6d233e7.achievement.json,c534fb48-9c93-4885-bcaf-432bd6d233e7,2026-02-02 00:00:00.000,
63070030,5485,3ef6fc76-d620-42d4-aef8-195c10096546.binning_data.json,2808459,6000,63070030,22,2026-02-04 12:17:09.969,com.sec.android.app.shealth,2026-02-03 09:56:11.058,3ef6fc76-d620-42d4-aef8-195c10096546.source_info.json,1.4512395,4075.7478,190.72707,5463,VfS0qUERdZ,com.sec.android.app.shealth,0,3ef6fc76-d620-42d4-aef8-195c10096546.achievement.json,3ef6fc76-d620-42d4-aef8-195c10096546,2026-02-03 00:00:00.000,
63070030,1902,662f168c-f3ad-41af-ab68-cd3150bfa94d.binning_data.json,1221378,6000,63070030,14,2026-02-04 03:00:02.906,com.sec.android.app.shealth,2026-02-04 03:00:02.906,,1.1476706,1401.74,60.639988,1888,g1bnYRM2yN,com.sec.android.app.shealth,0,662f168c-f3ad-41af-ab68-cd3150bfa94d.achievement.json,662f168c-f3ad-41af-ab68-cd3150bfa94d,2026-02-03 00:00:00.000,
63070030,4758,75c45707-c8e8-4b60-ab7a-d693d17204c3.binning_data.json,2349999,6000,63070030,28,2026-02-05 03:00:04.661,com.sec.android.app.shealth,2026-02-04 03:00:07.364,,1.5050257,3536.8105,169.9768,4730,yeLoKu9/uD,com.sec.android.app.shealth,0,75c45707-c8e8-4b60-ab7a-d693d17204c3.achievement.json,75c45707-c8e8-4b60-ab7a-d693d17204c3,2026-02-03 00:00:00.000,
63070030,7705,33e1ace0-8e4b-4bc4-87ed-94ec1e6d5bf3.binning_data.json,3997248,6000,63070030,25,2026-02-05 11:53:37.737,com.sec.android.app.shealth,2026-02-04 09:55:30.659,33e1ace0-8e4b-4bc4-87ed-94ec1e6d5bf3.source_info.json,1.4371606,5744.6885,264.0255,7680,VfS0qUERdZ,com.sec.android.app.shealth,0,33e1ace0-8e4b-4bc4-87ed-94ec1e6d5bf3.achievement.json,33e1ace0-8e4b-4bc4-87ed-94ec1e6d5bf3,2026-02-04 00:00:00.000,
63070030,5241,1d4a6e9c-2ebc-4e91-8aa4-6a895236ca0b.binning_data.json,3160144,6000,63070030,0,2026-02-05 03:00:02.268,com.sec.android.app.shealth,2026-02-05 03:00:02.268,,1.2355921,3904.65,162.06999,5241,g1bnYRM2yN,com.sec.android.app.shealth,0,1d4a6e9c-2ebc-4e91-8aa4-6a895236ca0b.achievement.json,1d4a6e9c-2ebc-4e91-8aa4-6a895236ca0b,2026-02-04 00:00:00.000,
63070030,6773,9dce4b37-48ae-4b80-8c44-cd362c4c63d1.binning_data.json,3000000,6000,63070030,25,2026-02-06 03:00:05.375,com.sec.android.app.shealth,2026-02-05 03:00:04.639,,1.6797266,5039.1797,242.05753,6748,yeLoKu9/uD,com.sec.android.app.shealth,0,9dce4b37-48ae-4b80-8c44-cd362c4c63d1.achievement.json,9dce4b37-48ae-4b80-8c44-cd362c4c63d1,2026-02-04 00:00:00.000,
63070030,8549,26e724db-5b11-48ee-a877-d4e1f4c3d2b3.binning_data.json,4129377,6000,63070030,50,2026-02-06 12:33:57.183,com.sec.android.app.shealth,2026-02-05 11:17:28.784,26e724db-5b11-48ee-a877-d4e1f4c3d2b3.source_info.json,1.547162,6388.816,295.99106,8499,VfS0qUERdZ,com.sec.android.app.shealth,0,26e724db-5b11-48ee-a877-d4e1f4c3d2b3.achievement.json,26e724db-5b11-48ee-a877-d4e1f4c3d2b3,2026-02-05 00:00:00.000,
63070030,5349,1653c5f9-2b27-420c-bf28-6f8e4f3f0a63.binning_data.json,3273125,6000,63070030,8,2026-02-06 03:00:03.066,com.sec.android.app.shealth,2026-02-06 03:00:03.066,,1.2137359,3972.71,165.16998,5341,g1bnYRM2yN,com.sec.android.app.shealth,0,1653c5f9-2b27-420c-bf28-6f8e4f3f0a63.achievement.json,1653c5f9-2b27-420c-bf28-6f8e4f3f0a63,2026-02-05 00:00:00.000,
63070030,7603,ba9fbbfc-c311-4e7c-9c8a-5f3293b15bee.binning_data.json,3150000,6000,63070030,52,2026-02-07 04:32:22.922,com.sec.android.app.shealth,2026-02-06 03:00:05.396,,1.7975168,5662.178,275.01825,7551,yeLoKu9/uD,com.sec.android.app.shealth,0,ba9fbbfc-c311-4e7c-9c8a-5f3293b15bee.achievement.json,ba9fbbfc-c311-4e7c-9c8a-5f3293b15bee,2026-02-05 00:00:00.000,
63070030,8842,16259dd4-3a5e-414e-a2da-b45afabf6e86.binning_data.json,4334418,6000,63070030,62,2026-02-07 10:18:40.546,com.sec.android.app.shealth,2026-02-06 03:02:01.248,16259dd4-3a5e-414e-a2da-b45afabf6e86.source_info.json,1.5246334,6608.399,469.95557,8780,VfS0qUERdZ,com.sec.android.app.shealth,0,16259dd4-3a5e-414e-a2da-b45afabf6e86.achievement.json,16259dd4-3a5e-414e-a2da-b45afabf6e86,2026-02-06 00:00:00.000,
63070030,3560,6b7e5ce9-7120-46dd-9c2e-fedefbb2e2f0.binning_data.json,2199682,6000,63070030,15,2026-02-07 04:32:18.224,com.sec.android.app.shealth,2026-02-07 04:32:18.224,,1.2055286,2651.78,112.139984,3545,g1bnYRM2yN,com.sec.android.app.shealth,0,6b7e5ce9-7120-46dd-9c2e-fedefbb2e2f0.achievement.json,6b7e5ce9-7120-46dd-9c2e-fedefbb2e2f0,2026-02-06 00:00:00.000,
63070030,8227,ae75d43e-9a9e-4130-8099-befb556eb8d1.binning_data.json,3866666,6000,63070030,56,2026-02-08 03:00:06.195,com.sec.android.app.shealth,2026-02-07 04:32:22.945,,1.5868236,6135.718,479.19083,8171,yeLoKu9/uD,com.sec.android.app.shealth,0,ae75d43e-9a9e-4130-8099-befb556eb8d1.achievement.json,ae75d43e-9a9e-4130-8099-befb556eb8d1,2026-02-06 00:00:00.000,
63070030,7829,562e68d9-f70c-43c2-999a-ac6299a8f7c3.binning_data.json,4272340,6000,63070030,36,2026-02-08 03:20:37.478,com.sec.android.app.shealth,2026-02-07 10:07:20.260,562e68d9-f70c-43c2-999a-ac6299a8f7c3.source_info.json,1.3850849,5917.5547,266.39407,7793,VfS0qUERdZ,com.sec.android.app.shealth,0,562e68d9-f70c-43c2-999a-ac6299a8f7c3.achievement.json,562e68d9-f70c-43c2-999a-ac6299a8f7c3,2026-02-07 00:00:00.000,
63070030,5445,f87bb945-8b45-43b9-b799-0fde4c3da0b4.binning_data.json,3175070,6000,63070030,19,2026-02-08 03:00:02.870,com.sec.android.app.shealth,2026-02-08 03:00:02.870,,1.2952121,4112.39,170.29,5426,g1bnYRM2yN,com.sec.android.app.shealth,0,f87bb945-8b45-43b9-b799-0fde4c3da0b4.achievement.json,f87bb945-8b45-43b9-b799-0fde4c3da0b4,2026-02-07 00:00:00.000,
63070030,6654,f2d69aef-07cd-4a68-b19e-f5f061d25332.binning_data.json,3133333,6000,63070030,51,2026-02-09 03:00:04.569,com.sec.android.app.shealth,2026-02-08 03:00:06.186,,1.6047633,5028.258,239.08658,6603,yeLoKu9/uD,com.sec.android.app.shealth,0,f2d69aef-07cd-4a68-b19e-f5f061d25332.achievement.json,f2d69aef-07cd-4a68-b19e-f5f061d25332,2026-02-07 00:00:00.000,
63070030,7431,a5c649ed-9e42-4477-96d6-daa462d8e1ee.binning_data.json,3942085,6000,63070030,40,2026-02-09 02:43:18.287,com.sec.android.app.shealth,2026-02-08 03:00:45.277,a5c649ed-9e42-4477-96d6-daa462d8e1ee.source_info.json,1.4119014,5565.8364,255.32674,7391,VfS0qUERdZ,com.sec.android.app.shealth,0,a5c649ed-9e42-4477-96d6-daa462d8e1ee.achievement.json,a5c649ed-9e42-4477-96d6-daa462d8e1ee,2026-02-08 00:00:00.000,
63070030,4911,381ea45d-3a51-4a1b-a26b-887c76a0fd80.binning_data.json,2897073,6000,63070030,0,2026-02-09 03:00:02.356,com.sec.android.app.shealth,2026-02-09 03:00:02.356,,1.2680453,3673.6199,153.7,4911,g1bnYRM2yN,com.sec.android.app.shealth,0,381ea45d-3a51-4a1b-a26b-887c76a0fd80.achievement.json,381ea45d-3a51-4a1b-a26b-887c76a0fd80,2026-02-08 00:00:00.000,
63070030,5539,fd03b9b9-afa7-4f31-ba0c-9be1e0a3e55b.binning_data.json,2583333,6000,63070030,40,2026-02-09 03:00:04.598,com.sec.android.app.shealth,2026-02-09 03:00:04.598,,1.6083368,4154.8706,201.76968,5499,yeLoKu9/uD,com.sec.android.app.shealth,0,fd03b9b9-afa7-4f31-ba0c-9be1e0a3e55b.achievement.json,fd03b9b9-afa7-4f31-ba0c-9be1e0a3e55b,2026-02-08 00:00:00.000,
63070030,9479,86edb505-0bfc-4e7c-85c9-b9b335ec4e2e.binning_data.json,5397501,6000,63070030,44,2026-02-10 03:03:06.182,com.sec.android.app.shealth,2026-02-09 11:44:36.613,86edb505-0bfc-4e7c-85c9-b9b335ec4e2e.source_info.json,1.3116572,7079.672,328.49344,9435,VfS0qUERdZ,com.sec.android.app.shealth,0,86edb505-0bfc-4e7c-85c9-b9b335ec4e2e.achievement.json,86edb505-0bfc-4e7c-85c9-b9b335ec4e2e,2026-02-09 00:00:00.000,
63070030,5476,988e2a9d-b39c-4b7b-aa20-e68e840dbbbf.binning_data.json,3305327,6000,63070030,8,2026-02-10 03:00:03.300,com.sec.android.app.shealth,2026-02-10 03:00:03.300,,1.2341985,4079.43,170.45,5468,g1bnYRM2yN,com.sec.android.app.shealth,0,988e2a9d-b39c-4b7b-aa20-e68e840dbbbf.achievement.json,988e2a9d-b39c-4b7b-aa20-e68e840dbbbf,2026-02-09 00:00:00.000,
63070030,8804,b04d4d8e-bf4f-42ea-af4c-5b3423239afe.binning_data.json,4550000,6000,63070030,43,2026-02-11 03:00:22.349,com.sec.android.app.shealth,2026-02-10 03:00:05.653,,1.4421777,6561.9077,320.09744,8761,yeLoKu9/uD,com.sec.android.app.shealth,0,b04d4d8e-bf4f-42ea-af4c-5b3423239afe.achievement.json,b04d4d8e-bf4f-42ea-af4c-5b3423239afe,2026-02-09 00:00:00.000,
63070030,9333,b668ab6f-cdaa-45d8-aa61-e33503a153b3.binning_data.json,4829757,6000,63070030,71,2026-02-11 15:12:24.489,com.sec.android.app.shealth,2026-02-10 03:02:38.580,b668ab6f-cdaa-45d8-aa61-e33503a153b3.source_info.json,1.4440117,6974.225,326.86685,9262,VfS0qUERdZ,com.sec.android.app.shealth,0,b668ab6f-cdaa-45d8-aa61-e33503a153b3.achievement.json,b668ab6f-cdaa-45d8-aa61-e33503a153b3,2026-02-10 00:00:00.000,
63070030,4850,1db145c4-a7d6-4316-8553-a05c69f2bee4.binning_data.json,2921319,6000,63070030,8,2026-02-11 03:00:10.074,com.sec.android.app.shealth,2026-02-11 03:00:10.074,,1.2381151,3616.93,149.47998,4842,g1bnYRM2yN,com.sec.android.app.shealth,0,1db145c4-a7d6-4316-8553-a05c69f2bee4.achievement.json,1db145c4-a7d6-4316-8553-a05c69f2bee4,2026-02-10 00:00:00.000,
63070030,8736,ea5f4161-2fcd-4f4b-a0bc-a0e454a1b4d5.binning_data.json,3883333,6000,63070030,81,2026-02-12 03:00:07.366,com.sec.android.app.shealth,2026-02-11 03:00:22.335,,1.6809844,6527.823,322.80524,8655,yeLoKu9/uD,com.sec.android.app.shealth,0,ea5f4161-2fcd-4f4b-a0bc-a0e454a1b4d5.achievement.json,ea5f4161-2fcd-4f4b-a0bc-a0e454a1b4d5,2026-02-10 00:00:00.000,
63070030,5102,b8c35baa-c260-4cea-86c9-01c3fc7cdf65.binning_data.json,2930047,6000,63070030,12,2026-02-12 11:34:16.863,com.sec.android.app.shealth,2026-02-11 12:43:26.081,b8c35baa-c260-4cea-86c9-01c3fc7cdf65.source_info.json,1.2956328,3796.2664,173.73807,5090,VfS0qUERdZ,com.sec.android.app.shealth,0,b8c35baa-c260-4cea-86c9-01c3fc7cdf65.achievement.json,b8c35baa-c260-4cea-86c9-01c3fc7cdf65,2026-02-11 00:00:00.000,
63070030,2626,0154878b-944d-4c67-8957-5fae8c1b77fc.binning_data.json,1662316,6000,63070030,0,2026-02-12 03:00:03.116,com.sec.android.app.shealth,2026-02-12 03:00:03.116,,1.1655599,1937.5299,81.799995,2626,g1bnYRM2yN,com.sec.android.app.shealth,0,0154878b-944d-4c67-8957-5fae8c1b77fc.achievement.json,0154878b-944d-4c67-8957-5fae8c1b77fc,2026-02-11 00:00:00.000,
63070030,3462,700e2ad2-971b-4b12-9adb-4560047fda43.binning_data.json,1833333,6000,63070030,13,2026-02-13 03:26:37.738,com.sec.android.app.shealth,2026-02-12 03:00:07.361,,1.4077575,2580.889,125.25501,3449,yeLoKu9/uD,com.sec.android.app.shealth,0,700e2ad2-971b-4b12-9adb-4560047fda43.achievement.json,700e2ad2-971b-4b12-9adb-4560047fda43,2026-02-11 00:00:00.000,
63070030,6016,78636359-87b0-4150-b414-55cea39e5209.binning_data.json,3206987,6000,63070030,55,2026-02-13 10:53:32.267,com.sec.android.app.shealth,2026-02-12 11:11:37.257,78636359-87b0-4150-b414-55cea39e5209.source_info.json,1.4013696,4494.175,214.60558,5961,VfS0qUERdZ,com.sec.android.app.shealth,0,78636359-87b0-4150-b414-55cea39e5209.achievement.json,78636359-87b0-4150-b414-55cea39e5209,2026-02-12 00:00:00.000,
63070030,1710,bacebb8a-dd3a-4663-bf02-ceea722317a4.binning_data.json,1033434,6000,63070030,0,2026-02-13 03:26:28.788,com.sec.android.app.shealth,2026-02-13 03:26:28.788,,1.2305379,1271.6799,52.769985,1710,g1bnYRM2yN,com.sec.android.app.shealth,0,bacebb8a-dd3a-4663-bf02-ceea722317a4.achievement.json,bacebb8a-dd3a-4663-bf02-ceea722317a4,2026-02-12 00:00:00.000,
63070030,5664,08071f44-298d-48e8-8e1e-7938cc4ae5a1.binning_data.json,2900000,6000,63070030,75,2026-02-14 03:01:50.974,com.sec.android.app.shealth,2026-02-13 03:26:37.761,,1.459359,4232.141,206.87956,5589,yeLoKu9/uD,com.sec.android.app.shealth,0,08071f44-298d-48e8-8e1e-7938cc4ae5a1.achievement.json,08071f44-298d-48e8-8e1e-7938cc4ae5a1,2026-02-12 00:00:00.000,
63070030,15136,0e2f96a3-1f1e-486c-bbad-5f9446c5a5db.binning_data.json,7110341,6000,63070030,56,2026-02-14 10:10:38.309,com.sec.android.app.shealth,2026-02-13 10:35:51.839,0e2f96a3-1f1e-486c-bbad-5f9446c5a5db.source_info.json,1.5993406,11371.857,661.98944,15080,VfS0qUERdZ,com.sec.android.app.shealth,0,0e2f96a3-1f1e-486c-bbad-5f9446c5a5db.achievement.json,0e2f96a3-1f1e-486c-bbad-5f9446c5a5db,2026-02-13 00:00:00.000,
63070030,6952,f562dc40-f296-4326-8776-fc8c812aeb23.binning_data.json,3738128,6000,63070030,25,2026-02-15 09:04:38.625,com.sec.android.app.shealth,2026-02-14 03:01:46.807,f562dc40-f296-4326-8776-fc8c812aeb23.source_info.json,1.3907896,5198.9497,241.61327,6927,VfS0qUERdZ,com.sec.android.app.shealth,0,f562dc40-f296-4326-8776-fc8c812aeb23.achievement.json,f562dc40-f296-4326-8776-fc8c812aeb23,2026-02-14 00:00:00.000,
63070030,3708,3cac022e-e54a-4a54-a830-9f7c981254ef.binning_data.json,2181847,6000,63070030,0,2026-02-15 03:00:01.828,com.sec.android.app.shealth,2026-02-14 03:01:48.288,,1.2722061,2775.76,115.119995,3708,g1bnYRM2yN,com.sec.android.app.shealth,0,3cac022e-e54a-4a54-a830-9f7c981254ef.achievement.json,3cac022e-e54a-4a54-a830-9f7c981254ef,2026-02-14 00:00:00.000,
63070030,10267,14cb790f-08a3-4ccd-aa3d-32ef4d09b435.binning_data.json,5937861,6000,63070030,0,2026-02-14 03:01:48.337,com.sec.android.app.shealth,2026-02-14 03:01:48.337,,1.3074301,7763.3394,311.95993,10267,g1bnYRM2yN,com.sec.android.app.shealth,0,14cb790f-08a3-4ccd-aa3d-32ef4d09b435.achievement.json,14cb790f-08a3-4ccd-aa3d-32ef4d09b435,2026-02-13 00:00:00.000,
63070030,14519,9bf40802-0516-47b1-994a-0eb10fe5420f.binning_data.json,4933333,6000,63070030,69,2026-02-15 03:00:02.530,com.sec.android.app.shealth,2026-02-14 03:01:51.010,,2.199639,10851.553,706.9708,14450,yeLoKu9/uD,com.sec.android.app.shealth,0,9bf40802-0516-47b1-994a-0eb10fe5420f.achievement.json,9bf40802-0516-47b1-994a-0eb10fe5420f,2026-02-13 00:00:00.000,
63070030,6449,3a64b15f-f9cf-4bc0-8ee5-3988804a6a09.binning_data.json,3233333,6000,63070030,45,2026-02-16 03:00:04.862,com.sec.android.app.shealth,2026-02-15 03:00:02.520,,1.4883368,4812.289,236.53778,6404,yeLoKu9/uD,com.sec.android.app.shealth,0,3a64b15f-f9cf-4bc0-8ee5-3988804a6a09.achievement.json,3a64b15f-f9cf-4bc0-8ee5-3988804a6a09,2026-02-14 00:00:00.000,
63070030,12380,0cdaff95-bbc1-4dea-a3d9-84c199bb05a5.binning_data.json,5964923,6000,63070030,130,2026-02-16 03:04:18.209,com.sec.android.app.shealth,2026-02-15 09:06:34.653,0cdaff95-bbc1-4dea-a3d9-84c199bb05a5.source_info.json,1.5652577,9336.642,426.48743,12250,VfS0qUERdZ,com.sec.android.app.shealth,0,0cdaff95-bbc1-4dea-a3d9-84c199bb05a5.achievement.json,0cdaff95-bbc1-4dea-a3d9-84c199bb05a5,2026-02-15 00:00:00.000,
63070030,7685,f116e241-da33-438d-bde3-dd589e2887cf.binning_data.json,4391070,6000,63070030,68,2026-02-16 03:00:02.590,com.sec.android.app.shealth,2026-02-16 03:00:02.590,,1.3312311,5845.53,241.14,7617,g1bnYRM2yN,com.sec.android.app.shealth,0,f116e241-da33-438d-bde3-dd589e2887cf.achievement.json,f116e241-da33-438d-bde3-dd589e2887cf,2026-02-15 00:00:00.000,
63070030,10650,36dc4c55-b2c3-4248-bea1-56feafe745be.binning_data.json,4366666,6000,63070030,85,2026-02-17 03:00:05.197,com.sec.android.app.shealth,2026-02-16 03:00:04.832,,1.8267075,7976.623,382.12793,10565,yeLoKu9/uD,com.sec.android.app.shealth,0,36dc4c55-b2c3-4248-bea1-56feafe745be.achievement.json,36dc4c55-b2c3-4248-bea1-56feafe745be,2026-02-15 00:00:00.000,
63070030,7564,9a0b3b3b-4ddd-4faa-9c58-33809030ae0d.binning_data.json,4076308,6000,63070030,30,2026-02-17 11:24:14.895,com.sec.android.app.shealth,2026-02-16 03:05:26.739,9a0b3b3b-4ddd-4faa-9c58-33809030ae0d.source_info.json,1.3822343,5634.413,261.22003,7534,VfS0qUERdZ,com.sec.android.app.shealth,0,9a0b3b3b-4ddd-4faa-9c58-33809030ae0d.achievement.json,9a0b3b3b-4ddd-4faa-9c58-33809030ae0d,2026-02-16 00:00:00.000,
63070030,3110,151e8250-824c-48d0-8fc0-8ecff27119f2.binning_data.json,1845045,6000,63070030,0,2026-02-17 03:00:03.255,com.sec.android.app.shealth,2026-02-17 03:00:03.255,,1.2603048,2325.32,96.42999,3110,g1bnYRM2yN,com.sec.android.app.shealth,0,151e8250-824c-48d0-8fc0-8ecff27119f2.achievement.json,151e8250-824c-48d0-8fc0-8ecff27119f2,2026-02-16 00:00:00.000,
63070030,7129,a0e99552-c22d-4f67-a909-e5a4db51cea2.binning_data.json,3433333,6000,63070030,35,2026-02-18 03:00:05.163,com.sec.android.app.shealth,2026-02-17 03:00:05.192,,1.5474926,5313.0586,256.26898,7094,yeLoKu9/uD,com.sec.android.app.shealth,0,a0e99552-c22d-4f67-a909-e5a4db51cea2.achievement.json,a0e99552-c22d-4f67-a909-e5a4db51cea2,2026-02-16 00:00:00.000,
63070030,3615,5c460d0c-fe6f-4aad-96d6-98b603871feb.binning_data.json,2256839,6000,63070030,51,2026-02-18 09:02:59.125,com.sec.android.app.shealth,2026-02-17 13:08:40.901,5c460d0c-fe6f-4aad-96d6-98b603871feb.source_info.json,1.2007134,2709.8174,129.95335,3564,VfS0qUERdZ,com.sec.android.app.shealth,0,5c460d0c-fe6f-4aad-96d6-98b603871feb.achievement.json,5c460d0c-fe6f-4aad-96d6-98b603871feb,2026-02-17 00:00:00.000,
63070030,1097,54a2b19d-1422-4694-bd7f-0491557c9893.binning_data.json,669903,6000,63070030,18,2026-02-18 03:00:02.661,com.sec.android.app.shealth,2026-02-18 03:00:02.661,,1.2274312,822.26,35.459995,1079,g1bnYRM2yN,com.sec.android.app.shealth,0,54a2b19d-1422-4694-bd7f-0491557c9893.achievement.json,54a2b19d-1422-4694-bd7f-0491557c9893,2026-02-17 00:00:00.000,
63070030,3303,072cfada-227c-41d0-bf90-1b5ecb1576e2.binning_data.json,2066666,6000,63070030,42,2026-02-19 03:00:05.331,com.sec.android.app.shealth,2026-02-18 03:00:05.150,,1.1969951,2473.79,122.02399,3261,yeLoKu9/uD,com.sec.android.app.shealth,0,072cfada-227c-41d0-bf90-1b5ecb1576e2.achievement.json,072cfada-227c-41d0-bf90-1b5ecb1576e2,2026-02-17 00:00:00.000,
63070030,8064,1344b44a-a164-4aae-9e55-609229112593.binning_data.json,4022438,6000,63070030,45,2026-02-19 11:41:28.656,com.sec.android.app.shealth,2026-02-18 08:41:27.969,1344b44a-a164-4aae-9e55-609229112593.source_info.json,1.4787686,5948.256,281.54535,8019,VfS0qUERdZ,com.sec.android.app.shealth,0,1344b44a-a164-4aae-9e55-609229112593.achievement.json,1344b44a-a164-4aae-9e55-609229112593,2026-02-18 00:00:00.000,
63070030,4479,c7e4aff0-092b-42f6-9747-779b281f4677.binning_data.json,2808492,6000,63070030,12,2026-02-19 03:00:03.095,com.sec.android.app.shealth,2026-02-19 03:00:03.095,,1.1802416,3314.7,141.37997,4467,g1bnYRM2yN,com.sec.android.app.shealth,0,c7e4aff0-092b-42f6-9747-779b281f4677.achievement.json,c7e4aff0-092b-42f6-9747-779b281f4677,2026-02-18 00:00:00.000,
63070030,7362,25b17a89-c519-4573-a9b8-c776afdfbf57.binning_data.json,3516666,6000,63070030,57,2026-02-20 03:00:04.768,com.sec.android.app.shealth,2026-02-19 03:00:05.356,,1.5405724,5417.6797,266.30597,7305,yeLoKu9/uD,com.sec.android.app.shealth,0,25b17a89-c519-4573-a9b8-c776afdfbf57.achievement.json,25b17a89-c519-4573-a9b8-c776afdfbf57,2026-02-18 00:00:00.000,
63070030,8011,6c6e00d4-d355-4db7-b7f6-825824212c70.binning_data.json,4087941,6000,63070030,18,2026-02-20 11:08:14.358,com.sec.android.app.shealth,2026-02-19 11:20:42.979,6c6e00d4-d355-4db7-b7f6-825824212c70.source_info.json,1.4529186,5939.4473,275.71774,7993,VfS0qUERdZ,com.sec.android.app.shealth,0,6c6e00d4-d355-4db7-b7f6-825824212c70.achievement.json,6c6e00d4-d355-4db7-b7f6-825824212c70,2026-02-19 00:00:00.000,
63070030,4729,63c55fdf-5cea-4016-8dd9-dd626f144fbe.binning_data.json,2907035,6000,63070030,2,2026-02-20 03:00:02.535,com.sec.android.app.shealth,2026-02-20 03:00:02.535,,1.2065214,3507.4,145.29999,4727,g1bnYRM2yN,com.sec.android.app.shealth,0,63c55fdf-5cea-4016-8dd9-dd626f144fbe.achievement.json,63c55fdf-5cea-4016-8dd9-dd626f144fbe,2026-02-19 00:00:00.000,
63070030,6736,088823be-ae93-403f-9976-97de880c4030.binning_data.json,2783333,6000,63070030,43,2026-02-21 03:00:05.960,com.sec.android.app.shealth,2026-02-20 03:00:04.748,,1.794664,4995.1484,244.20947,6693,yeLoKu9/uD,com.sec.android.app.shealth,0,088823be-ae93-403f-9976-97de880c4030.achievement.json,088823be-ae93-403f-9976-97de880c4030,2026-02-19 00:00:00.000,
63070030,8667,51882fd3-cc7d-4ddd-aa9f-a3fb8f33f73d.binning_data.json,4344131,6000,63070030,92,2026-02-21 02:55:05.827,com.sec.android.app.shealth,2026-02-20 03:00:37.820,51882fd3-cc7d-4ddd-aa9f-a3fb8f33f73d.source_info.json,1.4964166,6500.6304,311.7407,8575,VfS0qUERdZ,com.sec.android.app.shealth,0,51882fd3-cc7d-4ddd-aa9f-a3fb8f33f73d.achievement.json,51882fd3-cc7d-4ddd-aa9f-a3fb8f33f73d,2026-02-20 00:00:00.000,
63070030,3403,c4baf280-20d1-41fa-92cb-b47274ac3718.binning_data.json,2067418,6000,63070030,0,2026-02-21 03:00:03.500,com.sec.android.app.shealth,2026-02-21 03:00:03.500,,1.2240386,2530.6,104.70999,3403,g1bnYRM2yN,com.sec.android.app.shealth,0,c4baf280-20d1-41fa-92cb-b47274ac3718.achievement.json,c4baf280-20d1-41fa-92cb-b47274ac3718,2026-02-20 00:00:00.000,
63070030,8313,ceee6de9-3ffc-4483-af75-2189aaef0182.binning_data.json,3866666,6000,63070030,92,2026-02-21 03:00:05.981,com.sec.android.app.shealth,2026-02-21 03:00:05.981,,1.6120272,6233.172,306.9662,8221,yeLoKu9/uD,com.sec.android.app.shealth,0,ceee6de9-3ffc-4483-af75-2189aaef0182.achievement.json,ceee6de9-3ffc-4483-af75-2189aaef0182,2026-02-20 00:00:00.000,
63070030,7245,2b1cf99a-63c3-4c53-9d2b-f38f505cf75f.binning_data.json,3607521,6000,63070030,55,2026-02-22 09:18:56.046,com.sec.android.app.shealth,2026-02-21 03:11:09.191,2b1cf99a-63c3-4c53-9d2b-f38f505cf75f.source_info.json,1.5111933,5451.6616,253.37698,7190,VfS0qUERdZ,com.sec.android.app.shealth,0,2b1cf99a-63c3-4c53-9d2b-f38f505cf75f.achievement.json,2b1cf99a-63c3-4c53-9d2b-f38f505cf75f,2026-02-21 00:00:00.000,
63070030,3318,413690a7-ac88-40cb-9729-775baa7f1456.binning_data.json,1904057,6000,63070030,0,2026-02-22 03:03:34.467,com.sec.android.app.shealth,2026-02-22 03:03:34.467,,1.314561,2503.0,103.03999,3318,g1bnYRM2yN,com.sec.android.app.shealth,0,413690a7-ac88-40cb-9729-775baa7f1456.achievement.json,413690a7-ac88-40cb-9729-775baa7f1456,2026-02-21 00:00:00.000,
63070030,6823,bbd4205a-a03d-4c0c-9cda-cfd7edaed7f5.binning_data.json,3250000,6000,63070030,65,2026-02-23 03:00:04.844,com.sec.android.app.shealth,2026-02-22 03:03:52.005,,1.5783378,5129.5977,244.91748,6758,yeLoKu9/uD,com.sec.android.app.shealth,0,bbd4205a-a03d-4c0c-9cda-cfd7edaed7f5.achievement.json,bbd4205a-a03d-4c0c-9cda-cfd7edaed7f5,2026-02-21 00:00:00.000,
63070030,7439,bfae704c-3678-47cd-9210-4c534a2de7ad.binning_data.json,3986293,6000,63070030,89,2026-02-23 10:11:12.743,com.sec.android.app.shealth,2026-02-22 03:19:05.970,bfae704c-3678-47cd-9210-4c534a2de7ad.source_info.json,1.4028684,5592.2456,263.58432,7350,VfS0qUERdZ,com.sec.android.app.shealth,0,bfae704c-3678-47cd-9210-4c534a2de7ad.achievement.json,bfae704c-3678-47cd-9210-4c534a2de7ad,2026-02-22 00:00:00.000,
63070030,4109,a4440555-37fa-4e74-ab2a-4f7387e0fa12.binning_data.json,2493762,6000,63070030,17,2026-02-23 03:00:02.537,com.sec.android.app.shealth,2026-02-23 03:00:02.537,,1.2341995,3077.8,130.26999,4092,g1bnYRM2yN,com.sec.android.app.shealth,0,a4440555-37fa-4e74-ab2a-4f7387e0fa12.achievement.json,a4440555-37fa-4e74-ab2a-4f7387e0fa12,2026-02-22 00:00:00.000,
63070030,6434,4d5d177c-ddb6-4bb3-8e7c-92f3b1798f0f.binning_data.json,3233333,6000,63070030,73,2026-02-24 03:00:06.545,com.sec.android.app.shealth,2026-02-23 03:00:04.833,,1.4874597,4809.453,236.16187,6361,yeLoKu9/uD,com.sec.android.app.shealth,0,4d5d177c-ddb6-4bb3-8e7c-92f3b1798f0f.achievement.json,4d5d177c-ddb6-4bb3-8e7c-92f3b1798f0f,2026-02-22 00:00:00.000,
63070030,14084,b23de459-f9dc-4867-af45-ec04d0cdf310.binning_data.json,7212399,6000,63070030,107,2026-02-24 09:07:16.208,com.sec.android.app.shealth,2026-02-23 10:00:23.122,b23de459-f9dc-4867-af45-ec04d0cdf310.source_info.json,1.4626398,10549.143,604.6522,13977,VfS0qUERdZ,com.sec.android.app.shealth,0,b23de459-f9dc-4867-af45-ec04d0cdf310.achievement.json,b23de459-f9dc-4867-af45-ec04d0cdf310,2026-02-23 00:00:00.000,
63070030,6525,a059a91d-abec-4b9a-b93b-2de212603645.binning_data.json,3740799,6000,63070030,3,2026-02-24 03:00:04.186,com.sec.android.app.shealth,2026-02-24 03:00:04.186,,1.3154514,4920.8394,199.13997,6522,g1bnYRM2yN,com.sec.android.app.shealth,0,a059a91d-abec-4b9a-b93b-2de212603645.achievement.json,a059a91d-abec-4b9a-b93b-2de212603645,2026-02-23 00:00:00.000,
63070030,13717,2bff9396-37e7-4715-a67c-3a077af8036d.binning_data.json,5799999,6000,63070030,114,2026-02-25 03:00:05.149,com.sec.android.app.shealth,2026-02-24 03:00:06.567,,1.7683864,10256.641,638.1204,13603,yeLoKu9/uD,com.sec.android.app.shealth,0,2bff9396-37e7-4715-a67c-3a077af8036d.achievement.json,2bff9396-37e7-4715-a67c-3a077af8036d,2026-02-23 00:00:00.000,
63070030,9250,b70a9965-a401-464d-80ca-1873abc6e5cf.binning_data.json,4564107,6000,63070030,45,2026-02-25 12:25:51.248,com.sec.android.app.shealth,2026-02-24 03:02:18.236,b70a9965-a401-464d-80ca-1873abc6e5cf.source_info.json,1.5117053,6899.586,319.12915,9205,VfS0qUERdZ,com.sec.android.app.shealth,0,b70a9965-a401-464d-80ca-1873abc6e5cf.achievement.json,b70a9965-a401-464d-80ca-1873abc6e5cf,2026-02-24 00:00:00.000,
63070030,5783,a8af24ce-c09d-42b1-a802-10a78688c7b7.binning_data.json,3559552,6000,63070030,0,2026-02-25 03:00:02.642,com.sec.android.app.shealth,2026-02-25 03:00:02.642,,1.2050755,4289.53,178.51999,5783,g1bnYRM2yN,com.sec.android.app.shealth,0,a8af24ce-c09d-42b1-a802-10a78688c7b7.achievement.json,a8af24ce-c09d-42b1-a802-10a78688c7b7,2026-02-24 00:00:00.000,
63070030,8424,e4613e7f-2df0-495b-ba0e-6daa95073b37.binning_data.json,3533333,6000,63070030,53,2026-02-26 03:00:10.477,com.sec.android.app.shealth,2026-02-25 03:00:05.132,,1.7776449,6281.0117,302.41333,8371,yeLoKu9/uD,com.sec.android.app.shealth,0,e4613e7f-2df0-495b-ba0e-6daa95073b37.achievement.json,e4613e7f-2df0-495b-ba0e-6daa95073b37,2026-02-24 00:00:00.000,
63070030,10152,c03e53e7-a6c2-4089-b6c9-94b18d312c52.binning_data.json,4556044,6000,63070030,81,2026-02-26 11:11:57.304,com.sec.android.app.shealth,2026-02-25 12:14:38.663,c03e53e7-a6c2-4089-b6c9-94b18d312c52.source_info.json,1.6631058,7577.1846,354.0573,10071,VfS0qUERdZ,com.sec.android.app.shealth,0,c03e53e7-a6c2-4089-b6c9-94b18d312c52.achievement.json,c03e53e7-a6c2-4089-b6c9-94b18d312c52,2026-02-25 00:00:00.000,
63070030,4969,037adbee-3c4e-4057-9280-de777a55e6ac.binning_data.json,3030650,6000,63070030,9,2026-02-26 03:00:08.022,com.sec.android.app.shealth,2026-02-26 03:00:08.022,,1.2209061,3700.14,152.70998,4960,g1bnYRM2yN,com.sec.android.app.shealth,0,037adbee-3c4e-4057-9280-de777a55e6ac.achievement.json,037adbee-3c4e-4057-9280-de777a55e6ac,2026-02-25 00:00:00.000,
63070030,9860,f9e11710-4836-4d99-b0a1-c4a43eaff055.binning_data.json,3749999,6000,63070030,83,2026-02-27 03:00:05.992,com.sec.android.app.shealth,2026-02-26 03:00:10.471,,1.960103,7350.3867,356.77173,9777,yeLoKu9/uD,com.sec.android.app.shealth,0,f9e11710-4836-4d99-b0a1-c4a43eaff055.achievement.json,f9e11710-4836-4d99-b0a1-c4a43eaff055,2026-02-25 00:00:00.000,
63070030,7442,dafa3356-e848-43fc-843c-53765fdf2f0b.binning_data.json,3772227,6000,63070030,95,2026-02-27 08:07:54.793,com.sec.android.app.shealth,2026-02-26 10:47:10.569,dafa3356-e848-43fc-843c-53765fdf2f0b.source_info.json,1.4893136,5618.0303,257.8807,7347,VfS0qUERdZ,com.sec.android.app.shealth,0,dafa3356-e848-43fc-843c-53765fdf2f0b.achievement.json,dafa3356-e848-43fc-843c-53765fdf2f0b,2026-02-26 00:00:00.000,
63070030,3918,b3399172-3854-422c-80cb-e6755bf4b2f3.binning_data.json,2330851,6000,63070030,10,2026-02-27 03:00:03.225,com.sec.android.app.shealth,2026-02-27 03:00:03.225,,1.2618481,2941.18,120.829994,3908,g1bnYRM2yN,com.sec.android.app.shealth,0,b3399172-3854-422c-80cb-e6755bf4b2f3.achievement.json,b3399172-3854-422c-80cb-e6755bf4b2f3,2026-02-26 00:00:00.000,
63070030,6867,13b91015-8148-4d0f-b1ab-4473d8debb36.binning_data.json,2916666,6000,63070030,88,2026-02-28 03:00:07.088,com.sec.android.app.shealth,2026-02-27 03:00:05.985,,1.7754563,5178.414,249.34766,6779,yeLoKu9/uD,com.sec.android.app.shealth,0,13b91015-8148-4d0f-b1ab-4473d8debb36.achievement.json,13b91015-8148-4d0f-b1ab-4473d8debb36,2026-02-26 00:00:00.000,
63070030,5768,9b2e0d5e-8a8b-4fe2-92d8-193ffd26fb97.binning_data.json,3350639,6000,63070030,31,2026-02-28 03:20:07.026,com.sec.android.app.shealth,2026-02-27 03:11:48.309,9b2e0d5e-8a8b-4fe2-92d8-193ffd26fb97.source_info.json,1.2821219,4295.9277,198.39539,5737,VfS0qUERdZ,com.sec.android.app.shealth,0,9b2e0d5e-8a8b-4fe2-92d8-193ffd26fb97.achievement.json,9b2e0d5e-8a8b-4fe2-92d8-193ffd26fb97,2026-02-27 00:00:00.000,
63070030,3335,492c10f8-7998-4f86-b65e-649880e9aa61.binning_data.json,2054016,6000,63070030,0,2026-02-28 03:00:04.051,com.sec.android.app.shealth,2026-02-28 03:00:04.051,,1.2026095,2470.1802,103.04999,3335,g1bnYRM2yN,com.sec.android.app.shealth,0,492c10f8-7998-4f86-b65e-649880e9aa61.achievement.json,492c10f8-7998-4f86-b65e-649880e9aa61,2026-02-27 00:00:00.000,
63070030,5387,c9cfa58a-59df-4ad0-99c5-8f055a8498ec.binning_data.json,2749999,6000,63070030,36,2026-03-01 03:01:37.875,com.sec.android.app.shealth,2026-02-28 03:00:07.143,,1.461284,4018.5312,194.1123,5351,yeLoKu9/uD,com.sec.android.app.shealth,0,c9cfa58a-59df-4ad0-99c5-8f055a8498ec.achievement.json,c9cfa58a-59df-4ad0-99c5-8f055a8498ec,2026-02-27 00:00:00.000,
63070030,11078,0fe14141-2f8b-4dfb-84af-064b6cea52c0.binning_data.json,6020215,6000,63070030,71,2026-03-01 16:29:24.363,com.sec.android.app.shealth,2026-02-28 03:11:41.900,0fe14141-2f8b-4dfb-84af-064b6cea52c0.source_info.json,1.3783482,8297.954,367.24136,11007,VfS0qUERdZ,com.sec.android.app.shealth,0,0fe14141-2f8b-4dfb-84af-064b6cea52c0.achievement.json,0fe14141-2f8b-4dfb-84af-064b6cea52c0,2026-02-28 00:00:00.000,
63070030,3124,464ee37c-e881-40f4-942e-d42e40ce6ed5.binning_data.json,1693673,6000,63070030,16,2026-03-02 04:04:59.646,com.sec.android.app.shealth,2026-03-01 03:01:25.133,464ee37c-e881-40f4-942e-d42e40ce6ed5.source_info.json,1.3755512,2329.735,107.79663,3108,VfS0qUERdZ,com.sec.android.app.shealth,0,464ee37c-e881-40f4-942e-d42e40ce6ed5.achievement.json,464ee37c-e881-40f4-942e-d42e40ce6ed5,2026-03-01 00:00:00.000,
63070030,1819,e7c43e9d-cdf2-40bf-80ca-89ee462c9e0c.binning_data.json,1093534,6000,63070030,0,2026-03-02 03:00:08.431,com.sec.android.app.shealth,2026-03-01 03:01:33.439,,1.2431431,1359.4199,56.36999,1819,g1bnYRM2yN,com.sec.android.app.shealth,0,e7c43e9d-cdf2-40bf-80ca-89ee462c9e0c.achievement.json,e7c43e9d-cdf2-40bf-80ca-89ee462c9e0c,2026-03-01 00:00:00.000,
63070030,8566,918c1739-5ed1-43e5-aa40-e067b3ab0a81.binning_data.json,5188342,6000,63070030,30,2026-03-01 03:01:34.557,com.sec.android.app.shealth,2026-03-01 03:01:34.557,,1.2356104,6410.77,265.12,8536,g1bnYRM2yN,com.sec.android.app.shealth,0,918c1739-5ed1-43e5-aa40-e067b3ab0a81.achievement.json,918c1739-5ed1-43e5-aa40-e067b3ab0a81,2026-02-28 00:00:00.000,
63070030,8854,4411cfed-5b0a-4da2-8467-8471355a795d.binning_data.json,3450000,6000,63070030,44,2026-03-02 03:00:22.686,com.sec.android.app.shealth,2026-03-01 03:01:37.609,,1.8940216,6534.375,317.82007,8810,yeLoKu9/uD,com.sec.android.app.shealth,0,4411cfed-5b0a-4da2-8467-8471355a795d.achievement.json,4411cfed-5b0a-4da2-8467-8471355a795d,2026-02-28 00:00:00.000,
63070030,2729,1ab805a3-8f42-4d6c-9039-bf24cac615d2.binning_data.json,1349999,6000,63070030,16,2026-03-03 03:00:05.069,com.sec.android.app.shealth,2026-03-02 03:00:22.653,,1.5072358,2034.7683,98.022026,2713,yeLoKu9/uD,com.sec.android.app.shealth,0,1ab805a3-8f42-4d6c-9039-bf24cac615d2.achievement.json,1ab805a3-8f42-4d6c-9039-bf24cac615d2,2026-03-01 00:00:00.000,
63070030,8149,0571474d-0f75-4465-a30f-39ea98464445.binning_data.json,4449011,6000,63070030,98,2026-03-03 04:58:27.058,com.sec.android.app.shealth,2026-03-02 12:00:47.969,0571474d-0f75-4465-a30f-39ea98464445.source_info.json,1.3776479,6129.172,280.00937,8051,VfS0qUERdZ,com.sec.android.app.shealth,0,0571474d-0f75-4465-a30f-39ea98464445.achievement.json,0571474d-0f75-4465-a30f-39ea98464445,2026-03-02 00:00:00.000,
63070030,4034,e81fd71d-864f-47d3-9d76-9d83ad298117.binning_data.json,2401027,6000,63070030,0,2026-03-03 03:00:02.365,com.sec.android.app.shealth,2026-03-03 03:00:02.365,,1.2576492,3019.65,124.01999,4034,g1bnYRM2yN,com.sec.android.app.shealth,0,e81fd71d-864f-47d3-9d76-9d83ad298117.achievement.json,e81fd71d-864f-47d3-9d76-9d83ad298117,2026-03-02 00:00:00.000,
63070030,7368,5bc82385-582d-4a27-b76e-a47101c80a10.binning_data.json,3450000,6000,63070030,105,2026-03-04 03:54:08.297,com.sec.android.app.shealth,2026-03-03 03:00:05.060,,1.608742,5550.1597,263.7824,7263,yeLoKu9/uD,com.sec.android.app.shealth,0,5bc82385-582d-4a27-b76e-a47101c80a10.achievement.json,5bc82385-582d-4a27-b76e-a47101c80a10,2026-03-02 00:00:00.000,
63070030,7421,fb02db6f-90b8-4158-9c06-ac39b013f1a6.binning_data.json,3931345,6000,63070030,78,2026-03-04 10:54:27.718,com.sec.android.app.shealth,2026-03-03 03:04:40.777,fb02db6f-90b8-4158-9c06-ac39b013f1a6.source_info.json,1.4122099,5551.8857,255.6972,7343,VfS0qUERdZ,com.sec.android.app.shealth,0,fb02db6f-90b8-4158-9c06-ac39b013f1a6.achievement.json,fb02db6f-90b8-4158-9c06-ac39b013f1a6,2026-03-03 00:00:00.000,
63070030,3839,5c5537cc-84f2-482c-86c7-604fdaa8f40a.binning_data.json,2313500,6000,63070030,0,2026-03-04 03:54:04.760,com.sec.android.app.shealth,2026-03-04 03:54:04.760,,1.2394894,2867.56,117.369995,3839,g1bnYRM2yN,com.sec.android.app.shealth,0,5c5537cc-84f2-482c-86c7-604fdaa8f40a.achievement.json,5c5537cc-84f2-482c-86c7-604fdaa8f40a,2026-03-03 00:00:00.000,
63070030,6878,95c8af7a-d979-4261-87ea-388a73a144cd.binning_data.json,3049999,6000,63110130,92,2026-03-05 03:00:06.418,com.sec.android.app.shealth,2026-03-04 03:54:08.175,,1.6830136,5133.1914,250.02109,6786,yeLoKu9/uD,com.sec.android.app.shealth,0,95c8af7a-d979-4261-87ea-388a73a144cd.achievement.json,95c8af7a-d979-4261-87ea-388a73a144cd,2026-03-03 00:00:00.000,
63070030,11862,a386845f-1099-4a8e-b799-f1702bb0e66e.binning_data.json,5518116,6000,63110130,47,2026-03-05 12:24:38.639,com.sec.android.app.shealth,2026-03-04 10:42:05.069,a386845f-1099-4a8e-b799-f1702bb0e66e.source_info.json,1.608626,8876.586,400.4817,11815,VfS0qUERdZ,com.sec.android.app.shealth,0,a386845f-1099-4a8e-b799-f1702bb0e66e.achievement.json,a386845f-1099-4a8e-b799-f1702bb0e66e,2026-03-04 00:00:00.000,
63110130,8503,36dc68dc-1932-4858-86ff-d0fd220f86b8.binning_data.json,4982527,6000,63110130,4,2026-03-05 03:00:03.362,com.sec.android.app.shealth,2026-03-05 03:00:03.362,,1.2791178,6373.2397,258.91998,8499,g1bnYRM2yN,com.sec.android.app.shealth,0,36dc68dc-1932-4858-86ff-d0fd220f86b8.achievement.json,36dc68dc-1932-4858-86ff-d0fd220f86b8,2026-03-04 00:00:00.000,
63110130,11241,544a925b-5faf-40cf-bf86-4d670182dc9f.binning_data.json,3766666,6000,63110130,57,2026-03-06 03:00:38.911,com.sec.android.app.shealth,2026-03-05 03:00:06.409,,2.2259676,8384.479,401.42157,11184,yeLoKu9/uD,com.sec.android.app.shealth,0,544a925b-5faf-40cf-bf86-4d670182dc9f.achievement.json,544a925b-5faf-40cf-bf86-4d670182dc9f,2026-03-04 00:00:00.000,
63110130,7437,aa6cbdde-df95-4ee2-8c7b-2840b56ee745.binning_data.json,3546927,6000,63110130,12,2026-03-06 13:40:25.531,com.sec.android.app.shealth,2026-03-05 12:26:11.523,aa6cbdde-df95-4ee2-8c7b-2840b56ee745.source_info.json,1.5693314,5566.304,248.78882,7425,VfS0qUERdZ,com.sec.android.app.shealth,0,aa6cbdde-df95-4ee2-8c7b-2840b56ee745.achievement.json,aa6cbdde-df95-4ee2-8c7b-2840b56ee745,2026-03-05 00:00:00.000,
63110130,5394,f977d9a4-5657-4a6c-a97b-6f20cca2d824.binning_data.json,3158603,6000,63110130,0,2026-03-06 03:00:32.612,com.sec.android.app.shealth,2026-03-06 03:00:32.612,,1.2803347,4044.07,164.59999,5394,g1bnYRM2yN,com.sec.android.app.shealth,0,f977d9a4-5657-4a6c-a97b-6f20cca2d824.achievement.json,f977d9a4-5657-4a6c-a97b-6f20cca2d824,2026-03-05 00:00:00.000,
63110130,7051,e375bf98-b275-4bb3-9a35-d17befe86b21.binning_data.json,2500000,6000,63110130,24,2026-03-07 03:52:03.587,com.sec.android.app.shealth,2026-03-06 03:00:39.077,,2.1071656,5267.914,251.4867,7027,yeLoKu9/uD,com.sec.android.app.shealth,0,e375bf98-b275-4bb3-9a35-d17befe86b21.achievement.json,e375bf98-b275-4bb3-9a35-d17befe86b21,2026-03-05 00:00:00.000,
63110130,6183,5614cb17-10ab-4b40-8a2d-ff38f1492d6c.binning_data.json,2907150,6000,63110130,31,2026-03-07 02:44:58.350,com.sec.android.app.shealth,2026-03-06 03:19:53.062,5614cb17-10ab-4b40-8a2d-ff38f1492d6c.source_info.json,1.588869,4619.081,209.4529,6152,VfS0qUERdZ,com.sec.android.app.shealth,0,5614cb17-10ab-4b40-8a2d-ff38f1492d6c.achievement.json,5614cb17-10ab-4b40-8a2d-ff38f1492d6c,2026-03-06 00:00:00.000,
63110130,3967,50ee4167-97d0-4d53-895f-a7dac52c898a.binning_data.json,2360341,6000,63110130,0,2026-03-07 03:51:59.253,com.sec.android.app.shealth,2026-03-07 03:51:59.253,,1.2560596,2964.73,121.229996,3967,g1bnYRM2yN,com.sec.android.app.shealth,0,50ee4167-97d0-4d53-895f-a7dac52c898a.achievement.json,50ee4167-97d0-4d53-895f-a7dac52c898a,2026-03-06 00:00:00.000,
63110130,5459,05d70655-30c1-477f-8fb1-59489fa484e6.binning_data.json,2016666,6000,63110130,31,2026-03-08 03:57:05.296,com.sec.android.app.shealth,2026-03-07 03:52:03.617,,2.020385,4074.4429,193.81409,5428,yeLoKu9/uD,com.sec.android.app.shealth,0,05d70655-30c1-477f-8fb1-59489fa484e6.achievement.json,05d70655-30c1-477f-8fb1-59489fa484e6,2026-03-06 00:00:00.000,
63110130,6741,20c6baa2-63e8-4863-ab3b-f9bae7b38e81.binning_data.json,3826904,6000,63110130,50,2026-03-08 02:54:19.705,com.sec.android.app.shealth,2026-03-07 10:38:32.317,20c6baa2-63e8-4863-ab3b-f9bae7b38e81.source_info.json,1.3142796,5029.6216,234.02171,6691,VfS0qUERdZ,com.sec.android.app.shealth,0,20c6baa2-63e8-4863-ab3b-f9bae7b38e81.achievement.json,20c6baa2-63e8-4863-ab3b-f9bae7b38e81,2026-03-07 00:00:00.000,
63110130,4231,0e80f8c9-dddd-4d41-bc13-41f51316f2b3.binning_data.json,2559912,6000,63110130,20,2026-03-08 03:56:51.478,com.sec.android.app.shealth,2026-03-08 03:56:51.478,,1.2327609,3155.76,133.37,4211,g1bnYRM2yN,com.sec.android.app.shealth,0,0e80f8c9-dddd-4d41-bc13-41f51316f2b3.achievement.json,0e80f8c9-dddd-4d41-bc13-41f51316f2b3,2026-03-07 00:00:00.000,
63110130,5773,14037066-1c70-44d1-9e30-97dec68eb70a.binning_data.json,3166666,6000,63110130,45,2026-03-08 03:57:05.257,com.sec.android.app.shealth,2026-03-08 03:57:05.257,,1.3605064,4308.2705,208.49869,5728,yeLoKu9/uD,com.sec.android.app.shealth,0,14037066-1c70-44d1-9e30-97dec68eb70a.achievement.json,14037066-1c70-44d1-9e30-97dec68eb70a,2026-03-07 00:00:00.000,
63110130,7235,85ebede9-1907-459a-a128-bb244fac4490.binning_data.json,4087863,6000,63110130,38,2026-03-09 11:27:55.629,com.sec.android.app.shealth,2026-03-08 09:04:52.486,85ebede9-1907-459a-a128-bb244fac4490.source_info.json,1.320495,5398.004,248.48294,7197,VfS0qUERdZ,com.sec.android.app.shealth,0,85ebede9-1907-459a-a128-bb244fac4490.achievement.json,85ebede9-1907-459a-a128-bb244fac4490,2026-03-08 00:00:00.000,
63110130,4328,5710be7c-c289-4851-9b59-d18267049edf.binning_data.json,2611790,6000,63110130,2,2026-03-09 03:00:08.392,com.sec.android.app.shealth,2026-03-09 03:00:08.392,,1.2335486,3221.77,133.65,4326,g1bnYRM2yN,com.sec.android.app.shealth,0,5710be7c-c289-4851-9b59-d18267049edf.achievement.json,5710be7c-c289-4851-9b59-d18267049edf,2026-03-08 00:00:00.000,
63110130,6673,73779fe8-5fe6-42d5-a5a4-67a82f525fc3.binning_data.json,3300000,6000,63110130,36,2026-03-10 03:00:05.065,com.sec.android.app.shealth,2026-03-09 03:00:10.868,,1.5040122,4963.24,239.36462,6637,yeLoKu9/uD,com.sec.android.app.shealth,0,73779fe8-5fe6-42d5-a5a4-67a82f525fc3.achievement.json,73779fe8-5fe6-42d5-a5a4-67a82f525fc3,2026-03-08 00:00:00.000,
63110130,8045,3ff34cef-b6b3-4614-bf41-6b73a01c328b.binning_data.json,3989655,6000,63110130,42,2026-03-10 11:18:21.506,com.sec.android.app.shealth,2026-03-09 03:02:08.613,3ff34cef-b6b3-4614-bf41-6b73a01c328b.source_info.json,1.501395,5990.049,284.72235,8003,VfS0qUERdZ,com.sec.android.app.shealth,0,3ff34cef-b6b3-4614-bf41-6b73a01c328b.achievement.json,3ff34cef-b6b3-4614-bf41-6b73a01c328b,2026-03-09 00:00:00.000,
63110130,2909,0b40e80d-adff-4d81-966d-02229ebad4b0.binning_data.json,1810321,6000,63110130,0,2026-03-10 03:00:02.669,com.sec.android.app.shealth,2026-03-10 03:00:02.669,,1.1900815,2154.43,90.299995,2909,g1bnYRM2yN,com.sec.android.app.shealth,0,0b40e80d-adff-4d81-966d-02229ebad4b0.achievement.json,0b40e80d-adff-4d81-966d-02229ebad4b0,2026-03-09 00:00:00.000,
63110130,7715,1878ff72-6c40-494f-a84c-35d13b8201a3.binning_data.json,3733333,6000,63110130,42,2026-03-11 03:00:05.850,com.sec.android.app.shealth,2026-03-10 03:00:05.085,,1.5370888,5738.465,276.9129,7673,yeLoKu9/uD,com.sec.android.app.shealth,0,1878ff72-6c40-494f-a84c-35d13b8201a3.achievement.json,1878ff72-6c40-494f-a84c-35d13b8201a3,2026-03-09 00:00:00.000,
63110130,7966,695a00c7-2135-4e40-87f9-fcf687058d1f.binning_data.json,3990798,6000,63110130,15,2026-03-11 09:46:28.696,com.sec.android.app.shealth,2026-03-10 09:45:15.478,695a00c7-2135-4e40-87f9-fcf687058d1f.source_info.json,1.479614,5904.842,277.9223,7951,VfS0qUERdZ,com.sec.android.app.shealth,0,695a00c7-2135-4e40-87f9-fcf687058d1f.achievement.json,695a00c7-2135-4e40-87f9-fcf687058d1f,2026-03-10 00:00:00.000,
63110130,4095,b211f0da-b450-4176-a5b2-e0e800a41512.binning_data.json,2578163,6000,63110130,2,2026-03-11 03:00:03.197,com.sec.android.app.shealth,2026-03-11 03:00:03.197,,1.1734982,3025.47,127.07999,4093,g1bnYRM2yN,com.sec.android.app.shealth,0,b211f0da-b450-4176-a5b2-e0e800a41512.achievement.json,b211f0da-b450-4176-a5b2-e0e800a41512,2026-03-10 00:00:00.000,
63110130,7470,17c3b597-e010-4455-810d-13dca4f2965b.binning_data.json,3299999,6000,63110130,13,2026-03-12 03:00:06.953,com.sec.android.app.shealth,2026-03-11 03:00:05.873,,1.6746058,5526.199,268.8598,7457,yeLoKu9/uD,com.sec.android.app.shealth,0,17c3b597-e010-4455-810d-13dca4f2965b.achievement.json,17c3b597-e010-4455-810d-13dca4f2965b,2026-03-10 00:00:00.000,
63110130,6850,8a1cc620-d67c-4693-bab0-dad7d532f816.binning_data.json,3613107,6000,63110130,37,2026-03-12 03:11:09.790,com.sec.android.app.shealth,2026-03-11 12:58:30.445,8a1cc620-d67c-4693-bab0-dad7d532f816.source_info.json,1.4081981,5087.9707,235.7938,6813,VfS0qUERdZ,com.sec.android.app.shealth,0,8a1cc620-d67c-4693-bab0-dad7d532f816.achievement.json,8a1cc620-d67c-4693-bab0-dad7d532f816,2026-03-11 00:00:00.000,
63110130,4094,f9507eba-8359-48a2-b6ec-72de0f8e9387.binning_data.json,2566548,6000,63110130,1,2026-03-12 03:00:04.156,com.sec.android.app.shealth,2026-03-12 03:00:04.156,,1.1766189,3019.8499,127.12998,4093,g1bnYRM2yN,com.sec.android.app.shealth,0,f9507eba-8359-48a2-b6ec-72de0f8e9387.achievement.json,f9507eba-8359-48a2-b6ec-72de0f8e9387,2026-03-11 00:00:00.000,
63110130,6136,93b59bde-db64-4c5f-80e1-1d308841eb73.binning_data.json,2933333,6000,63110130,38,2026-03-13 03:10:24.055,com.sec.android.app.shealth,2026-03-12 03:00:07.004,,1.5524683,4553.9067,220.41856,6098,yeLoKu9/uD,com.sec.android.app.shealth,0,93b59bde-db64-4c5f-80e1-1d308841eb73.achievement.json,93b59bde-db64-4c5f-80e1-1d308841eb73,2026-03-11 00:00:00.000,
63110130,11804,22fac207-515c-4e62-8b34-fd1c00f3430a.binning_data.json,5969602,6000,63110130,1122,2026-03-13 03:13:30.544,com.sec.android.app.shealth,2026-03-12 03:07:15.585,22fac207-515c-4e62-8b34-fd1c00f3430a.source_info.json,1.60755,9596.435,436.41412,10682,VfS0qUERdZ,com.sec.android.app.shealth,0,22fac207-515c-4e62-8b34-fd1c00f3430a.achievement.json,22fac207-515c-4e62-8b34-fd1c00f3430a,2026-03-12 00:00:00.000,
63110130,8228,98dc3e42-b1fe-4575-a6d9-f3954112dd5f.binning_data.json,4230096,6000,63110130,26,2026-03-14 10:50:47.290,com.sec.android.app.shealth,2026-03-13 03:10:00.731,98dc3e42-b1fe-4575-a6d9-f3954112dd5f.source_info.json,1.4456568,6115.267,282.585,8202,VfS0qUERdZ,com.sec.android.app.shealth,0,98dc3e42-b1fe-4575-a6d9-f3954112dd5f.achievement.json,98dc3e42-b1fe-4575-a6d9-f3954112dd5f,2026-03-13 00:00:00.000,
63110130,5688,64e76322-5519-4d1f-9db8-7049b893be13.binning_data.json,3496762,6000,63110130,5,2026-03-14 03:00:03.741,com.sec.android.app.shealth,2026-03-13 03:10:18.712,,1.2085981,4226.18,175.22997,5683,g1bnYRM2yN,com.sec.android.app.shealth,0,64e76322-5519-4d1f-9db8-7049b893be13.achievement.json,64e76322-5519-4d1f-9db8-7049b893be13,2026-03-13 00:00:00.000,
63110130,8845,ef12ea4b-f4b7-4aa2-a21e-f4637144c3a5.binning_data.json,4352803,6000,63110130,1091,2026-03-13 03:10:18.762,com.sec.android.app.shealth,2026-03-13 03:10:18.762,,1.6948984,7377.56,324.47998,7754,g1bnYRM2yN,com.sec.android.app.shealth,0,ef12ea4b-f4b7-4aa2-a21e-f4637144c3a5.achievement.json,ef12ea4b-f4b7-4aa2-a21e-f4637144c3a5,2026-03-12 00:00:00.000,
63110130,5099,3840c9b9-a975-4f99-9362-e3aba38d3110.binning_data.json,2716666,6000,63110130,35,2026-03-14 03:00:06.004,com.sec.android.app.shealth,2026-03-13 03:10:24.073,,1.4070668,3822.5317,182.9603,5064,yeLoKu9/uD,com.sec.android.app.shealth,0,3840c9b9-a975-4f99-9362-e3aba38d3110.achievement.json,3840c9b9-a975-4f99-9362-e3aba38d3110,2026-03-12 00:00:00.000,
63110130,7660,c2461c58-6e16-4d55-88e5-01f9080fe2c4.binning_data.json,3266666,6000,63110130,37,2026-03-15 03:00:19.933,com.sec.android.app.shealth,2026-03-14 03:00:06.081,,1.7352921,5668.6206,277.00113,7623,yeLoKu9/uD,com.sec.android.app.shealth,0,c2461c58-6e16-4d55-88e5-01f9080fe2c4.achievement.json,c2461c58-6e16-4d55-88e5-01f9080fe2c4,2026-03-13 00:00:00.000,
63110130,9391,9653a8ee-adcd-49ab-a505-e5f81f15abf4.binning_data.json,4965090,6000,63110130,71,2026-03-15 03:04:13.840,com.sec.android.app.shealth,2026-03-14 10:50:45.684,9653a8ee-adcd-49ab-a505-e5f81f15abf4.source_info.json,1.416436,7032.7324,336.58978,9320,VfS0qUERdZ,com.sec.android.app.shealth,0,9653a8ee-adcd-49ab-a505-e5f81f15abf4.achievement.json,9653a8ee-adcd-49ab-a505-e5f81f15abf4,2026-03-14 00:00:00.000,
63110130,4422,7ea1c6eb-d6b8-4b68-9c3c-433e758ba6b9.binning_data.json,2662795,6000,63110130,3,2026-03-15 03:00:04.785,com.sec.android.app.shealth,2026-03-15 03:00:04.785,,1.2374287,3295.0198,137.34,4419,g1bnYRM2yN,com.sec.android.app.shealth,0,7ea1c6eb-d6b8-4b68-9c3c-433e758ba6b9.achievement.json,7ea1c6eb-d6b8-4b68-9c3c-433e758ba6b9,2026-03-14 00:00:00.000,
63110130,8959,665c47c0-dc1b-4130-8388-2152a71658e2.binning_data.json,4350000,6000,63110130,71,2026-03-16 03:00:46.180,com.sec.android.app.shealth,2026-03-15 03:00:19.615,,1.5402685,6700.168,332.2685,8888,yeLoKu9/uD,com.sec.android.app.shealth,0,665c47c0-dc1b-4130-8388-2152a71658e2.achievement.json,665c47c0-dc1b-4130-8388-2152a71658e2,2026-03-14 00:00:00.000,
63110130,6413,3a971fc9-0ba4-4067-9717-7bf04b57fc80.binning_data.json,3779182,6000,63110130,30,2026-03-16 03:39:15.315,com.sec.android.app.shealth,2026-03-15 03:04:13.083,3a971fc9-0ba4-4067-9717-7bf04b57fc80.source_info.json,1.266042,4784.604,224.78218,6383,VfS0qUERdZ,com.sec.android.app.shealth,0,3a971fc9-0ba4-4067-9717-7bf04b57fc80.achievement.json,3a971fc9-0ba4-4067-9717-7bf04b57fc80,2026-03-15 00:00:00.000,
63110130,1952,dd5074ee-de39-4e8c-899d-fa9b418b1cef.binning_data.json,1225846,6000,63110130,0,2026-03-16 03:00:35.426,com.sec.android.app.shealth,2026-03-16 03:00:35.426,,1.174266,1439.47,61.489994,1952,g1bnYRM2yN,com.sec.android.app.shealth,0,dd5074ee-de39-4e8c-899d-fa9b418b1cef.achievement.json,dd5074ee-de39-4e8c-899d-fa9b418b1cef,2026-03-15 00:00:00.000,
63110130,6033,f6c07a58-7186-4bdc-b6d7-c30576000f07.binning_data.json,3516666,6000,63110130,33,2026-03-17 03:00:05.947,com.sec.android.app.shealth,2026-03-16 03:00:45.505,,1.2792771,4498.791,216.5462,6000,yeLoKu9/uD,com.sec.android.app.shealth,0,f6c07a58-7186-4bdc-b6d7-c30576000f07.achievement.json,f6c07a58-7186-4bdc-b6d7-c30576000f07,2026-03-15 00:00:00.000,
63110130,8885,1141d993-2fdc-4c54-bc9b-e782ea2d4dd6.binning_data.json,4480148,6000,63110130,42,2026-03-17 11:09:53.282,com.sec.android.app.shealth,2026-03-16 03:22:23.386,1141d993-2fdc-4c54-bc9b-e782ea2d4dd6.source_info.json,1.4835576,6646.558,309.57617,8843,VfS0qUERdZ,com.sec.android.app.shealth,0,1141d993-2fdc-4c54-bc9b-e782ea2d4dd6.achievement.json,1141d993-2fdc-4c54-bc9b-e782ea2d4dd6,2026-03-16 00:00:00.000,
63110130,3536,d3cf285c-92e0-41ef-8e3e-e6c6ffc3ab88.binning_data.json,2168810,6000,63110130,0,2026-03-17 03:00:03.322,com.sec.android.app.shealth,2026-03-17 03:00:03.322,,1.2082433,2620.45,108.549995,3536,g1bnYRM2yN,com.sec.android.app.shealth,0,d3cf285c-92e0-41ef-8e3e-e6c6ffc3ab88.achievement.json,d3cf285c-92e0-41ef-8e3e-e6c6ffc3ab88,2026-03-16 00:00:00.000,
63110130,8356,3cc0908a-01ab-455d-8b38-e8a5b0d2abd6.binning_data.json,3816666,6000,63110130,46,2026-03-18 03:00:06.541,com.sec.android.app.shealth,2026-03-17 03:00:05.934,,1.6360117,6244.1113,300.95044,8310,yeLoKu9/uD,com.sec.android.app.shealth,0,3cc0908a-01ab-455d-8b38-e8a5b0d2abd6.achievement.json,3cc0908a-01ab-455d-8b38-e8a5b0d2abd6,2026-03-16 00:00:00.000,
63110130,6983,f3c0111e-e079-484c-b96c-a69b58ed034c.binning_data.json,3415502,6000,63110130,48,2026-03-18 11:36:08.257,com.sec.android.app.shealth,2026-03-17 11:36:00.988,f3c0111e-e079-484c-b96c-a69b58ed034c.source_info.json,1.522211,5199.115,244.90424,6935,VfS0qUERdZ,com.sec.android.app.shealth,0,f3c0111e-e079-484c-b96c-a69b58ed034c.achievement.json,f3c0111e-e079-484c-b96c-a69b58ed034c,2026-03-17 00:00:00.000,
63110130,3313,a580db2a-7d50-404b-9a20-3e6b4100d8a5.binning_data.json,2084197,6000,63110130,0,2026-03-18 03:00:03.990,com.sec.android.app.shealth,2026-03-18 03:00:03.990,,1.1723216,2443.35,101.749985,3313,g1bnYRM2yN,com.sec.android.app.shealth,0,a580db2a-7d50-404b-9a20-3e6b4100d8a5.achievement.json,a580db2a-7d50-404b-9a20-3e6b4100d8a5,2026-03-17 00:00:00.000,
63110130,6307,f165bf5a-ae75-4dde-b58a-eb3f91447efc.binning_data.json,2750000,6000,63110130,48,2026-03-19 03:06:57.583,com.sec.android.app.shealth,2026-03-18 03:00:06.585,,1.7071018,4694.53,229.17444,6259,yeLoKu9/uD,com.sec.android.app.shealth,0,f165bf5a-ae75-4dde-b58a-eb3f91447efc.achievement.json,f165bf5a-ae75-4dde-b58a-eb3f91447efc,2026-03-17 00:00:00.000,
63110130,5736,1e386371-1998-43bc-b71a-dc15307f934f.binning_data.json,2915290,6000,63110130,33,2026-03-19 03:24:09.224,com.sec.android.app.shealth,2026-03-18 11:11:06.216,1e386371-1998-43bc-b71a-dc15307f934f.source_info.json,1.4642673,4268.764,199.00645,5703,VfS0qUERdZ,com.sec.android.app.shealth,0,1e386371-1998-43bc-b71a-dc15307f934f.achievement.json,1e386371-1998-43bc-b71a-dc15307f934f,2026-03-18 00:00:00.000,
63110130,2582,6c461980-17e0-41b5-af3c-a864d04fb987.binning_data.json,1579957,6000,63110130,2,2026-03-19 03:06:51.945,com.sec.android.app.shealth,2026-03-19 03:06:51.945,,1.2120073,1914.9199,79.56999,2580,g1bnYRM2yN,com.sec.android.app.shealth,0,6c461980-17e0-41b5-af3c-a864d04fb987.achievement.json,6c461980-17e0-41b5-af3c-a864d04fb987,2026-03-18 00:00:00.000,
63110130,5299,b623c76a-da6f-4c58-9f34-37aea2c1e3da.binning_data.json,2383333,6000,63110130,31,2026-03-20 03:00:05.654,com.sec.android.app.shealth,2026-03-19 03:06:57.608,,1.6498547,3932.1533,190.36528,5268,yeLoKu9/uD,com.sec.android.app.shealth,0,b623c76a-da6f-4c58-9f34-37aea2c1e3da.achievement.json,b623c76a-da6f-4c58-9f34-37aea2c1e3da,2026-03-18 00:00:00.000,
63110130,6803,9f2dfd72-2aed-482e-a282-c1ab8d8ce437.binning_data.json,3309420,6000,63110130,37,2026-03-20 10:56:18.178,com.sec.android.app.shealth,2026-03-19 03:13:38.189,9f2dfd72-2aed-482e-a282-c1ab8d8ce437.source_info.json,1.5421112,5103.4937,238.13867,6766,VfS0qUERdZ,com.sec.android.app.shealth,0,9f2dfd72-2aed-482e-a282-c1ab8d8ce437.achievement.json,9f2dfd72-2aed-482e-a282-c1ab8d8ce437,2026-03-19 00:00:00.000,
63110130,3876,8784b5b8-7055-4989-977e-c4a4f1fa4504.binning_data.json,2469475,6000,63110130,3,2026-03-20 03:00:03.496,com.sec.android.app.shealth,2026-03-20 03:00:03.496,,1.155812,2854.25,120.06,3873,g1bnYRM2yN,com.sec.android.app.shealth,0,8784b5b8-7055-4989-977e-c4a4f1fa4504.achievement.json,8784b5b8-7055-4989-977e-c4a4f1fa4504,2026-03-19 00:00:00.000,
63110130,6400,42535fa9-692f-4da7-9a07-306a155735e9.binning_data.json,2816666,6000,63110130,45,2026-03-21 03:00:07.129,com.sec.android.app.shealth,2026-03-20 03:00:05.645,,1.707105,4808.3457,232.14047,6355,yeLoKu9/uD,com.sec.android.app.shealth,0,42535fa9-692f-4da7-9a07-306a155735e9.achievement.json,42535fa9-692f-4da7-9a07-306a155735e9,2026-03-19 00:00:00.000,
63110130,5473,b695564d-12fb-4e32-a499-bd1e09b2c341.binning_data.json,2738390,6000,63110130,48,2026-03-21 10:05:22.970,com.sec.android.app.shealth,2026-03-20 10:50:37.035,b695564d-12fb-4e32-a499-bd1e09b2c341.source_info.json,1.4952885,4094.683,193.42989,5425,VfS0qUERdZ,com.sec.android.app.shealth,0,b695564d-12fb-4e32-a499-bd1e09b2c341.achievement.json,b695564d-12fb-4e32-a499-bd1e09b2c341,2026-03-20 00:00:00.000,
63110130,2941,8eaa1492-af5b-46dc-b1e7-268b6e0273b6.binning_data.json,1803277,6000,63110130,7,2026-03-21 03:00:03.739,com.sec.android.app.shealth,2026-03-21 03:00:03.739,,1.2120988,2185.75,91.31999,2934,g1bnYRM2yN,com.sec.android.app.shealth,0,8eaa1492-af5b-46dc-b1e7-268b6e0273b6.achievement.json,8eaa1492-af5b-46dc-b1e7-268b6e0273b6,2026-03-20 00:00:00.000,
63110130,5084,6863af07-ea94-477e-9d5c-c0bc173f90be.binning_data.json,2266666,6000,63110130,49,2026-03-22 03:00:06.711,com.sec.android.app.shealth,2026-03-21 03:00:07.120,,1.6766024,3800.2988,186.09296,5035,yeLoKu9/uD,com.sec.android.app.shealth,0,6863af07-ea94-477e-9d5c-c0bc173f90be.achievement.json,6863af07-ea94-477e-9d5c-c0bc173f90be,2026-03-20 00:00:00.000,
63110130,10678,c90f3e57-4b27-469c-92eb-c9b8fdf2bdc3.binning_data.json,5427462,6000,63110130,65,2026-03-22 10:20:33.275,com.sec.android.app.shealth,2026-03-21 03:02:22.026,c90f3e57-4b27-469c-92eb-c9b8fdf2bdc3.source_info.json,1.4614567,7932.0015,370.42258,10613,VfS0qUERdZ,com.sec.android.app.shealth,0,c90f3e57-4b27-469c-92eb-c9b8fdf2bdc3.achievement.json,c90f3e57-4b27-469c-92eb-c9b8fdf2bdc3,2026-03-21 00:00:00.000,
63110130,4949,85b6c019-11de-4fc1-9d7e-7c1cbff05685.binning_data.json,3008167,6000,63110130,17,2026-03-22 03:00:04.080,com.sec.android.app.shealth,2026-03-22 03:00:04.080,,1.2306925,3702.13,154.98999,4932,g1bnYRM2yN,com.sec.android.app.shealth,0,85b6c019-11de-4fc1-9d7e-7c1cbff05685.achievement.json,85b6c019-11de-4fc1-9d7e-7c1cbff05685,2026-03-21 00:00:00.000,
63110130,9054,8a087079-5a16-47ef-a372-096844c216a6.binning_data.json,4066666,6000,63110130,77,2026-03-23 03:00:06.187,com.sec.android.app.shealth,2026-03-22 03:00:06.705,,1.6449524,6689.473,326.89554,8977,yeLoKu9/uD,com.sec.android.app.shealth,0,8a087079-5a16-47ef-a372-096844c216a6.achievement.json,8a087079-5a16-47ef-a372-096844c216a6,2026-03-21 00:00:00.000,
63110130,7157,6deec308-ebaa-420b-b8c7-04750218874c.binning_data.json,4064337,6000,63110130,22,2026-03-23 13:16:02.991,com.sec.android.app.shealth,2026-03-22 03:18:47.172,6deec308-ebaa-420b-b8c7-04750218874c.source_info.json,1.3075224,5314.2124,246.87166,7135,VfS0qUERdZ,com.sec.android.app.shealth,0,6deec308-ebaa-420b-b8c7-04750218874c.achievement.json,6deec308-ebaa-420b-b8c7-04750218874c,2026-03-22 00:00:00.000,
63110130,3639,bf553c2f-6e7d-4f29-a2dd-a08fb8e4ca46.binning_data.json,2246996,6000,63110130,0,2026-03-23 03:00:30.343,com.sec.android.app.shealth,2026-03-23 03:00:03.376,,1.2020581,2701.02,112.88999,3639,g1bnYRM2yN,com.sec.android.app.shealth,0,bf553c2f-6e7d-4f29-a2dd-a08fb8e4ca46.achievement.json,bf553c2f-6e7d-4f29-a2dd-a08fb8e4ca46,2026-03-22 00:00:00.000,
63110130,6510,fe6685e4-2632-49f6-b3a4-31bb86c0ecb0.binning_data.json,3266666,6000,63110130,22,2026-03-24 03:00:06.250,com.sec.android.app.shealth,2026-03-23 03:00:06.171,,1.4788888,4831.036,235.21677,6488,yeLoKu9/uD,com.sec.android.app.shealth,0,fe6685e4-2632-49f6-b3a4-31bb86c0ecb0.achievement.json,fe6685e4-2632-49f6-b3a4-31bb86c0ecb0,2026-03-22 00:00:00.000,
63110130,10022,4970ab5a-2428-4b4f-989d-ee23b5c21845.binning_data.json,4785051,6000,63110130,55,2026-03-24 03:09:24.882,com.sec.android.app.shealth,2026-03-23 10:15:15.971,4970ab5a-2428-4b4f-989d-ee23b5c21845.source_info.json,1.5751742,7537.289,344.84073,9967,VfS0qUERdZ,com.sec.android.app.shealth,0,4970ab5a-2428-4b4f-989d-ee23b5c21845.achievement.json,4970ab5a-2428-4b4f-989d-ee23b5c21845,2026-03-23 00:00:00.000,
63110130,5924,dc84aa48-3cb2-4ec1-a9bf-73a56e0c957f.binning_data.json,3458938,6000,63110130,24,2026-03-24 03:00:03.604,com.sec.android.app.shealth,2026-03-24 03:00:03.604,,1.2907891,4464.76,182.65997,5900,g1bnYRM2yN,com.sec.android.app.shealth,0,dc84aa48-3cb2-4ec1-a9bf-73a56e0c957f.achievement.json,dc84aa48-3cb2-4ec1-a9bf-73a56e0c957f,2026-03-23 00:00:00.000,
63110130,9521,2808ffec-c7f3-407f-90db-a0c39ec2743c.binning_data.json,3566666,6000,63110130,53,2026-03-25 03:00:06.555,com.sec.android.app.shealth,2026-03-24 03:00:06.233,,2.0021942,7141.159,341.95496,9468,yeLoKu9/uD,com.sec.android.app.shealth,0,2808ffec-c7f3-407f-90db-a0c39ec2743c.achievement.json,2808ffec-c7f3-407f-90db-a0c39ec2743c,2026-03-23 00:00:00.000,
63110130,7997,56bc14e8-0a9d-419b-bd8e-1dc896f4aea7.binning_data.json,4166876,6000,63110130,86,2026-03-25 09:28:19.518,com.sec.android.app.shealth,2026-03-24 03:05:51.579,56bc14e8-0a9d-419b-bd8e-1dc896f4aea7.source_info.json,1.4320117,5967.0156,280.23206,7911,VfS0qUERdZ,com.sec.android.app.shealth,0,56bc14e8-0a9d-419b-bd8e-1dc896f4aea7.achievement.json,56bc14e8-0a9d-419b-bd8e-1dc896f4aea7,2026-03-24 00:00:00.000,
63110130,3667,ddfa3990-0491-467a-8d4c-1bc404527027.binning_data.json,2302529,6000,63110130,5,2026-03-25 03:00:03.783,com.sec.android.app.shealth,2026-03-25 03:00:03.783,,1.1806798,2718.55,113.94999,3662,g1bnYRM2yN,com.sec.android.app.shealth,0,ddfa3990-0491-467a-8d4c-1bc404527027.achievement.json,ddfa3990-0491-467a-8d4c-1bc404527027,2026-03-24 00:00:00.000,
63110130,7339,fa147f0a-2a19-4c0a-bac1-809a59f805ac.binning_data.json,3433333,6000,63110130,82,2026-03-26 03:00:08.977,com.sec.android.app.shealth,2026-03-25 03:00:06.577,,1.5909859,5462.385,264.89523,7257,yeLoKu9/uD,com.sec.android.app.shealth,0,fa147f0a-2a19-4c0a-bac1-809a59f805ac.achievement.json,fa147f0a-2a19-4c0a-bac1-809a59f805ac,2026-03-24 00:00:00.000,
63110130,6142,ee1d99ce-c5cf-4941-b6a6-e06bffb29f04.binning_data.json,3274277,6000,63110130,102,2026-03-26 11:52:38.181,com.sec.android.app.shealth,2026-03-25 09:28:17.961,ee1d99ce-c5cf-4941-b6a6-e06bffb29f04.source_info.json,1.41113,4620.4316,217.30215,6040,VfS0qUERdZ,com.sec.android.app.shealth,0,ee1d99ce-c5cf-4941-b6a6-e06bffb29f04.achievement.json,ee1d99ce-c5cf-4941-b6a6-e06bffb29f04,2026-03-25 00:00:00.000,
63110130,3233,29aa4c95-ed77-4b30-af76-c41fe2f8066c.binning_data.json,1988978,6000,63110130,39,2026-03-26 03:00:05.465,com.sec.android.app.shealth,2026-03-26 03:00:05.465,,1.2190276,2424.62,102.43998,3194,g1bnYRM2yN,com.sec.android.app.shealth,0,29aa4c95-ed77-4b30-af76-c41fe2f8066c.achievement.json,29aa4c95-ed77-4b30-af76-c41fe2f8066c,2026-03-25 00:00:00.000,
63110130,5632,bccff6a2-e589-4028-8504-dba69fb08724.binning_data.json,2633333,6000,63110130,63,2026-03-27 03:40:07.757,com.sec.android.app.shealth,2026-03-26 03:00:08.963,,1.5913951,4190.674,205.63324,5569,yeLoKu9/uD,com.sec.android.app.shealth,0,bccff6a2-e589-4028-8504-dba69fb08724.achievement.json,bccff6a2-e589-4028-8504-dba69fb08724,2026-03-25 00:00:00.000,
63110130,6541,86d1ac46-fd96-4857-a2c3-752f192e4c11.binning_data.json,3232847,6000,63110130,61,2026-03-27 11:45:32.297,com.sec.android.app.shealth,2026-03-26 11:40:02.419,86d1ac46-fd96-4857-a2c3-752f192e4c11.source_info.json,1.5135411,4893.0474,232.10426,6480,VfS0qUERdZ,com.sec.android.app.shealth,0,86d1ac46-fd96-4857-a2c3-752f192e4c11.achievement.json,86d1ac46-fd96-4857-a2c3-752f192e4c11,2026-03-26 00:00:00.000,
63110130,2953,3c393e0c-3e54-4673-acc3-cd68f43f5b92.binning_data.json,1871196,6000,63110130,9,2026-03-27 03:40:01.681,com.sec.android.app.shealth,2026-03-27 03:40:01.681,,1.1670285,2183.74,91.479996,2944,g1bnYRM2yN,com.sec.android.app.shealth,0,3c393e0c-3e54-4673-acc3-cd68f43f5b92.achievement.json,3c393e0c-3e54-4673-acc3-cd68f43f5b92,2026-03-26 00:00:00.000,
63110130,6227,2d70135a-b6d8-4234-a46e-92bf918f7482.binning_data.json,2883333,6000,63130130,58,2026-03-28 03:53:06.674,com.sec.android.app.shealth,2026-03-27 03:40:07.745,,1.6119392,4647.758,225.55981,6169,yeLoKu9/uD,com.sec.android.app.shealth,0,2d70135a-b6d8-4234-a46e-92bf918f7482.achievement.json,2d70135a-b6d8-4234-a46e-92bf918f7482,2026-03-26 00:00:00.000,
63110130,6936,9fe14e8b-20c1-4b36-b3ce-b63a78dde838.binning_data.json,3549025,6000,63130130,115,2026-03-28 02:33:54.848,com.sec.android.app.shealth,2026-03-27 12:50:12.323,9fe14e8b-20c1-4b36-b3ce-b63a78dde838.source_info.json,1.4743822,5232.62,247.57849,6821,VfS0qUERdZ,com.sec.android.app.shealth,0,9fe14e8b-20c1-4b36-b3ce-b63a78dde838.achievement.json,9fe14e8b-20c1-4b36-b3ce-b63a78dde838,2026-03-27 00:00:00.000,
63130130,2834,f7c7ae77-5917-4c7d-97c9-d3029975e674.binning_data.json,1708837,6000,63130130,32,2026-03-28 03:52:59.741,com.sec.android.app.shealth,2026-03-28 03:52:59.741,,1.2638237,2159.6702,90.859985,2802,g1bnYRM2yN,com.sec.android.app.shealth,0,f7c7ae77-5917-4c7d-97c9-d3029975e674.achievement.json,f7c7ae77-5917-4c7d-97c9-d3029975e674,2026-03-27 00:00:00.000,
63130130,6378,28cf6b83-a4fd-463c-b387-f7bc47400512.binning_data.json,2966666,6000,63130130,83,2026-03-29 03:00:14.055,com.sec.android.app.shealth,2026-03-28 03:53:06.731,,1.6035154,4757.0957,231.19238,6295,yeLoKu9/uD,com.sec.android.app.shealth,0,28cf6b83-a4fd-463c-b387-f7bc47400512.achievement.json,28cf6b83-a4fd-463c-b387-f7bc47400512,2026-03-27 00:00:00.000,
63130130,9453,7039bb98-f675-41b0-b140-633149abaa62.binning_data.json,5270132,6000,63130130,77,2026-03-29 10:29:33.020,com.sec.android.app.shealth,2026-03-28 10:55:00.754,7039bb98-f675-41b0-b140-633149abaa62.source_info.json,1.3363522,7042.754,325.81247,9376,VfS0qUERdZ,com.sec.android.app.shealth,0,7039bb98-f675-41b0-b140-633149abaa62.achievement.json,7039bb98-f675-41b0-b140-633149abaa62,2026-03-28 00:00:00.000,
63130130,6109,60d5c01c-a6c1-430a-ae21-fd53609bfe26.binning_data.json,3745789,6000,63130130,9,2026-03-29 03:00:05.720,com.sec.android.app.shealth,2026-03-29 03:00:05.720,,1.2126362,4542.28,190.65,6100,g1bnYRM2yN,com.sec.android.app.shealth,0,60d5c01c-a6c1-430a-ae21-fd53609bfe26.achievement.json,60d5c01c-a6c1-430a-ae21-fd53609bfe26,2026-03-28 00:00:00.000,
63130130,8229,e2e39adb-eba2-45e4-8c12-bb6812223d20.binning_data.json,4150000,6000,63130130,87,2026-03-30 03:00:25.853,com.sec.android.app.shealth,2026-03-29 03:00:13.401,,1.4747026,6120.0156,298.276,8142,yeLoKu9/uD,com.sec.android.app.shealth,0,e2e39adb-eba2-45e4-8c12-bb6812223d20.achievement.json,e2e39adb-eba2-45e4-8c12-bb6812223d20,2026-03-28 00:00:00.000,
63130130,9428,4036d1c8-2219-40f3-9622-4702f122518e.binning_data.json,5013808,6000,63130130,76,2026-03-30 11:59:02.268,com.sec.android.app.shealth,2026-03-29 03:11:23.767,4036d1c8-2219-40f3-9622-4702f122518e.source_info.json,1.4070158,7054.508,324.12494,9352,VfS0qUERdZ,com.sec.android.app.shealth,0,4036d1c8-2219-40f3-9622-4702f122518e.achievement.json,4036d1c8-2219-40f3-9622-4702f122518e,2026-03-29 00:00:00.000,
63130130,5294,892c5d9a-0047-4dcf-bb5c-5fb00e140ec1.binning_data.json,3054195,6000,63130130,12,2026-03-30 03:00:09.066,com.sec.android.app.shealth,2026-03-30 03:00:09.066,,1.3050637,3985.9197,164.42998,5282,g1bnYRM2yN,com.sec.android.app.shealth,0,892c5d9a-0047-4dcf-bb5c-5fb00e140ec1.achievement.json,892c5d9a-0047-4dcf-bb5c-5fb00e140ec1,2026-03-29 00:00:00.000,
63130130,8292,65474147-5102-4901-aae3-24fa8913c220.binning_data.json,3999999,6000,63130130,96,2026-03-31 03:00:09.676,com.sec.android.app.shealth,2026-03-30 03:00:25.913,,1.5455204,6182.082,301.31226,8196,yeLoKu9/uD,com.sec.android.app.shealth,0,65474147-5102-4901-aae3-24fa8913c220.achievement.json,65474147-5102-4901-aae3-24fa8913c220,2026-03-29 00:00:00.000,
63130130,9896,d6e47ca5-fa62-4afa-b18a-cabc0ed9b44b.binning_data.json,4927907,6000,63130130,64,2026-03-31 03:08:44.173,com.sec.android.app.shealth,2026-03-30 03:01:45.309,d6e47ca5-fa62-4afa-b18a-cabc0ed9b44b.source_info.json,1.4903362,7344.239,346.87454,9832,VfS0qUERdZ,com.sec.android.app.shealth,0,d6e47ca5-fa62-4afa-b18a-cabc0ed9b44b.achievement.json,d6e47ca5-fa62-4afa-b18a-cabc0ed9b44b,2026-03-30 00:00:00.000,
63130130,4704,1a060663-8d99-42c1-b213-3ee54279409b.binning_data.json,2947988,6000,63130130,4,2026-03-31 03:00:05.756,com.sec.android.app.shealth,2026-03-31 03:00:05.756,,1.1781898,3473.29,145.82999,4700,g1bnYRM2yN,com.sec.android.app.shealth,0,1a060663-8d99-42c1-b213-3ee54279409b.achievement.json,1a060663-8d99-42c1-b213-3ee54279409b,2026-03-30 00:00:00.000,
63130130,9086,890a758f-d22f-45c2-ab3a-ce2aa1e7a4b5.binning_data.json,4166666,6000,63130130,65,2026-04-01 03:00:07.196,com.sec.android.app.shealth,2026-03-31 03:00:09.724,,1.6158291,6732.621,327.63086,9021,yeLoKu9/uD,com.sec.android.app.shealth,0,890a758f-d22f-45c2-ab3a-ce2aa1e7a4b5.achievement.json,890a758f-d22f-45c2-ab3a-ce2aa1e7a4b5,2026-03-30 00:00:00.000,
63130130,7472,3b183694-0771-4d0d-aa8f-a8b8b7c9755b.binning_data.json,3955072,6000,63130130,31,2026-04-01 08:44:56.658,com.sec.android.app.shealth,2026-03-31 03:07:36.475,3b183694-0771-4d0d-aa8f-a8b8b7c9755b.source_info.json,1.4109577,5580.4395,264.00342,7441,VfS0qUERdZ,com.sec.android.app.shealth,0,3b183694-0771-4d0d-aa8f-a8b8b7c9755b.achievement.json,3b183694-0771-4d0d-aa8f-a8b8b7c9755b,2026-03-31 00:00:00.000,
63130130,3726,dcba722e-929c-481c-bfeb-a94262a8425f.binning_data.json,2376679,6000,63130130,10,2026-04-01 03:00:04.132,com.sec.android.app.shealth,2026-04-01 03:00:04.132,,1.1641452,2766.8,117.43999,3716,g1bnYRM2yN,com.sec.android.app.shealth,0,dcba722e-929c-481c-bfeb-a94262a8425f.achievement.json,dcba722e-929c-481c-bfeb-a94262a8425f,2026-03-31 00:00:00.000,
63130130,7236,04b809a6-42d2-4551-abc7-e3e587e17963.binning_data.json,3516666,6000,63130130,23,2026-04-02 03:50:55.806,com.sec.android.app.shealth,2026-04-01 03:00:07.218,,1.5278851,5373.0625,260.21606,7213,yeLoKu9/uD,com.sec.android.app.shealth,0,04b809a6-42d2-4551-abc7-e3e587e17963.achievement.json,04b809a6-42d2-4551-abc7-e3e587e17963,2026-03-31 00:00:00.000,
63130130,7260,c058cbaa-4f0c-4410-9c2c-f16fa0374500.binning_data.json,3522099,6000,63130130,7,2026-04-02 12:37:08.242,com.sec.android.app.shealth,2026-04-01 10:55:51.716,c058cbaa-4f0c-4410-9c2c-f16fa0374500.source_info.json,1.5264182,5376.196,251.19543,7253,VfS0qUERdZ,com.sec.android.app.shealth,0,c058cbaa-4f0c-4410-9c2c-f16fa0374500.achievement.json,c058cbaa-4f0c-4410-9c2c-f16fa0374500,2026-04-01 00:00:00.000,
63130130,3243,998fda8a-2d79-443a-9e24-6a038170dacd.binning_data.json,2020233,6000,63130130,1,2026-04-02 03:50:46.137,com.sec.android.app.shealth,2026-04-02 03:50:46.137,,1.185373,2394.73,100.18999,3242,g1bnYRM2yN,com.sec.android.app.shealth,0,998fda8a-2d79-443a-9e24-6a038170dacd.achievement.json,998fda8a-2d79-443a-9e24-6a038170dacd,2026-04-01 00:00:00.000,
63130130,6685,d06ad381-a61c-4e92-b6c9-03448f18d786.binning_data.json,2933333,6000,63130130,6,2026-04-03 03:25:15.220,com.sec.android.app.shealth,2026-04-02 03:50:55.801,,1.6858563,4945.1787,237.34625,6679,yeLoKu9/uD,com.sec.android.app.shealth,0,d06ad381-a61c-4e92-b6c9-03448f18d786.achievement.json,d06ad381-a61c-4e92-b6c9-03448f18d786,2026-04-01 00:00:00.000,
63130130,8678,8a189451-751f-4f3c-8776-be3df564ef56.binning_data.json,4869720,6000,63130130,59,2026-04-03 07:35:55.556,com.sec.android.app.shealth,2026-04-02 12:21:32.226,8a189451-751f-4f3c-8776-be3df564ef56.source_info.json,1.3254522,6454.582,307.56155,8619,VfS0qUERdZ,com.sec.android.app.shealth,0,8a189451-751f-4f3c-8776-be3df564ef56.achievement.json,8a189451-751f-4f3c-8776-be3df564ef56,2026-04-02 00:00:00.000,
63130130,3042,fe223eed-05b7-4921-99a8-e93fd77d35f2.binning_data.json,1865287,6000,63130130,0,2026-04-03 03:24:52.029,com.sec.android.app.shealth,2026-04-03 03:24:52.029,,1.209996,2256.99,95.1,3042,g1bnYRM2yN,com.sec.android.app.shealth,0,fe223eed-05b7-4921-99a8-e93fd77d35f2.achievement.json,fe223eed-05b7-4921-99a8-e93fd77d35f2,2026-04-02 00:00:00.000,
63130130,8195,0b50b046-0de2-42c1-9d79-a152f1145c0a.binning_data.json,4533333,6000,63130130,59,2026-04-04 03:00:11.347,com.sec.android.app.shealth,2026-04-03 03:25:15.242,,1.3461016,6102.327,296.5923,8136,yeLoKu9/uD,com.sec.android.app.shealth,0,0b50b046-0de2-42c1-9d79-a152f1145c0a.achievement.json,0b50b046-0de2-42c1-9d79-a152f1145c0a,2026-04-02 00:00:00.000,
63130130,9679,915de485-d9d2-4f6c-a4c0-021e0a387d19.binning_data.json,5223520,6000,63130130,17,2026-04-04 13:47:00.881,com.sec.android.app.shealth,2026-04-03 07:27:16.084,915de485-d9d2-4f6c-a4c0-021e0a387d19.source_info.json,1.3677402,7144.4194,332.6855,9662,VfS0qUERdZ,com.sec.android.app.shealth,0,915de485-d9d2-4f6c-a4c0-021e0a387d19.achievement.json,915de485-d9d2-4f6c-a4c0-021e0a387d19,2026-04-03 00:00:00.000,
63130130,6664,e56708b2-00f0-46df-a92f-468f08b9ef34.binning_data.json,4264478,6000,63130130,0,2026-04-04 03:00:31.426,com.sec.android.app.shealth,2026-04-04 03:00:04.934,,1.1493572,4901.41,207.44,6664,g1bnYRM2yN,com.sec.android.app.shealth,0,e56708b2-00f0-46df-a92f-468f08b9ef34.achievement.json,e56708b2-00f0-46df-a92f-468f08b9ef34,2026-04-03 00:00:00.000,
63130130,8166,d41b0add-6d7b-49bd-8065-6279391a128f.binning_data.json,3816666,6000,63130130,17,2026-04-05 03:00:20.385,com.sec.android.app.shealth,2026-04-04 03:00:11.372,,1.5837007,6044.457,293.89227,8149,yeLoKu9/uD,com.sec.android.app.shealth,0,d41b0add-6d7b-49bd-8065-6279391a128f.achievement.json,d41b0add-6d7b-49bd-8065-6279391a128f,2026-04-03 00:00:00.000,
63130130,8497,1026f12e-b5a8-4c44-9d3c-3e5dcd80dea9.binning_data.json,4398901,6000,63130130,63,2026-04-05 02:42:13.863,com.sec.android.app.shealth,2026-04-04 03:00:18.998,1026f12e-b5a8-4c44-9d3c-3e5dcd80dea9.source_info.json,1.4452264,6357.4077,293.03104,8434,VfS0qUERdZ,com.sec.android.app.shealth,0,1026f12e-b5a8-4c44-9d3c-3e5dcd80dea9.achievement.json,1026f12e-b5a8-4c44-9d3c-3e5dcd80dea9,2026-04-04 00:00:00.000,
63130130,4216,f7b3000d-853e-43c5-b85e-0c5fb58fa648.binning_data.json,2411557,6000,63130130,0,2026-04-05 03:00:07.191,com.sec.android.app.shealth,2026-04-04 03:00:30.804,,1.3187119,3180.15,129.31999,4216,g1bnYRM2yN,com.sec.android.app.shealth,0,f7b3000d-853e-43c5-b85e-0c5fb58fa648.achievement.json,f7b3000d-853e-43c5-b85e-0c5fb58fa648,2026-04-04 00:00:00.000,
63130130,8057,f3fd41a8-79fa-4589-bd63-9413012661c7.binning_data.json,3333333,6000,63130130,63,2026-04-05 03:00:20.377,com.sec.android.app.shealth,2026-04-05 03:00:20.377,,1.8010974,6003.658,293.586,7994,yeLoKu9/uD,com.sec.android.app.shealth,0,f3fd41a8-79fa-4589-bd63-9413012661c7.achievement.json,f3fd41a8-79fa-4589-bd63-9413012661c7,2026-04-04 00:00:00.000,
63130130,10580,c58d8592-b079-4fa7-9657-072a1d557432.binning_data.json,5915025,6000,63130130,101,2026-04-06 11:45:29.184,com.sec.android.app.shealth,2026-04-05 03:39:54.305,c58d8592-b079-4fa7-9657-072a1d557432.source_info.json,1.3421047,7938.583,363.63766,10479,VfS0qUERdZ,com.sec.android.app.shealth,0,c58d8592-b079-4fa7-9657-072a1d557432.achievement.json,c58d8592-b079-4fa7-9657-072a1d557432,2026-04-05 00:00:00.000,
63130130,5582,fcde7dc1-0e3d-47dc-98a6-8deba9ee8878.binning_data.json,3353362,6000,63130130,6,2026-04-06 03:00:03.921,com.sec.android.app.shealth,2026-04-06 03:00:03.921,,1.2441479,4172.0796,172.39996,5576,g1bnYRM2yN,com.sec.android.app.shealth,0,fcde7dc1-0e3d-47dc-98a6-8deba9ee8878.achievement.json,fcde7dc1-0e3d-47dc-98a6-8deba9ee8878,2026-04-05 00:00:00.000,
63130130,8408,69248c1c-dcb3-4c7d-ac45-50a1345c51f0.binning_data.json,4216666,6000,63130130,100,2026-04-07 03:50:43.611,com.sec.android.app.shealth,2026-04-06 03:00:06.629,,1.4969296,6312.0537,304.8292,8308,yeLoKu9/uD,com.sec.android.app.shealth,0,69248c1c-dcb3-4c7d-ac45-50a1345c51f0.achievement.json,69248c1c-dcb3-4c7d-ac45-50a1345c51f0,2026-04-05 00:00:00.000,
63130130,10683,aff514fd-9429-497f-a014-0171b60ecfe8.binning_data.json,5588454,6000,63130130,74,2026-04-07 11:21:45.148,com.sec.android.app.shealth,2026-04-06 11:31:51.146,aff514fd-9429-497f-a014-0171b60ecfe8.source_info.json,1.4168276,7917.876,372.3771,10609,VfS0qUERdZ,com.sec.android.app.shealth,0,aff514fd-9429-497f-a014-0171b60ecfe8.achievement.json,aff514fd-9429-497f-a014-0171b60ecfe8,2026-04-06 00:00:00.000,
63130130,5214,5050fff4-2a94-49c5-a168-2afc881d2a45.binning_data.json,3349039,6000,63130130,0,2026-04-07 03:47:03.505,com.sec.android.app.shealth,2026-04-07 03:47:03.505,,1.1428918,3827.59,161.32997,5214,g1bnYRM2yN,com.sec.android.app.shealth,0,5050fff4-2a94-49c5-a168-2afc881d2a45.achievement.json,5050fff4-2a94-49c5-a168-2afc881d2a45,2026-04-06 00:00:00.000,
63130130,10106,402effd2-34dc-44ab-85ee-158984183fb1.binning_data.json,4600000,6000,63130130,74,2026-04-08 03:00:06.283,com.sec.android.app.shealth,2026-04-07 03:50:43.981,,1.6275011,7486.505,364.52637,10032,yeLoKu9/uD,com.sec.android.app.shealth,0,402effd2-34dc-44ab-85ee-158984183fb1.achievement.json,402effd2-34dc-44ab-85ee-158984183fb1,2026-04-06 00:00:00.000,
63130130,8009,def17b29-7e5c-4ce4-a724-aa33c86b4427.binning_data.json,4074676,6000,63130130,62,2026-04-08 10:22:21.178,com.sec.android.app.shealth,2026-04-07 10:00:19.161,def17b29-7e5c-4ce4-a724-aa33c86b4427.source_info.json,1.4686153,5984.132,282.2675,7947,VfS0qUERdZ,com.sec.android.app.shealth,0,def17b29-7e5c-4ce4-a724-aa33c86b4427.achievement.json,def17b29-7e5c-4ce4-a724-aa33c86b4427,2026-04-07 00:00:00.000,
63130130,2606,582d05c5-6a47-47bd-8b22-5014df9e88ea.binning_data.json,1626811,6000,63130130,0,2026-04-08 03:00:03.678,com.sec.android.app.shealth,2026-04-08 03:00:03.678,,1.1812124,1921.61,80.28999,2606,g1bnYRM2yN,com.sec.android.app.shealth,0,582d05c5-6a47-47bd-8b22-5014df9e88ea.achievement.json,582d05c5-6a47-47bd-8b22-5014df9e88ea,2026-04-07 00:00:00.000,
63130130,7668,462ddf1f-849f-487c-bc5a-cbcb29d33535.binning_data.json,3683333,6000,63130130,64,2026-04-09 03:00:06.442,com.sec.android.app.shealth,2026-04-08 03:00:06.271,,1.5572358,5735.8184,275.5005,7604,yeLoKu9/uD,com.sec.android.app.shealth,0,462ddf1f-849f-487c-bc5a-cbcb29d33535.achievement.json,462ddf1f-849f-487c-bc5a-cbcb29d33535,2026-04-07 00:00:00.000,
63130130,8373,c1fc2441-85fe-4a8a-9c06-aec1cd72bd8c.binning_data.json,4321608,6000,63130130,62,2026-04-09 10:39:53.636,com.sec.android.app.shealth,2026-04-08 10:21:21.306,c1fc2441-85fe-4a8a-9c06-aec1cd72bd8c.source_info.json,1.4451578,6245.4067,289.0601,8311,VfS0qUERdZ,com.sec.android.app.shealth,0,c1fc2441-85fe-4a8a-9c06-aec1cd72bd8c.achievement.json,c1fc2441-85fe-4a8a-9c06-aec1cd72bd8c,2026-04-08 00:00:00.000,
63130130,5151,0786e4be-7f8c-4dd2-82c2-4d876ed9cc9f.binning_data.json,3163856,6000,63130130,0,2026-04-09 03:00:03.903,com.sec.android.app.shealth,2026-04-09 03:00:03.903,,1.2073017,3819.73,159.05998,5151,g1bnYRM2yN,com.sec.android.app.shealth,0,0786e4be-7f8c-4dd2-82c2-4d876ed9cc9f.achievement.json,0786e4be-7f8c-4dd2-82c2-4d876ed9cc9f,2026-04-08 00:00:00.000,
63130130,7917,1a3c392a-4d70-47bd-b901-622f31131bca.binning_data.json,3583333,6000,63130130,62,2026-04-10 03:00:16.303,com.sec.android.app.shealth,2026-04-09 03:00:06.434,,1.647727,5904.3555,285.67358,7855,yeLoKu9/uD,com.sec.android.app.shealth,0,1a3c392a-4d70-47bd-b901-622f31131bca.achievement.json,1a3c392a-4d70-47bd-b901-622f31131bca,2026-04-08 00:00:00.000,
63130130,9284,f5b383ed-8b0e-4c60-a68c-f3b355b89e61.binning_data.json,4637763,6000,63130130,65,2026-04-10 07:11:00.278,com.sec.android.app.shealth,2026-04-09 13:08:42.446,f5b383ed-8b0e-4c60-a68c-f3b355b89e61.source_info.json,1.4961343,6938.7173,322.38568,9219,VfS0qUERdZ,com.sec.android.app.shealth,0,f5b383ed-8b0e-4c60-a68c-f3b355b89e61.achievement.json,f5b383ed-8b0e-4c60-a68c-f3b355b89e61,2026-04-09 00:00:00.000,
63130130,4056,d3a109ff-6096-44a6-9f65-b27224264391.binning_data.json,2529338,6000,63130130,4,2026-04-10 03:00:13.652,com.sec.android.app.shealth,2026-04-10 03:00:13.652,,1.1876072,3003.8599,125.039986,4052,g1bnYRM2yN,com.sec.android.app.shealth,0,d3a109ff-6096-44a6-9f65-b27224264391.achievement.json,d3a109ff-6096-44a6-9f65-b27224264391,2026-04-09 00:00:00.000,
63130130,8707,d4736455-be75-42ca-a500-aa85f965d2c7.binning_data.json,3666666,6000,63130130,80,2026-04-11 03:56:00.475,com.sec.android.app.shealth,2026-04-10 03:00:16.288,,1.7733313,6502.215,314.8158,8627,yeLoKu9/uD,com.sec.android.app.shealth,0,d4736455-be75-42ca-a500-aa85f965d2c7.achievement.json,d4736455-be75-42ca-a500-aa85f965d2c7,2026-04-09 00:00:00.000,
63130130,9220,66b53dab-db8d-45ca-b7b2-706344387e40.binning_data.json,4972935,6000,63130130,103,2026-04-11 11:26:39.703,com.sec.android.app.shealth,2026-04-10 09:07:34.775,66b53dab-db8d-45ca-b7b2-706344387e40.source_info.json,1.3883164,6904.008,413.15457,9117,VfS0qUERdZ,com.sec.android.app.shealth,0,66b53dab-db8d-45ca-b7b2-706344387e40.achievement.json,66b53dab-db8d-45ca-b7b2-706344387e40,2026-04-10 00:00:00.000,
63130130,4950,e98387f5-f35f-4843-9878-d46bf128f536.binning_data.json,2999350,6000,63130130,28,2026-04-11 03:55:51.553,com.sec.android.app.shealth,2026-04-11 03:55:51.553,,1.2381314,3713.5898,155.80998,4922,g1bnYRM2yN,com.sec.android.app.shealth,0,e98387f5-f35f-4843-9878-d46bf128f536.achievement.json,e98387f5-f35f-4843-9878-d46bf128f536,2026-04-10 00:00:00.000,
63130130,8296,595bc69c-59d0-4c3e-b528-ad3dc5c221e0.binning_data.json,4033333,6000,63130130,110,2026-04-12 03:02:20.377,com.sec.android.app.shealth,2026-04-11 03:56:00.878,,1.5281928,6163.711,424.8491,8186,yeLoKu9/uD,com.sec.android.app.shealth,0,595bc69c-59d0-4c3e-b528-ad3dc5c221e0.achievement.json,595bc69c-59d0-4c3e-b528-ad3dc5c221e0,2026-04-10 00:00:00.000,
63130130,7800,53db8802-d6d9-412e-83b3-e21f40e15330.binning_data.json,4255883,6000,63130130,54,2026-04-12 03:02:20.054,com.sec.android.app.shealth,2026-04-11 11:02:16.547,53db8802-d6d9-412e-83b3-e21f40e15330.source_info.json,1.3541404,5763.0625,271.17233,7746,VfS0qUERdZ,com.sec.android.app.shealth,0,53db8802-d6d9-412e-83b3-e21f40e15330.achievement.json,53db8802-d6d9-412e-83b3-e21f40e15330,2026-04-11 00:00:00.000,
63130130,5345,0300dc77-927a-4aa4-a6e4-ab7500b094fc.binning_data.json,3307331,6000,63200010,35,2026-04-22 20:10:10.478,com.sec.android.app.shealth,2026-04-12 03:01:26.866,0300dc77-927a-4aa4-a6e4-ab7500b094fc.source_info.json,1.2041814,3982.628,182.58829,5310,VfS0qUERdZ,com.sec.android.app.shealth,0,0300dc77-927a-4aa4-a6e4-ab7500b094fc.achievement.json,0300dc77-927a-4aa4-a6e4-ab7500b094fc,2026-04-12 00:00:00.000,
63130130,3909,b72d7cea-2583-42fd-b362-aaf95044b7d0.binning_data.json,2520488,6000,63130130,17,2026-04-12 03:02:08.581,com.sec.android.app.shealth,2026-04-12 03:02:08.581,,1.1398029,2872.8599,121.619995,3892,g1bnYRM2yN,com.sec.android.app.shealth,0,b72d7cea-2583-42fd-b362-aaf95044b7d0.achievement.json,b72d7cea-2583-42fd-b362-aaf95044b7d0,2026-04-11 00:00:00.000,
63130130,5035,7805518b-5e55-46df-a33a-7c47aad050a3.binning_data.json,2483333,6000,63130130,35,2026-04-14 03:00:07.033,com.sec.android.app.shealth,2026-04-12 03:02:20.621,,1.5053072,3738.1797,182.93384,5000,yeLoKu9/uD,com.sec.android.app.shealth,0,7805518b-5e55-46df-a33a-7c47aad050a3.achievement.json,7805518b-5e55-46df-a33a-7c47aad050a3,2026-04-12 00:00:00.000,
63130130,7307,567b4bbb-05af-4449-a0c0-27d8462cc5f7.binning_data.json,3483333,6000,63130130,54,2026-04-12 03:02:20.666,com.sec.android.app.shealth,2026-04-12 03:02:20.666,,1.5485986,5394.285,263.49,7253,yeLoKu9/uD,com.sec.android.app.shealth,0,567b4bbb-05af-4449-a0c0-27d8462cc5f7.achievement.json,567b4bbb-05af-4449-a0c0-27d8462cc5f7,2026-04-11 00:00:00.000,
63130130,3248,73080e16-ff6a-468b-8d06-030ca215a1d6.binning_data.json,1971716,6000,63130130,1,2026-04-13 03:00:03.792,com.sec.android.app.shealth,2026-04-13 03:00:03.792,,1.2268653,2419.03,99.82996,3247,g1bnYRM2yN,com.sec.android.app.shealth,0,73080e16-ff6a-468b-8d06-030ca215a1d6.achievement.json,73080e16-ff6a-468b-8d06-030ca215a1d6,2026-04-12 00:00:00.000,
63130130,7315,858c51eb-b88e-4559-b519-099107ae6911.binning_data.json,4167070,6000,63130130,34,2026-04-14 08:02:23.730,com.sec.android.app.shealth,2026-04-13 08:50:12.947,858c51eb-b88e-4559-b519-099107ae6911.source_info.json,1.3050658,5438.302,251.31822,7281,VfS0qUERdZ,com.sec.android.app.shealth,0,858c51eb-b88e-4559-b519-099107ae6911.achievement.json,858c51eb-b88e-4559-b519-099107ae6911,2026-04-13 00:00:00.000,
63130130,4585,154326a7-6e69-447b-88b5-387d2f11aa25.binning_data.json,2911448,6000,63130130,8,2026-04-14 03:00:03.859,com.sec.android.app.shealth,2026-04-14 03:00:03.859,,1.1647123,3391.0,142.81998,4577,g1bnYRM2yN,com.sec.android.app.shealth,0,154326a7-6e69-447b-88b5-387d2f11aa25.achievement.json,154326a7-6e69-447b-88b5-387d2f11aa25,2026-04-13 00:00:00.000,
63130130,6397,e29f95c8-6754-48b0-b155-b58654a443f2.binning_data.json,3099999,6000,63130130,40,2026-04-15 03:00:06.086,com.sec.android.app.shealth,2026-04-14 03:00:07.062,,1.5328251,4751.758,229.62085,6357,yeLoKu9/uD,com.sec.android.app.shealth,0,e29f95c8-6754-48b0-b155-b58654a443f2.achievement.json,e29f95c8-6754-48b0-b155-b58654a443f2,2026-04-13 00:00:00.000,
63130130,8972,aa1905df-3cc6-4264-a305-0193c67c4c44.binning_data.json,4622952,6000,63130130,41,2026-04-15 12:31:00.812,com.sec.android.app.shealth,2026-04-14 11:37:49.717,aa1905df-3cc6-4264-a305-0193c67c4c44.source_info.json,1.447772,6692.982,315.58136,8931,VfS0qUERdZ,com.sec.android.app.shealth,0,aa1905df-3cc6-4264-a305-0193c67c4c44.achievement.json,aa1905df-3cc6-4264-a305-0193c67c4c44,2026-04-14 00:00:00.000,
63130130,4060,b8c488a5-0725-4c96-b9b8-15c1f6e10806.binning_data.json,2467826,6000,63130130,14,2026-04-15 03:00:03.578,com.sec.android.app.shealth,2026-04-15 03:00:03.578,,1.2314154,3038.92,126.52998,4046,g1bnYRM2yN,com.sec.android.app.shealth,0,b8c488a5-0725-4c96-b9b8-15c1f6e10806.achievement.json,b8c488a5-0725-4c96-b9b8-15c1f6e10806,2026-04-14 00:00:00.000,
63130130,8518,3d9f8160-d0ab-4007-bc2f-eb7af9ba3bbe.binning_data.json,3983333,6000,63130130,27,2026-04-16 03:00:05.724,com.sec.android.app.shealth,2026-04-15 03:00:06.107,,1.583622,6308.0938,309.95728,8491,yeLoKu9/uD,com.sec.android.app.shealth,0,3d9f8160-d0ab-4007-bc2f-eb7af9ba3bbe.achievement.json,3d9f8160-d0ab-4007-bc2f-eb7af9ba3bbe,2026-04-14 00:00:00.000,
63130130,6877,a84a05e2-efc7-4d10-b908-86e5e3258849.binning_data.json,3803348,6000,63130130,53,2026-04-16 02:52:14.300,com.sec.android.app.shealth,2026-04-15 03:08:06.160,a84a05e2-efc7-4d10-b908-86e5e3258849.source_info.json,1.3479191,5126.607,239.0223,6824,VfS0qUERdZ,com.sec.android.app.shealth,0,a84a05e2-efc7-4d10-b908-86e5e3258849.achievement.json,a84a05e2-efc7-4d10-b908-86e5e3258849,2026-04-15 00:00:00.000,
63130130,3577,21b6c50d-6037-455e-b930-ac6314e54d6e.binning_data.json,2197211,6000,63130130,9,2026-04-16 03:00:03.175,com.sec.android.app.shealth,2026-04-16 03:00:03.175,,1.2095103,2657.5498,110.91999,3568,g1bnYRM2yN,com.sec.android.app.shealth,0,21b6c50d-6037-455e-b930-ac6314e54d6e.achievement.json,21b6c50d-6037-455e-b930-ac6314e54d6e,2026-04-15 00:00:00.000,
63130130,6292,535bfef4-4e6f-4e74-bbca-c5e94c75e252.binning_data.json,3133333,6000,63130130,55,2026-04-16 03:00:05.715,com.sec.android.app.shealth,2026-04-16 03:00:05.715,,1.4955707,4686.121,227.5835,6237,yeLoKu9/uD,com.sec.android.app.shealth,0,535bfef4-4e6f-4e74-bbca-c5e94c75e252.achievement.json,535bfef4-4e6f-4e74-bbca-c5e94c75e252,2026-04-15 00:00:00.000,
63130130,5826,68170d50-b8b1-4eb2-86a0-b8f3d2a59946.binning_data.json,2959522,6000,63130130,111,2026-04-17 03:19:19.251,com.sec.android.app.shealth,2026-04-16 12:30:53.396,68170d50-b8b1-4eb2-86a0-b8f3d2a59946.source_info.json,1.4810854,4383.3066,207.13988,5715,VfS0qUERdZ,com.sec.android.app.shealth,0,68170d50-b8b1-4eb2-86a0-b8f3d2a59946.achievement.json,68170d50-b8b1-4eb2-86a0-b8f3d2a59946,2026-04-16 00:00:00.000,
63130130,2846,6ca60cdd-ff9a-4db2-83a9-489006982f91.binning_data.json,1766476,6000,63130130,8,2026-04-17 03:00:03.155,com.sec.android.app.shealth,2026-04-17 03:00:03.155,,1.197293,2114.99,87.95,2838,g1bnYRM2yN,com.sec.android.app.shealth,0,6ca60cdd-ff9a-4db2-83a9-489006982f91.achievement.json,6ca60cdd-ff9a-4db2-83a9-489006982f91,2026-04-16 00:00:00.000,
63130130,5557,1406533a-2733-40d2-b790-62b40cbd112f.binning_data.json,2533333,6000,63130130,110,2026-04-18 03:00:06.790,com.sec.android.app.shealth,2026-04-17 03:00:05.903,,1.6491551,4177.8594,202.88257,5447,yeLoKu9/uD,com.sec.android.app.shealth,0,1406533a-2733-40d2-b790-62b40cbd112f.achievement.json,1406533a-2733-40d2-b790-62b40cbd112f,2026-04-16 00:00:00.000,
63130130,4539,0bb2f35f-722e-4ef5-ace1-a08b4e1bf981.binning_data.json,2724740,6000,63130130,55,2026-04-18 11:13:30.454,com.sec.android.app.shealth,2026-04-17 03:12:13.575,0bb2f35f-722e-4ef5-ace1-a08b4e1bf981.source_info.json,1.2403278,3379.5713,158.32712,4484,VfS0qUERdZ,com.sec.android.app.shealth,0,0bb2f35f-722e-4ef5-ace1-a08b4e1bf981.achievement.json,0bb2f35f-722e-4ef5-ace1-a08b4e1bf981,2026-04-17 00:00:00.000,
63130130,2762,a3929bc0-3ee5-4e7e-9de5-56dd93728c78.binning_data.json,1728460,6000,63130130,1,2026-04-18 03:00:03.568,com.sec.android.app.shealth,2026-04-18 03:00:03.568,,1.1886476,2054.53,86.91999,2761,g1bnYRM2yN,com.sec.android.app.shealth,0,a3929bc0-3ee5-4e7e-9de5-56dd93728c78.achievement.json,a3929bc0-3ee5-4e7e-9de5-56dd93728c78,2026-04-17 00:00:00.000,
63130130,3702,e0428766-e5ae-4c60-a8aa-0b289a03f950.binning_data.json,2033333,6000,63130130,56,2026-04-19 03:15:44.619,com.sec.android.app.shealth,2026-04-18 03:00:06.773,,1.3462462,2737.3672,135.24951,3646,yeLoKu9/uD,com.sec.android.app.shealth,0,e0428766-e5ae-4c60-a8aa-0b289a03f950.achievement.json,e0428766-e5ae-4c60-a8aa-0b289a03f950,2026-04-17 00:00:00.000,
63130130,7426,ed7e0519-ef80-4104-a9ca-1abd86d48566.binning_data.json,4317424,6000,63130130,33,2026-04-19 03:11:37.313,com.sec.android.app.shealth,2026-04-18 03:00:57.121,ed7e0519-ef80-4104-a9ca-1abd86d48566.source_info.json,1.2820796,5535.282,255.8633,7393,VfS0qUERdZ,com.sec.android.app.shealth,0,ed7e0519-ef80-4104-a9ca-1abd86d48566.achievement.json,ed7e0519-ef80-4104-a9ca-1abd86d48566,2026-04-18 00:00:00.000,
63130130,4193,e131165c-8457-44da-a177-452f5216f7b2.binning_data.json,2673748,6000,63130130,19,2026-04-20 03:27:07.659,com.sec.android.app.shealth,2026-04-19 03:11:36.363,e131165c-8457-44da-a177-452f5216f7b2.source_info.json,1.1711159,3131.2693,146.05782,4174,VfS0qUERdZ,com.sec.android.app.shealth,0,e131165c-8457-44da-a177-452f5216f7b2.achievement.json,e131165c-8457-44da-a177-452f5216f7b2,2026-04-19 00:00:00.000,
63130130,1933,fa55f3d9-308e-45d9-8087-2979632b8c27.binning_data.json,1193194,6000,63130130,0,2026-04-20 03:00:05.036,com.sec.android.app.shealth,2026-04-19 03:15:39.302,,1.2040365,1436.65,59.52999,1933,g1bnYRM2yN,com.sec.android.app.shealth,0,fa55f3d9-308e-45d9-8087-2979632b8c27.achievement.json,fa55f3d9-308e-45d9-8087-2979632b8c27,2026-04-19 00:00:00.000,
63130130,4707,5b677abc-c718-435e-b555-f70239fe248a.binning_data.json,2895721,6000,63130130,9,2026-04-19 03:15:41.906,com.sec.android.app.shealth,2026-04-19 03:15:41.906,,1.211035,3506.82,147.82999,4698,g1bnYRM2yN,com.sec.android.app.shealth,0,5b677abc-c718-435e-b555-f70239fe248a.achievement.json,5b677abc-c718-435e-b555-f70239fe248a,2026-04-18 00:00:00.000,
63130130,3949,afa9834c-131c-4203-9fdf-955c12df5bb9.binning_data.json,2249999,6000,63130130,19,2026-04-21 03:00:06.757,com.sec.android.app.shealth,2026-04-19 03:15:44.597,,1.306592,2939.832,142.79022,3930,yeLoKu9/uD,com.sec.android.app.shealth,0,afa9834c-131c-4203-9fdf-955c12df5bb9.achievement.json,afa9834c-131c-4203-9fdf-955c12df5bb9,2026-04-19 00:00:00.000,
63130130,5685,f44b3cf8-bd58-40b8-8102-090db6f17f3d.binning_data.json,3183333,6000,63130130,25,2026-04-19 03:15:44.603,com.sec.android.app.shealth,2026-04-19 03:15:44.603,,1.3266977,4223.321,204.91776,5660,yeLoKu9/uD,com.sec.android.app.shealth,0,f44b3cf8-bd58-40b8-8102-090db6f17f3d.achievement.json,f44b3cf8-bd58-40b8-8102-090db6f17f3d,2026-04-18 00:00:00.000,
63130130,8945,1e097872-e6b7-4dbe-8ce2-7510cd1be611.binning_data.json,4841857,6000,63130130,68,2026-04-21 12:30:30.667,com.sec.android.app.shealth,2026-04-20 03:17:44.450,1e097872-e6b7-4dbe-8ce2-7510cd1be611.source_info.json,1.3847005,6704.5225,656.5721,8877,VfS0qUERdZ,com.sec.android.app.shealth,0,1e097872-e6b7-4dbe-8ce2-7510cd1be611.achievement.json,1e097872-e6b7-4dbe-8ce2-7510cd1be611,2026-04-20 00:00:00.000,
63130130,4064,5dac2560-ed9a-4d7a-8a0e-8ad121a50498.binning_data.json,2464409,6000,63130130,1,2026-04-21 03:00:04.194,com.sec.android.app.shealth,2026-04-21 03:00:04.194,,1.2272472,3024.44,127.56999,4063,g1bnYRM2yN,com.sec.android.app.shealth,0,5dac2560-ed9a-4d7a-8a0e-8ad121a50498.achievement.json,5dac2560-ed9a-4d7a-8a0e-8ad121a50498,2026-04-20 00:00:00.000,
63130130,8398,74cc2b90-8cf3-4c6d-9155-281a6dfaa4cb.binning_data.json,4350000,6000,63130130,77,2026-04-22 03:00:12.435,com.sec.android.app.shealth,2026-04-21 03:00:06.776,,1.4443341,6282.854,657.3946,8321,yeLoKu9/uD,com.sec.android.app.shealth,0,74cc2b90-8cf3-4c6d-9155-281a6dfaa4cb.achievement.json,74cc2b90-8cf3-4c6d-9155-281a6dfaa4cb,2026-04-20 00:00:00.000,
63130130,8855,870aeb6f-b4ad-4431-88ca-e546cf2ce9e7.binning_data.json,4809481,6000,63130130,125,2026-04-22 11:46:30.773,com.sec.android.app.shealth,2026-04-21 10:07:08.227,870aeb6f-b4ad-4431-88ca-e546cf2ce9e7.source_info.json,1.3753152,6614.5527,318.27533,8730,VfS0qUERdZ,com.sec.android.app.shealth,0,870aeb6f-b4ad-4431-88ca-e546cf2ce9e7.achievement.json,870aeb6f-b4ad-4431-88ca-e546cf2ce9e7,2026-04-21 00:00:00.000,
63130130,3938,ebfa07de-5539-4022-a775-5c1820c40fe1.binning_data.json,2433488,6000,63130130,2,2026-04-22 03:00:04.980,com.sec.android.app.shealth,2026-04-22 03:00:04.980,,1.202315,2925.82,122.899994,3936,g1bnYRM2yN,com.sec.android.app.shealth,0,ebfa07de-5539-4022-a775-5c1820c40fe1.achievement.json,ebfa07de-5539-4022-a775-5c1820c40fe1,2026-04-21 00:00:00.000,
63130130,7773,1f806010-7781-4d3c-9395-137a3f4d94d2.binning_data.json,3950000,6000,63200010,124,2026-04-23 03:00:06.906,com.sec.android.app.shealth,2026-04-22 03:00:12.424,,1.4718182,5813.6816,291.91333,7649,yeLoKu9/uD,com.sec.android.app.shealth,0,1f806010-7781-4d3c-9395-137a3f4d94d2.achievement.json,1f806010-7781-4d3c-9395-137a3f4d94d2,2026-04-21 00:00:00.000,
63130130,5780,23f8e9f6-2b39-4e1a-9d6a-c92c7031820f.binning_data.json,2973650,6000,63200010,27,2026-04-23 14:16:25.208,com.sec.android.app.shealth,2026-04-22 12:02:20.750,23f8e9f6-2b39-4e1a-9d6a-c92c7031820f.source_info.json,1.4470896,4303.138,200.30022,5753,VfS0qUERdZ,com.sec.android.app.shealth,0,23f8e9f6-2b39-4e1a-9d6a-c92c7031820f.achievement.json,23f8e9f6-2b39-4e1a-9d6a-c92c7031820f,2026-04-22 00:00:00.000,
63200010,3576,912a5343-a07c-485c-8ef6-c0cac6a1da46.binning_data.json,2319961,6000,63200010,0,2026-04-23 03:00:03.484,com.sec.android.app.shealth,2026-04-23 03:00:03.484,,1.1273677,2615.45,109.499985,3576,g1bnYRM2yN,com.sec.android.app.shealth,0,912a5343-a07c-485c-8ef6-c0cac6a1da46.achievement.json,912a5343-a07c-485c-8ef6-c0cac6a1da46,2026-04-22 00:00:00.000,
63200010,5320,a56beb47-2983-4492-8e3a-c2f74e8006fb.binning_data.json,2383333,6000,63200010,27,2026-04-24 03:00:06.730,com.sec.android.app.shealth,2026-04-23 03:00:06.896,,1.6634839,3964.6367,191.97058,5293,yeLoKu9/uD,com.sec.android.app.shealth,0,a56beb47-2983-4492-8e3a-c2f74e8006fb.achievement.json,a56beb47-2983-4492-8e3a-c2f74e8006fb,2026-04-22 00:00:00.000,
63200010,5238,5a39d855-fcf7-48cf-a105-637067eb4fec.binning_data.json,2639958,6000,63200010,37,2026-04-24 03:01:11.317,com.sec.android.app.shealth,2026-04-23 03:15:01.864,5a39d855-fcf7-48cf-a105-637067eb4fec.source_info.json,1.4875482,3927.0664,181.26704,5201,VfS0qUERdZ,com.sec.android.app.shealth,0,5a39d855-fcf7-48cf-a105-637067eb4fec.achievement.json,5a39d855-fcf7-48cf-a105-637067eb4fec,2026-04-23 00:00:00.000,
63200010,3544,e7466da1-dc49-441e-a04b-9f1d85d4a6da.binning_data.json,2117439,6000,63200010,9,2026-04-24 03:00:04.047,com.sec.android.app.shealth,2026-04-24 03:00:04.047,,1.2557764,2659.03,110.67999,3535,g1bnYRM2yN,com.sec.android.app.shealth,0,e7466da1-dc49-441e-a04b-9f1d85d4a6da.achievement.json,e7466da1-dc49-441e-a04b-9f1d85d4a6da,2026-04-23 00:00:00.000,
63200010,4717,94bc7ec9-68ee-4bd5-aefd-0a705bf231ff.binning_data.json,1950000,6000,63200010,30,2026-04-25 03:00:09.055,com.sec.android.app.shealth,2026-04-24 03:00:06.721,,1.8038952,3517.5957,169.8065,4687,yeLoKu9/uD,com.sec.android.app.shealth,0,94bc7ec9-68ee-4bd5-aefd-0a705bf231ff.achievement.json,94bc7ec9-68ee-4bd5-aefd-0a705bf231ff,2026-04-23 00:00:00.000,
63200010,5199,43df8525-33f4-483e-9672-95621c58c6a9.binning_data.json,2691969,6000,63200010,41,2026-04-25 12:02:34.656,com.sec.android.app.shealth,2026-04-24 10:52:30.972,43df8525-33f4-483e-9672-95621c58c6a9.source_info.json,1.449984,3903.3135,183.4058,5158,VfS0qUERdZ,com.sec.android.app.shealth,0,43df8525-33f4-483e-9672-95621c58c6a9.achievement.json,43df8525-33f4-483e-9672-95621c58c6a9,2026-04-24 00:00:00.000,
63200010,2724,87e40c5f-fe7f-4938-a71a-2d04b47f8397.binning_data.json,1678903,6000,63200010,29,2026-04-25 03:00:04.980,com.sec.android.app.shealth,2026-04-25 03:00:04.980,,1.2214042,2050.62,87.63,2695,g1bnYRM2yN,com.sec.android.app.shealth,0,87e40c5f-fe7f-4938-a71a-2d04b47f8397.achievement.json,87e40c5f-fe7f-4938-a71a-2d04b47f8397,2026-04-24 00:00:00.000,
63200010,4586,e8771517-b82f-4c25-962a-70c7a24f3a6c.binning_data.json,2216666,6000,63200010,12,2026-04-26 03:00:17.422,com.sec.android.app.shealth,2026-04-25 03:00:09.088,,1.537124,3407.2915,164.42451,4574,yeLoKu9/uD,com.sec.android.app.shealth,0,e8771517-b82f-4c25-962a-70c7a24f3a6c.achievement.json,e8771517-b82f-4c25-962a-70c7a24f3a6c,2026-04-24 00:00:00.000,
63200010,9746,a87701c4-1a0f-4f1b-b359-2c5226ca5294.binning_data.json,4978248,6000,63200010,76,2026-04-26 08:47:59.948,com.sec.android.app.shealth,2026-04-25 11:10:39.492,a87701c4-1a0f-4f1b-b359-2c5226ca5294.source_info.json,1.4595442,7265.973,345.8468,9670,VfS0qUERdZ,com.sec.android.app.shealth,0,a87701c4-1a0f-4f1b-b359-2c5226ca5294.achievement.json,a87701c4-1a0f-4f1b-b359-2c5226ca5294,2026-04-25 00:00:00.000,
63200010,2969,521ebdd1-d363-4584-ad2a-6288baf29b7c.binning_data.json,1821412,6000,63200010,0,2026-04-26 03:00:14.377,com.sec.android.app.shealth,2026-04-26 03:00:14.377,,1.2074643,2199.29,92.31999,2969,g1bnYRM2yN,com.sec.android.app.shealth,0,521ebdd1-d363-4584-ad2a-6288baf29b7c.achievement.json,521ebdd1-d363-4584-ad2a-6288baf29b7c,2026-04-25 00:00:00.000,
63200010,9373,679bae27-b3c9-4320-809e-3582750710ec.binning_data.json,4750000,6000,63200010,76,2026-04-27 03:30:22.411,com.sec.android.app.shealth,2026-04-26 03:00:17.225,,1.4722012,6992.956,338.04672,9297,yeLoKu9/uD,com.sec.android.app.shealth,0,679bae27-b3c9-4320-809e-3582750710ec.achievement.json,679bae27-b3c9-4320-809e-3582750710ec,2026-04-25 00:00:00.000,
63200010,12138,c6fde496-c960-4da3-8ce3-2f7982ff0d33.binning_data.json,5361086,6000,63200010,20,2026-04-27 17:04:00.841,com.sec.android.app.shealth,2026-04-26 08:43:33.427,c6fde496-c960-4da3-8ce3-2f7982ff0d33.source_info.json,1.7016008,9122.43,409.2162,12118,VfS0qUERdZ,com.sec.android.app.shealth,0,c6fde496-c960-4da3-8ce3-2f7982ff0d33.achievement.json,c6fde496-c960-4da3-8ce3-2f7982ff0d33,2026-04-26 00:00:00.000,
63200010,8410,de109168-20b5-48d2-97a2-cef1efc0b994.binning_data.json,4914399,6000,63200010,5,2026-04-27 03:30:05.915,com.sec.android.app.shealth,2026-04-27 03:30:05.915,,1.2858825,6319.34,256.69998,8405,g1bnYRM2yN,com.sec.android.app.shealth,0,de109168-20b5-48d2-97a2-cef1efc0b994.achievement.json,de109168-20b5-48d2-97a2-cef1efc0b994,2026-04-26 00:00:00.000,
63200010,11005,1a0e5ecd-c7a7-458f-aa2d-fcf805ecdb7d.binning_data.json,3300000,6000,63200010,28,2026-04-28 03:00:08.328,com.sec.android.app.shealth,2026-04-27 03:30:22.318,,2.5010731,8253.541,395.59476,10977,yeLoKu9/uD,com.sec.android.app.shealth,0,1a0e5ecd-c7a7-458f-aa2d-fcf805ecdb7d.achievement.json,1a0e5ecd-c7a7-458f-aa2d-fcf805ecdb7d,2026-04-26 00:00:00.000,
63200010,9144,9601e1f3-034d-4230-aa57-8fcbbc5995da.binning_data.json,4598339,6000,63200010,64,2026-04-28 09:44:52.468,com.sec.android.app.shealth,2026-04-27 04:16:41.823,9601e1f3-034d-4230-aa57-8fcbbc5995da.source_info.json,1.4916642,6859.178,318.8502,9080,VfS0qUERdZ,com.sec.android.app.shealth,0,9601e1f3-034d-4230-aa57-8fcbbc5995da.achievement.json,9601e1f3-034d-4230-aa57-8fcbbc5995da,2026-04-27 00:00:00.000,
63200010,3916,23d4b071-c3aa-4e55-bc91-12087f3b3b73.binning_data.json,2389771,6000,63200010,29,2026-04-28 03:00:04.249,com.sec.android.app.shealth,2026-04-28 03:00:04.249,,1.2308834,2941.53,123.299995,3887,g1bnYRM2yN,com.sec.android.app.shealth,0,23d4b071-c3aa-4e55-bc91-12087f3b3b73.achievement.json,23d4b071-c3aa-4e55-bc91-12087f3b3b73,2026-04-27 00:00:00.000,
63200010,8042,be74a92b-5820-46f7-aa05-82719131cc0a.binning_data.json,3766666,6000,63200010,38,2026-04-29 03:34:54.263,com.sec.android.app.shealth,2026-04-28 03:00:08.354,,1.5932323,6001.1753,287.79968,8004,yeLoKu9/uD,com.sec.android.app.shealth,0,be74a92b-5820-46f7-aa05-82719131cc0a.achievement.json,be74a92b-5820-46f7-aa05-82719131cc0a,2026-04-27 00:00:00.000,
63200010,6139,6816dbc9-239e-4b31-a529-e77dec49bf83.binning_data.json,3155711,6000,63200010,26,2026-04-29 02:36:21.407,com.sec.android.app.shealth,2026-04-28 12:28:20.564,6816dbc9-239e-4b31-a529-e77dec49bf83.source_info.json,1.4474251,4567.6567,211.03758,6113,VfS0qUERdZ,com.sec.android.app.shealth,0,6816dbc9-239e-4b31-a529-e77dec49bf83.achievement.json,6816dbc9-239e-4b31-a529-e77dec49bf83,2026-04-28 00:00:00.000,
63200010,4151,7c429c82-f04e-414c-96cc-cd5048c057ba.binning_data.json,2601735,6000,63200010,0,2026-04-29 03:34:44.073,com.sec.android.app.shealth,2026-04-29 03:34:44.073,,1.1823721,3076.22,127.569984,4151,g1bnYRM2yN,com.sec.android.app.shealth,0,7c429c82-f04e-414c-96cc-cd5048c057ba.achievement.json,7c429c82-f04e-414c-96cc-cd5048c057ba,2026-04-28 00:00:00.000,
63200010,5402,18248eca-34b4-4487-9485-90bee249db46.binning_data.json,2133333,6000,63200010,26,2026-04-29 03:34:54.067,com.sec.android.app.shealth,2026-04-29 03:34:54.067,,1.8791286,4008.8076,196.97487,5376,yeLoKu9/uD,com.sec.android.app.shealth,0,18248eca-34b4-4487-9485-90bee249db46.achievement.json,18248eca-34b4-4487-9485-90bee249db46,2026-04-28 00:00:00.000,
63200010,10407,835b6d18-b215-451f-9119-9850b84ee778.binning_data.json,5188996,6000,63200010,53,2026-04-30 03:02:47.174,com.sec.android.app.shealth,2026-04-29 04:49:38.878,835b6d18-b215-451f-9119-9850b84ee778.source_info.json,1.4991946,7779.316,356.2195,10354,VfS0qUERdZ,com.sec.android.app.shealth,0,835b6d18-b215-451f-9119-9850b84ee778.achievement.json,835b6d18-b215-451f-9119-9850b84ee778,2026-04-29 00:00:00.000,
63200010,5969,d94effe5-907a-4ac0-93df-5aa42d6fe650.binning_data.json,3503524,6000,63200010,0,2026-04-30 03:00:04.116,com.sec.android.app.shealth,2026-04-30 03:00:04.116,,1.2774934,4475.73,181.93997,5969,g1bnYRM2yN,com.sec.android.app.shealth,0,d94effe5-907a-4ac0-93df-5aa42d6fe650.achievement.json,d94effe5-907a-4ac0-93df-5aa42d6fe650,2026-04-29 00:00:00.000,
63200010,9923,17889828-38ed-4680-a815-dc4c5c65f7a7.binning_data.json,3900000,6000,63200010,54,2026-05-01 03:06:33.213,com.sec.android.app.shealth,2026-04-30 03:00:07.040,,1.8991787,7406.7974,355.70255,9869,yeLoKu9/uD,com.sec.android.app.shealth,0,17889828-38ed-4680-a815-dc4c5c65f7a7.achievement.json,17889828-38ed-4680-a815-dc4c5c65f7a7,2026-04-29 00:00:00.000,
63200010,6668,13bc8405-091c-4433-b709-da9803c3be3f.binning_data.json,3428452,6000,63200010,71,2026-05-01 00:16:03.563,com.sec.android.app.shealth,2026-04-30 03:06:51.428,13bc8405-091c-4433-b709-da9803c3be3f.source_info.json,1.4541584,4985.512,234.50308,6597,VfS0qUERdZ,com.sec.android.app.shealth,0,13bc8405-091c-4433-b709-da9803c3be3f.achievement.json,13bc8405-091c-4433-b709-da9803c3be3f,2026-04-30 00:00:00.000,
63200010,10038,7ead0dd0-e8f2-4e08-a858-1b2b5ca3f30b.binning_data.json,4930852,6000,63200010,128,2026-05-02 07:12:09.652,com.sec.android.app.shealth,2026-05-01 03:06:20.024,7ead0dd0-e8f2-4e08-a858-1b2b5ca3f30b.source_info.json,1.5124769,7457.802,376.03592,9910,VfS0qUERdZ,com.sec.android.app.shealth,0,7ead0dd0-e8f2-4e08-a858-1b2b5ca3f30b.achievement.json,7ead0dd0-e8f2-4e08-a858-1b2b5ca3f30b,2026-05-01 00:00:00.000,
63200010,6107,48c7fb8c-0d42-4212-a668-18a47fa34e8e.binning_data.json,3785010,6000,63200010,3,2026-05-02 03:00:04.642,com.sec.android.app.shealth,2026-05-01 03:06:24.573,,1.1945329,4521.32,188.91998,6104,g1bnYRM2yN,com.sec.android.app.shealth,0,48c7fb8c-0d42-4212-a668-18a47fa34e8e.achievement.json,48c7fb8c-0d42-4212-a668-18a47fa34e8e,2026-05-01 00:00:00.000,
63200010,2933,455bb0ce-c372-4995-997f-8381bf3ccab8.binning_data.json,1775932,6000,63200010,0,2026-05-01 03:06:24.739,com.sec.android.app.shealth,2026-05-01 03:06:24.739,,1.2300802,2184.54,90.289986,2933,g1bnYRM2yN,com.sec.android.app.shealth,0,455bb0ce-c372-4995-997f-8381bf3ccab8.achievement.json,455bb0ce-c372-4995-997f-8381bf3ccab8,2026-04-30 00:00:00.000,
63200010,6339,a0670195-feca-473e-98c8-a36ad71f3e70.binning_data.json,2933333,6000,63200010,77,2026-05-01 03:06:32.519,com.sec.android.app.shealth,2026-05-01 03:06:32.519,,1.6124375,4729.8164,231.34229,6262,yeLoKu9/uD,com.sec.android.app.shealth,0,a0670195-feca-473e-98c8-a36ad71f3e70.achievement.json,a0670195-feca-473e-98c8-a36ad71f3e70,2026-04-30 00:00:00.000,
63200010,9232,68413482-4e75-4f56-b83d-982d925822a1.binning_data.json,3866666,6000,63200010,132,2026-05-03 03:00:16.191,com.sec.android.app.shealth,2026-05-02 03:00:08.029,,1.7737116,6858.3516,361.63712,9100,yeLoKu9/uD,com.sec.android.app.shealth,0,68413482-4e75-4f56-b83d-982d925822a1.achievement.json,68413482-4e75-4f56-b83d-982d925822a1,2026-05-01 00:00:00.000,
63200010,16114,d060100b-be19-4dd2-bcda-9baa19286671.binning_data.json,8021526,6000,63200010,902,2026-05-03 05:33:58.221,com.sec.android.app.shealth,2026-05-02 03:32:48.421,d060100b-be19-4dd2-bcda-9baa19286671.source_info.json,1.5617794,12527.854,573.4796,15212,VfS0qUERdZ,com.sec.android.app.shealth,0,d060100b-be19-4dd2-bcda-9baa19286671.achievement.json,d060100b-be19-4dd2-bcda-9baa19286671,2026-05-02 00:00:00.000,
63200010,11436,7b610196-2762-4b5b-8b2c-d153dad6ca5f.binning_data.json,6210589,6000,63200010,685,2026-05-03 03:00:07.840,com.sec.android.app.shealth,2026-05-03 03:00:07.840,,1.4515336,9014.88,384.71997,10751,g1bnYRM2yN,com.sec.android.app.shealth,0,7b610196-2762-4b5b-8b2c-d153dad6ca5f.achievement.json,7b610196-2762-4b5b-8b2c-d153dad6ca5f,2026-05-02 00:00:00.000,
63200010,13969,7e8f9731-3e41-4f10-bf7f-7f9915eec973.binning_data.json,5583333,6000,63200010,753,2026-05-04 03:22:40.644,com.sec.android.app.shealth,2026-05-03 03:00:16.220,,1.9115791,10672.984,525.5133,13216,yeLoKu9/uD,com.sec.android.app.shealth,0,7e8f9731-3e41-4f10-bf7f-7f9915eec973.achievement.json,7e8f9731-3e41-4f10-bf7f-7f9915eec973,2026-05-02 00:00:00.000,
63200010,6377,626c0462-3376-47a5-b7c6-7160b18bf7f7.binning_data.json,3638082,6000,63200010,35,2026-05-04 12:24:36.597,com.sec.android.app.shealth,2026-05-03 03:21:33.747,626c0462-3376-47a5-b7c6-7160b18bf7f7.source_info.json,1.3098388,4765.302,223.801,6342,VfS0qUERdZ,com.sec.android.app.shealth,0,626c0462-3376-47a5-b7c6-7160b18bf7f7.achievement.json,626c0462-3376-47a5-b7c6-7160b18bf7f7,2026-05-03 00:00:00.000,
63200010,2957,83900504-f24b-4d9d-863c-1cb7444a9386.binning_data.json,1795368,6000,63200010,3,2026-05-04 03:22:34.161,com.sec.android.app.shealth,2026-05-04 03:22:34.161,,1.2271687,2203.22,91.549995,2954,g1bnYRM2yN,com.sec.android.app.shealth,0,83900504-f24b-4d9d-863c-1cb7444a9386.achievement.json,83900504-f24b-4d9d-863c-1cb7444a9386,2026-05-03 00:00:00.000,
63200010,5859,015bae50-0598-4e05-80e0-9f6d75b105fb.binning_data.json,2950000,6000,63200010,38,2026-05-05 03:00:14.147,com.sec.android.app.shealth,2026-05-04 03:22:40.634,,1.4834229,4376.0977,211.75806,5821,yeLoKu9/uD,com.sec.android.app.shealth,0,015bae50-0598-4e05-80e0-9f6d75b105fb.achievement.json,015bae50-0598-4e05-80e0-9f6d75b105fb,2026-05-03 00:00:00.000,
63200010,11186,13f007ec-68f0-47e3-99c0-3c7398cd6053.binning_data.json,6112417,6000,63200010,89,2026-05-05 12:06:04.668,com.sec.android.app.shealth,2026-05-04 12:03:01.229,13f007ec-68f0-47e3-99c0-3c7398cd6053.source_info.json,1.3724755,8389.144,420.33875,11097,VfS0qUERdZ,com.sec.android.app.shealth,0,13f007ec-68f0-47e3-99c0-3c7398cd6053.achievement.json,13f007ec-68f0-47e3-99c0-3c7398cd6053,2026-05-04 00:00:00.000,
63200010,6556,bb2f7253-9946-4574-b901-bbb8f798c877.binning_data.json,3959835,6000,63200010,33,2026-05-05 03:00:03.425,com.sec.android.app.shealth,2026-05-05 03:00:03.425,,1.2404885,4912.13,203.79997,6523,g1bnYRM2yN,com.sec.android.app.shealth,0,bb2f7253-9946-4574-b901-bbb8f798c877.achievement.json,bb2f7253-9946-4574-b901-bbb8f798c877,2026-05-04 00:00:00.000,
63200010,10314,35ddd3ce-af90-437e-a140-5c163da58b1a.binning_data.json,4599999,6000,63200010,83,2026-05-06 03:00:29.939,com.sec.android.app.shealth,2026-05-05 03:00:12.692,,1.6657448,7662.426,479.15613,10231,yeLoKu9/uD,com.sec.android.app.shealth,0,35ddd3ce-af90-437e-a140-5c163da58b1a.achievement.json,35ddd3ce-af90-437e-a140-5c163da58b1a,2026-05-04 00:00:00.000,
63200010,7551,9c89935f-fb23-499f-b6b6-2d63ac821422.binning_data.json,4130612,6000,63200010,38,2026-05-06 11:17:33.243,com.sec.android.app.shealth,2026-05-05 11:42:38.615,9c89935f-fb23-499f-b6b6-2d63ac821422.source_info.json,1.3522887,5585.7803,263.32883,7513,VfS0qUERdZ,com.sec.android.app.shealth,0,9c89935f-fb23-499f-b6b6-2d63ac821422.achievement.json,9c89935f-fb23-499f-b6b6-2d63ac821422,2026-05-05 00:00:00.000,
63200010,5094,a4925b17-da50-4ed2-a22c-9cf763e6a83d.binning_data.json,2887129,6000,63200010,50,2026-05-07 03:01:38.165,com.sec.android.app.shealth,2026-05-06 03:00:08.152,a4925b17-da50-4ed2-a22c-9cf763e6a83d.source_info.json,1.3329628,3848.4363,179.25955,5044,VfS0qUERdZ,com.sec.android.app.shealth,0,a4925b17-da50-4ed2-a22c-9cf763e6a83d.achievement.json,a4925b17-da50-4ed2-a22c-9cf763e6a83d,2026-05-06 00:00:00.000,
63200010,3381,23880208-34e6-4a0d-b0bc-c043f92e9755.binning_data.json,2130045,6000,63200010,0,2026-05-06 03:00:23.053,com.sec.android.app.shealth,2026-05-06 03:00:23.053,,1.1683648,2488.67,104.27,3381,g1bnYRM2yN,com.sec.android.app.shealth,0,23880208-34e6-4a0d-b0bc-c043f92e9755.achievement.json,23880208-34e6-4a0d-b0bc-c043f92e9755,2026-05-05 00:00:00.000,
63200010,2503,cdfbcaa6-359c-4661-ae62-535909162561.binning_data.json,1486308,6000,63200010,9,2026-05-07 03:00:04.042,com.sec.android.app.shealth,2026-05-06 03:00:23.538,,1.2678999,1884.49,77.969986,2494,g1bnYRM2yN,com.sec.android.app.shealth,0,cdfbcaa6-359c-4661-ae62-535909162561.achievement.json,cdfbcaa6-359c-4661-ae62-535909162561,2026-05-06 00:00:00.000,
63200010,7227,6d1aa25b-dc4c-4a4c-88b1-bd99f07c03ad.binning_data.json,3516666,6000,63200010,46,2026-05-07 03:00:07.519,com.sec.android.app.shealth,2026-05-06 03:00:29.892,,1.5202973,5346.379,261.10596,7181,yeLoKu9/uD,com.sec.android.app.shealth,0,6d1aa25b-dc4c-4a4c-88b1-bd99f07c03ad.achievement.json,6d1aa25b-dc4c-4a4c-88b1-bd99f07c03ad,2026-05-05 00:00:00.000,
63200010,4755,4126a4b3-fddf-407a-b684-d9c12d78d573.binning_data.json,2316666,6000,63200010,47,2026-05-08 03:47:11.652,com.sec.android.app.shealth,2026-05-07 03:00:07.493,,1.5431137,3574.8801,174.13788,4708,yeLoKu9/uD,com.sec.android.app.shealth,0,4126a4b3-fddf-407a-b684-d9c12d78d573.achievement.json,4126a4b3-fddf-407a-b684-d9c12d78d573,2026-05-06 00:00:00.000,
63200010,8122,03c4f09f-fd9d-44c1-a6c5-db927d548ac1.binning_data.json,4238948,6000,63200010,88,2026-05-08 10:51:45.905,com.sec.android.app.shealth,2026-05-07 03:00:26.784,03c4f09f-fd9d-44c1-a6c5-db927d548ac1.source_info.json,1.4357091,6085.897,286.72006,8034,VfS0qUERdZ,com.sec.android.app.shealth,0,03c4f09f-fd9d-44c1-a6c5-db927d548ac1.achievement.json,03c4f09f-fd9d-44c1-a6c5-db927d548ac1,2026-05-07 00:00:00.000,
63200010,2918,83543144-2ef0-44f5-89ff-a967a0062f23.binning_data.json,1775263,6000,63200010,0,2026-05-08 03:46:59.617,com.sec.android.app.shealth,2026-05-08 03:46:59.617,,1.2218301,2169.07,89.649994,2918,g1bnYRM2yN,com.sec.android.app.shealth,0,83543144-2ef0-44f5-89ff-a967a0062f23.achievement.json,83543144-2ef0-44f5-89ff-a967a0062f23,2026-05-07 00:00:00.000,
63200010,7797,8449288b-6b8d-4661-9f50-d54edc7f03e6.binning_data.json,3816666,6000,63200010,88,2026-05-09 03:00:05.264,com.sec.android.app.shealth,2026-05-08 03:47:11.646,,1.5287659,5834.7896,281.7541,7709,yeLoKu9/uD,com.sec.android.app.shealth,0,8449288b-6b8d-4661-9f50-d54edc7f03e6.achievement.json,8449288b-6b8d-4661-9f50-d54edc7f03e6,2026-05-07 00:00:00.000,
63200010,9335,bdc2aa39-67f0-42e7-b5ce-cf4da2c4fd5f.binning_data.json,4695244,6000,63200010,101,2026-05-09 04:41:15.951,com.sec.android.app.shealth,2026-05-08 10:47:45.642,bdc2aa39-67f0-42e7-b5ce-cf4da2c4fd5f.source_info.json,1.4901048,6996.406,328.9954,9234,VfS0qUERdZ,com.sec.android.app.shealth,0,bdc2aa39-67f0-42e7-b5ce-cf4da2c4fd5f.achievement.json,bdc2aa39-67f0-42e7-b5ce-cf4da2c4fd5f,2026-05-08 00:00:00.000,
63200010,3393,0ecf9572-9d45-4b93-94ea-8bf1c2d16119.binning_data.json,2111077,6000,63200010,6,2026-05-09 03:00:03.021,com.sec.android.app.shealth,2026-05-09 03:00:03.021,,1.1884454,2508.9001,104.649994,3387,g1bnYRM2yN,com.sec.android.app.shealth,0,0ecf9572-9d45-4b93-94ea-8bf1c2d16119.achievement.json,0ecf9572-9d45-4b93-94ea-8bf1c2d16119,2026-05-08 00:00:00.000,
63200010,8794,7f09c887-cef4-4bf2-8604-a101da003d57.binning_data.json,4200000,6000,63200010,103,2026-05-10 03:00:07.377,com.sec.android.app.shealth,2026-05-09 03:00:05.281,,1.5688072,6588.99,316.73892,8691,yeLoKu9/uD,com.sec.android.app.shealth,0,7f09c887-cef4-4bf2-8604-a101da003d57.achievement.json,7f09c887-cef4-4bf2-8604-a101da003d57,2026-05-08 00:00:00.000,
63200010,7816,92e25d1e-6467-4ab0-850e-0a7a9f716a47.binning_data.json,4377908,6000,63200010,22,2026-05-10 13:32:35.928,com.sec.android.app.shealth,2026-05-09 10:59:52.325,92e25d1e-6467-4ab0-850e-0a7a9f716a47.source_info.json,1.3333193,5837.15,265.77747,7794,VfS0qUERdZ,com.sec.android.app.shealth,0,92e25d1e-6467-4ab0-850e-0a7a9f716a47.achievement.json,92e25d1e-6467-4ab0-850e-0a7a9f716a47,2026-05-09 00:00:00.000,
63200010,5191,3268b390-f792-4d7b-b6dd-efe84f0b6e15.binning_data.json,3090368,6000,63200010,0,2026-05-10 03:00:04.319,com.sec.android.app.shealth,2026-05-10 03:00:04.319,,1.2550799,3878.66,159.77997,5191,g1bnYRM2yN,com.sec.android.app.shealth,0,3268b390-f792-4d7b-b6dd-efe84f0b6e15.achievement.json,3268b390-f792-4d7b-b6dd-efe84f0b6e15,2026-05-09 00:00:00.000,
63200010,7120,f7444fa6-7162-4b69-872d-a581e4152a50.binning_data.json,3300000,6000,63200010,22,2026-05-11 03:00:10.933,com.sec.android.app.shealth,2026-05-10 03:00:07.279,,1.6099397,5312.801,255.55927,7098,yeLoKu9/uD,com.sec.android.app.shealth,0,f7444fa6-7162-4b69-872d-a581e4152a50.achievement.json,f7444fa6-7162-4b69-872d-a581e4152a50,2026-05-09 00:00:00.000,
63200010,3785,50c1c75c-d424-4115-b580-2d4a09aaa1a3.binning_data.json,2189537,6000,63200010,37,2026-05-11 12:35:50.846,com.sec.android.app.shealth,2026-05-10 13:38:29.635,50c1c75c-d424-4115-b580-2d4a09aaa1a3.source_info.json,1.2945216,2834.4036,129.76488,3748,VfS0qUERdZ,com.sec.android.app.shealth,0,50c1c75c-d424-4115-b580-2d4a09aaa1a3.achievement.json,50c1c75c-d424-4115-b580-2d4a09aaa1a3,2026-05-10 00:00:00.000,
63200010,2348,1e523be8-982c-45a9-8285-75e0f33b044e.binning_data.json,1459477,6000,63200010,0,2026-05-11 03:00:04.115,com.sec.android.app.shealth,2026-05-11 03:00:04.115,,1.1891786,1735.58,73.18,2348,g1bnYRM2yN,com.sec.android.app.shealth,0,1e523be8-982c-45a9-8285-75e0f33b044e.achievement.json,1e523be8-982c-45a9-8285-75e0f33b044e,2026-05-10 00:00:00.000,
63200010,2141,bc071883-6ba8-40fe-82c7-0149949a748d.binning_data.json,1166666,6000,63200010,37,2026-05-12 03:00:16.146,com.sec.android.app.shealth,2026-05-11 03:00:10.913,,1.3868115,1617.9467,79.58185,2104,yeLoKu9/uD,com.sec.android.app.shealth,0,bc071883-6ba8-40fe-82c7-0149949a748d.achievement.json,bc071883-6ba8-40fe-82c7-0149949a748d,2026-05-10 00:00:00.000,
63200010,10275,1f739b39-4d95-4704-a987-5694492f57eb.binning_data.json,5264672,6000,63200010,106,2026-05-12 04:08:18.492,com.sec.android.app.shealth,2026-05-11 03:19:33.481,1f739b39-4d95-4704-a987-5694492f57eb.source_info.json,1.4617517,7695.644,362.60223,10169,VfS0qUERdZ,com.sec.android.app.shealth,0,1f739b39-4d95-4704-a987-5694492f57eb.achievement.json,1f739b39-4d95-4704-a987-5694492f57eb,2026-05-11 00:00:00.000,
63200010,4606,a0d10fc6-cb35-470c-ab24-4cdbf95d0b07.binning_data.json,2863248,6000,63200010,0,2026-05-12 03:00:06.791,com.sec.android.app.shealth,2026-05-12 03:00:06.791,,1.1904801,3408.64,141.18,4606,g1bnYRM2yN,com.sec.android.app.shealth,0,a0d10fc6-cb35-470c-ab24-4cdbf95d0b07.achievement.json,a0d10fc6-cb35-470c-ab24-4cdbf95d0b07,2026-05-11 00:00:00.000,
63200010,9829,f7b686b0-ee82-4288-84bf-18e70a6e5f4d.binning_data.json,4549999,6000,63200010,106,2026-05-13 03:00:11.831,com.sec.android.app.shealth,2026-05-12 03:00:16.224,,1.6191566,7367.1626,357.51013,9723,yeLoKu9/uD,com.sec.android.app.shealth,0,f7b686b0-ee82-4288-84bf-18e70a6e5f4d.achievement.json,f7b686b0-ee82-4288-84bf-18e70a6e5f4d,2026-05-11 00:00:00.000,
63200010,6693,03d6a20a-4dc5-404c-8633-3dd1588edb13.binning_data.json,3454599,6000,63200010,64,2026-05-13 03:00:43.314,com.sec.android.app.shealth,2026-05-12 03:30:36.964,03d6a20a-4dc5-404c-8633-3dd1588edb13.source_info.json,1.4474956,5000.517,237.63019,6629,VfS0qUERdZ,com.sec.android.app.shealth,0,03d6a20a-4dc5-404c-8633-3dd1588edb13.achievement.json,03d6a20a-4dc5-404c-8633-3dd1588edb13,2026-05-12 00:00:00.000,
63200010,3394,9a7a9801-3879-4b30-b26b-1909c0c85abe.binning_data.json,2086672,6000,63200010,3,2026-05-13 03:00:05.008,com.sec.android.app.shealth,2026-05-13 03:00:05.008,,1.2097923,2524.44,103.729996,3391,g1bnYRM2yN,com.sec.android.app.shealth,0,9a7a9801-3879-4b30-b26b-1909c0c85abe.achievement.json,9a7a9801-3879-4b30-b26b-1909c0c85abe,2026-05-12 00:00:00.000,
63200010,6256,f39631ec-4f9d-48ec-adcb-d7b09b04616f.binning_data.json,2883333,6000,63200010,61,2026-05-14 03:00:05.609,com.sec.android.app.shealth,2026-05-13 03:00:12.403,,1.6217736,4676.114,229.84558,6195,yeLoKu9/uD,com.sec.android.app.shealth,0,f39631ec-4f9d-48ec-adcb-d7b09b04616f.achievement.json,f39631ec-4f9d-48ec-adcb-d7b09b04616f,2026-05-12 00:00:00.000,
63200010,5291,9587a157-f48a-4d6f-bf47-92c698afbee7.binning_data.json,2969710,6000,63200010,67,2026-05-14 03:06:08.451,com.sec.android.app.shealth,2026-05-13 12:59:15.090,9587a157-f48a-4d6f-bf47-92c698afbee7.source_info.json,1.3361657,3968.025,189.06648,5224,VfS0qUERdZ,com.sec.android.app.shealth,0,9587a157-f48a-4d6f-bf47-92c698afbee7.achievement.json,9587a157-f48a-4d6f-bf47-92c698afbee7,2026-05-13 00:00:00.000,
63200010,2050,8d8084d3-e805-42c6-b2e4-7e4d585ef65a.binning_data.json,1310872,6000,63200010,0,2026-05-14 03:00:03.213,com.sec.android.app.shealth,2026-05-14 03:00:03.213,,1.1498144,1507.26,64.24999,2050,g1bnYRM2yN,com.sec.android.app.shealth,0,8d8084d3-e805-42c6-b2e4-7e4d585ef65a.achievement.json,8d8084d3-e805-42c6-b2e4-7e4d585ef65a,2026-05-13 00:00:00.000,
63200010,4869,7b70e3c7-c09e-4854-91cb-533def44a1d8.binning_data.json,2716666,6000,63200010,67,2026-05-15 03:00:07.950,com.sec.android.app.shealth,2026-05-14 03:00:05.604,,1.3460808,3656.8525,178.41559,4802,yeLoKu9/uD,com.sec.android.app.shealth,0,7b70e3c7-c09e-4854-91cb-533def44a1d8.achievement.json,7b70e3c7-c09e-4854-91cb-533def44a1d8,2026-05-13 00:00:00.000,
63200010,8141,2463463c-26fa-4538-9d83-3991c0f4b58c.binning_data.json,4094431,6000,63200010,48,2026-05-15 10:58:14.997,com.sec.android.app.shealth,2026-05-14 03:03:11.038,2463463c-26fa-4538-9d83-3991c0f4b58c.source_info.json,1.4791577,6056.3105,281.75812,8093,VfS0qUERdZ,com.sec.android.app.shealth,0,2463463c-26fa-4538-9d83-3991c0f4b58c.achievement.json,2463463c-26fa-4538-9d83-3991c0f4b58c,2026-05-14 00:00:00.000,
63200010,5172,86cbba8c-3f75-4621-9004-9493f91c5a55.binning_data.json,3203599,6000,63200010,2,2026-05-15 03:00:05.601,com.sec.android.app.shealth,2026-05-15 03:00:05.601,,1.1956645,3830.43,159.04999,5170,g1bnYRM2yN,com.sec.android.app.shealth,0,86cbba8c-3f75-4621-9004-9493f91c5a55.achievement.json,86cbba8c-3f75-4621-9004-9493f91c5a55,2026-05-14 00:00:00.000,
63200010,7330,1350b1ee-4a96-4e38-aec1-7cb8e46a7c7c.binning_data.json,3166666,6000,63200010,46,2026-05-16 03:00:09.613,com.sec.android.app.shealth,2026-05-15 03:00:07.992,,1.7229812,5456.1074,264.677,7284,yeLoKu9/uD,com.sec.android.app.shealth,0,1350b1ee-4a96-4e38-aec1-7cb8e46a7c7c.achievement.json,1350b1ee-4a96-4e38-aec1-7cb8e46a7c7c,2026-05-14 00:00:00.000,
63200010,6204,500562e9-3d60-494c-a683-7e72cbe070d0.binning_data.json,3237674,6000,63200010,84,2026-05-16 12:16:16.366,com.sec.android.app.shealth,2026-05-15 03:29:20.458,500562e9-3d60-494c-a683-7e72cbe070d0.source_info.json,1.434801,4645.418,216.0016,6120,VfS0qUERdZ,com.sec.android.app.shealth,0,500562e9-3d60-494c-a683-7e72cbe070d0.achievement.json,500562e9-3d60-494c-a683-7e72cbe070d0,2026-05-15 00:00:00.000,
63200010,3068,af929b3e-121d-4d3e-8682-7ede4eb6f461.binning_data.json,1861219,6000,63200010,4,2026-05-16 03:00:06.541,com.sec.android.app.shealth,2026-05-16 03:00:06.541,,1.2290974,2287.62,95.24,3064,g1bnYRM2yN,com.sec.android.app.shealth,0,af929b3e-121d-4d3e-8682-7ede4eb6f461.achievement.json,af929b3e-121d-4d3e-8682-7ede4eb6f461,2026-05-15 00:00:00.000,
63200010,5164,10444825-6a2b-4978-bb29-80e2c9a2501b.binning_data.json,2433333,6000,63200010,95,2026-05-17 03:00:08.765,com.sec.android.app.shealth,2026-05-16 03:00:09.520,,1.5877509,3863.5273,187.68787,5069,yeLoKu9/uD,com.sec.android.app.shealth,0,10444825-6a2b-4978-bb29-80e2c9a2501b.achievement.json,10444825-6a2b-4978-bb29-80e2c9a2501b,2026-05-15 00:00:00.000,
63200010,8657,017bdac6-f3c2-4606-bd26-4413584e6ef7.binning_data.json,5000285,6000,63200010,57,2026-05-17 03:20:22.836,com.sec.android.app.shealth,2026-05-16 03:05:49.219,017bdac6-f3c2-4606-bd26-4413584e6ef7.source_info.json,1.2986783,6493.762,294.26093,8600,VfS0qUERdZ,com.sec.android.app.shealth,0,017bdac6-f3c2-4606-bd26-4413584e6ef7.achievement.json,017bdac6-f3c2-4606-bd26-4413584e6ef7,2026-05-16 00:00:00.000,
63200010,5584,87077a77-eb74-4f61-a961-e1738c20db23.binning_data.json,3310162,6000,63200010,23,2026-05-17 03:00:05.769,com.sec.android.app.shealth,2026-05-17 03:00:05.769,,1.2635058,4182.41,174.32999,5561,g1bnYRM2yN,com.sec.android.app.shealth,0,87077a77-eb74-4f61-a961-e1738c20db23.achievement.json,87077a77-eb74-4f61-a961-e1738c20db23,2026-05-16 00:00:00.000,
63200010,6527,8a8b847d-82d8-497f-a6bc-43502903e6c0.binning_data.json,3533333,6000,63200010,46,2026-05-18 03:00:19.910,com.sec.android.app.shealth,2026-05-17 03:00:08.684,,1.3813822,4880.8843,234.94284,6481,yeLoKu9/uD,com.sec.android.app.shealth,0,8a8b847d-82d8-497f-a6bc-43502903e6c0.achievement.json,8a8b847d-82d8-497f-a6bc-43502903e6c0,2026-05-16 00:00:00.000,
63200010,5644,14fabc7c-671c-422f-83cb-0bcdffc50f2e.binning_data.json,3455072,6000,63200010,184,2026-05-18 11:34:41.461,com.sec.android.app.shealth,2026-05-17 03:09:50.871,14fabc7c-671c-422f-83cb-0bcdffc50f2e.source_info.json,1.2336681,4262.413,201.73155,5460,VfS0qUERdZ,com.sec.android.app.shealth,0,14fabc7c-671c-422f-83cb-0bcdffc50f2e.achievement.json,14fabc7c-671c-422f-83cb-0bcdffc50f2e,2026-05-17 00:00:00.000,
63200010,2765,47abafc0-c7d3-49d3-a27a-e0013fd1255a.binning_data.json,1630899,6000,63200010,7,2026-05-18 03:00:08.517,com.sec.android.app.shealth,2026-05-18 03:00:08.517,,1.2749528,2079.32,86.249985,2758,g1bnYRM2yN,com.sec.android.app.shealth,0,47abafc0-c7d3-49d3-a27a-e0013fd1255a.achievement.json,47abafc0-c7d3-49d3-a27a-e0013fd1255a,2026-05-17 00:00:00.000,
63200010,4974,bbf3e4c3-c761-44c1-94fe-bc51435fb4f8.binning_data.json,2900000,6000,63200010,189,2026-05-19 03:00:07.179,com.sec.android.app.shealth,2026-05-18 03:00:19.956,,1.2958357,3757.9238,186.98094,4785,yeLoKu9/uD,com.sec.android.app.shealth,0,bbf3e4c3-c761-44c1-94fe-bc51435fb4f8.achievement.json,bbf3e4c3-c761-44c1-94fe-bc51435fb4f8,2026-05-17 00:00:00.000,
63200010,4172,089e0a4f-2c34-489d-af57-8d5c89048c59.binning_data.json,2480721,6000,63200010,98,2026-05-19 17:22:27.778,com.sec.android.app.shealth,2026-05-18 03:04:03.503,089e0a4f-2c34-489d-af57-8d5c89048c59.source_info.json,1.2653878,3139.0745,158.06236,4074,VfS0qUERdZ,com.sec.android.app.shealth,0,089e0a4f-2c34-489d-af57-8d5c89048c59.achievement.json,089e0a4f-2c34-489d-af57-8d5c89048c59,2026-05-18 00:00:00.000,
63200010,1283,be0b6fc0-5354-4d3f-b67c-96d96260fe05.binning_data.json,770232,6000,63200010,1,2026-05-19 03:00:04.041,com.sec.android.app.shealth,2026-05-19 03:00:04.041,,1.2426639,957.14,40.019997,1282,g1bnYRM2yN,com.sec.android.app.shealth,0,be0b6fc0-5354-4d3f-b67c-96d96260fe05.achievement.json,be0b6fc0-5354-4d3f-b67c-96d96260fe05,2026-05-18 00:00:00.000,
63200010,3767,edbb82c1-3989-43cf-bddc-3d9210d9f8ed.binning_data.json,2283333,6000,63200010,100,2026-05-20 03:00:08.117,com.sec.android.app.shealth,2026-05-19 03:00:07.170,,1.2434847,2839.29,146.9198,3667,yeLoKu9/uD,com.sec.android.app.shealth,0,edbb82c1-3989-43cf-bddc-3d9210d9f8ed.achievement.json,edbb82c1-3989-43cf-bddc-3d9210d9f8ed,2026-05-18 00:00:00.000,
63200010,6879,f8862d5f-d7ff-43bb-a346-64aed0f964b9.binning_data.json,3284432,6000,63200010,79,2026-05-20 13:08:58.184,com.sec.android.app.shealth,2026-05-19 03:05:03.036,f8862d5f-d7ff-43bb-a346-64aed0f964b9.source_info.json,1.5705868,5158.4873,242.38983,6800,VfS0qUERdZ,com.sec.android.app.shealth,0,f8862d5f-d7ff-43bb-a346-64aed0f964b9.achievement.json,f8862d5f-d7ff-43bb-a346-64aed0f964b9,2026-05-19 00:00:00.000,
63200010,4408,b83e1fff-5f84-40aa-848e-b85712cd4a79.binning_data.json,2779608,6000,63200010,25,2026-05-20 03:00:05.173,com.sec.android.app.shealth,2026-05-20 03:00:05.173,,1.1836271,3290.02,140.05,4383,g1bnYRM2yN,com.sec.android.app.shealth,0,b83e1fff-5f84-40aa-848e-b85712cd4a79.achievement.json,b83e1fff-5f84-40aa-848e-b85712cd4a79,2026-05-19 00:00:00.000,
63200010,6235,2d8b3d42-497e-40e9-b835-0eda8b47b645.binning_data.json,2566666,6000,63200010,56,2026-05-21 03:00:06.456,com.sec.android.app.shealth,2026-05-20 03:00:08.108,,1.8045259,4631.616,225.45923,6179,yeLoKu9/uD,com.sec.android.app.shealth,0,2d8b3d42-497e-40e9-b835-0eda8b47b645.achievement.json,2d8b3d42-497e-40e9-b835-0eda8b47b645,2026-05-19 00:00:00.000,
63200010,5689,a10bcf22-ae3a-49ee-bb4e-ec301a09e89e.binning_data.json,3191021,6000,63200010,76,2026-05-21 13:27:35.677,com.sec.android.app.shealth,2026-05-20 13:06:14.722,a10bcf22-ae3a-49ee-bb4e-ec301a09e89e.source_info.json,1.340775,4278.4414,196.74783,5613,VfS0qUERdZ,com.sec.android.app.shealth,0,a10bcf22-ae3a-49ee-bb4e-ec301a09e89e.achievement.json,a10bcf22-ae3a-49ee-bb4e-ec301a09e89e,2026-05-20 00:00:00.000,
63200010,3230,ae4e32dd-9bfd-4df4-a735-799f4d927aa9.binning_data.json,1915269,6000,63200010,6,2026-05-21 03:00:03.570,com.sec.android.app.shealth,2026-05-21 03:00:03.570,,1.2638797,2420.67,99.209984,3224,g1bnYRM2yN,com.sec.android.app.shealth,0,ae4e32dd-9bfd-4df4-a735-799f4d927aa9.achievement.json,ae4e32dd-9bfd-4df4-a735-799f4d927aa9,2026-05-20 00:00:00.000,
63200010,5305,b5ed1739-a6bc-4cac-9fb6-7002b5740bca.binning_data.json,2533333,6000,63200010,85,2026-05-22 03:00:09.485,com.sec.android.app.shealth,2026-05-21 03:00:06.439,,1.5741372,3987.8145,195.28119,5220,yeLoKu9/uD,com.sec.android.app.shealth,0,b5ed1739-a6bc-4cac-9fb6-7002b5740bca.achievement.json,b5ed1739-a6bc-4cac-9fb6-7002b5740bca,2026-05-20 00:00:00.000,
63200010,5574,bb729bfe-00e8-4c92-94a7-897373b79c6a.binning_data.json,3635808,6000,63200010,67,2026-05-22 10:52:51.493,com.sec.android.app.shealth,2026-05-21 13:03:14.984,bb729bfe-00e8-4c92-94a7-897373b79c6a.source_info.json,1.1445992,4161.543,192.6975,5507,VfS0qUERdZ,com.sec.android.app.shealth,0,bb729bfe-00e8-4c92-94a7-897373b79c6a.achievement.json,bb729bfe-00e8-4c92-94a7-897373b79c6a,2026-05-21 00:00:00.000,
63200010,2841,239d68d5-3926-4b6e-b800-59ef86238011.binning_data.json,1760395,6000,63200010,0,2026-05-22 03:00:06.025,com.sec.android.app.shealth,2026-05-22 03:00:06.025,,1.1939588,2101.84,87.56,2841,g1bnYRM2yN,com.sec.android.app.shealth,0,239d68d5-3926-4b6e-b800-59ef86238011.achievement.json,239d68d5-3926-4b6e-b800-59ef86238011,2026-05-21 00:00:00.000,
63200010,5040,b42df436-d2bb-42bd-ab9f-25a995b1dd6d.binning_data.json,2950000,6000,63200010,77,2026-05-23 04:13:38.619,com.sec.android.app.shealth,2026-05-22 03:00:09.469,,1.2785511,3771.7258,183.58704,4963,yeLoKu9/uD,com.sec.android.app.shealth,0,b42df436-d2bb-42bd-ab9f-25a995b1dd6d.achievement.json,b42df436-d2bb-42bd-ab9f-25a995b1dd6d,2026-05-21 00:00:00.000,
63200010,6793,7cc5d6d9-b130-476e-ba5d-8d5544b573e1.binning_data.json,3635968,6000,63200010,65,2026-05-23 04:17:22.554,com.sec.android.app.shealth,2026-05-22 03:02:44.604,7cc5d6d9-b130-476e-ba5d-8d5544b573e1.source_info.json,1.4030577,5101.473,237.79214,6728,VfS0qUERdZ,com.sec.android.app.shealth,0,7cc5d6d9-b130-476e-ba5d-8d5544b573e1.achievement.json,7cc5d6d9-b130-476e-ba5d-8d5544b573e1,2026-05-22 00:00:00.000,
63200010,3193,40220830-3b32-447a-811f-4d74b4b4d9f9.binning_data.json,1956301,6000,63200010,3,2026-05-23 04:13:38.000,com.sec.android.app.shealth,2026-05-23 04:13:38.000,,1.213499,2373.97,98.01999,3190,g1bnYRM2yN,com.sec.android.app.shealth,0,40220830-3b32-447a-811f-4d74b4b4d9f9.achievement.json,40220830-3b32-447a-811f-4d74b4b4d9f9,2026-05-22 00:00:00.000,
63200010,6388,3284a285-53fb-4085-8c5f-264e09aa3b28.binning_data.json,2966666,6000,63200010,68,2026-05-24 03:01:51.360,com.sec.android.app.shealth,2026-05-23 04:13:38.706,,1.613247,4785.9663,233.32683,6320,yeLoKu9/uD,com.sec.android.app.shealth,0,3284a285-53fb-4085-8c5f-264e09aa3b28.achievement.json,3284a285-53fb-4085-8c5f-264e09aa3b28,2026-05-22 00:00:00.000,
63200010,8935,d7a0cc6d-1b77-4ebb-bb0c-b8577fa8b961.binning_data.json,4669568,6000,63200010,73,2026-05-24 03:23:31.326,com.sec.android.app.shealth,2026-05-23 04:17:21.511,d7a0cc6d-1b77-4ebb-bb0c-b8577fa8b961.source_info.json,1.429659,6675.8906,316.46896,8862,VfS0qUERdZ,com.sec.android.app.shealth,0,d7a0cc6d-1b77-4ebb-bb0c-b8577fa8b961.achievement.json,d7a0cc6d-1b77-4ebb-bb0c-b8577fa8b961,2026-05-23 00:00:00.000,
63200010,2957,3aaa61a3-3d14-4765-84cd-59f8c02c4164.binning_data.json,1781009,6000,63200010,14,2026-05-24 03:01:37.244,com.sec.android.app.shealth,2026-05-24 03:01:37.244,,1.2375675,2204.12,92.689995,2943,g1bnYRM2yN,com.sec.android.app.shealth,0,3aaa61a3-3d14-4765-84cd-59f8c02c4164.achievement.json,3aaa61a3-3d14-4765-84cd-59f8c02c4164,2026-05-23 00:00:00.000,
63200010,8466,5c7995ec-1d1b-4018-ac6b-05663eb321f3.binning_data.json,4316666,6000,63200010,85,2026-05-25 03:00:37.561,com.sec.android.app.shealth,2026-05-24 03:01:51.446,,1.4650235,6324.018,307.83182,8381,yeLoKu9/uD,com.sec.android.app.shealth,0,5c7995ec-1d1b-4018-ac6b-05663eb321f3.achievement.json,5c7995ec-1d1b-4018-ac6b-05663eb321f3,2026-05-23 00:00:00.000,
63200010,4491,5dbd0f2a-6467-4b09-a7e1-04e8731d30bb.binning_data.json,2912421,6000,63200010,55,2026-05-25 13:10:54.119,com.sec.android.app.shealth,2026-05-24 03:22:15.831,5dbd0f2a-6467-4b09-a7e1-04e8731d30bb.source_info.json,1.1543754,3362.0276,161.23236,4436,VfS0qUERdZ,com.sec.android.app.shealth,0,5dbd0f2a-6467-4b09-a7e1-04e8731d30bb.achievement.json,5dbd0f2a-6467-4b09-a7e1-04e8731d30bb,2026-05-24 00:00:00.000,
63200010,1238,7944bff3-004c-41ad-baaf-315685f1881e.binning_data.json,767168,6000,63200010,0,2026-05-25 03:00:27.383,com.sec.android.app.shealth,2026-05-25 03:00:27.383,,1.1955646,917.2,38.579998,1238,g1bnYRM2yN,com.sec.android.app.shealth,0,7944bff3-004c-41ad-baaf-315685f1881e.achievement.json,7944bff3-004c-41ad-baaf-315685f1881e,2026-05-24 00:00:00.000,
63200010,4363,5479cb42-9f75-41e0-b963-5b202cbee5d4.binning_data.json,2783333,6000,63200010,55,2026-05-26 03:11:43.100,com.sec.android.app.shealth,2026-05-25 03:00:37.396,,1.1719743,3261.995,159.02545,4308,yeLoKu9/uD,com.sec.android.app.shealth,0,5479cb42-9f75-41e0-b963-5b202cbee5d4.achievement.json,5479cb42-9f75-41e0-b963-5b202cbee5d4,2026-05-24 00:00:00.000,
63200010,6054,f8a01df0-ba19-4314-9612-5b0d976850bd.binning_data.json,3157570,6000,63200010,52,2026-05-26 11:38:53.532,com.sec.android.app.shealth,2026-05-25 03:03:46.329,f8a01df0-ba19-4314-9612-5b0d976850bd.source_info.json,1.423498,4494.7954,212.54773,6002,VfS0qUERdZ,com.sec.android.app.shealth,0,f8a01df0-ba19-4314-9612-5b0d976850bd.achievement.json,f8a01df0-ba19-4314-9612-5b0d976850bd,2026-05-25 00:00:00.000,
63200010,2935,6818e8ff-7d13-4054-9318-65c9eb6d37a3.binning_data.json,1830107,6000,63200010,0,2026-05-26 03:11:36.160,com.sec.android.app.shealth,2026-05-26 03:11:36.160,,1.1874931,2173.24,90.20999,2935,g1bnYRM2yN,com.sec.android.app.shealth,0,6818e8ff-7d13-4054-9318-65c9eb6d37a3.achievement.json,6818e8ff-7d13-4054-9318-65c9eb6d37a3,2026-05-25 00:00:00.000,
63200010,5279,a3250f49-fd3b-4d7f-9213-5deb6224295c.binning_data.json,2433333,6000,63200010,93,2026-05-27 03:00:09.440,com.sec.android.app.shealth,2026-05-26 03:11:43.030,,1.6079806,3912.753,193.49492,5186,yeLoKu9/uD,com.sec.android.app.shealth,0,a3250f49-fd3b-4d7f-9213-5deb6224295c.achievement.json,a3250f49-fd3b-4d7f-9213-5deb6224295c,2026-05-25 00:00:00.000,
63200010,5874,55f9556e-aff3-4e3b-aa2c-7f9cbdc7b6ad.binning_data.json,2771570,6000,63200010,48,2026-05-27 03:09:12.596,com.sec.android.app.shealth,2026-05-26 03:18:55.659,55f9556e-aff3-4e3b-aa2c-7f9cbdc7b6ad.source_info.json,1.5816505,4383.6567,207.65048,5826,VfS0qUERdZ,com.sec.android.app.shealth,0,55f9556e-aff3-4e3b-aa2c-7f9cbdc7b6ad.achievement.json,55f9556e-aff3-4e3b-aa2c-7f9cbdc7b6ad,2026-05-26 00:00:00.000,
63200010,3446,9d5adce0-da94-4651-87a8-7ba1147c6cea.binning_data.json,2098152,6000,63200010,1,2026-05-27 03:00:05.727,com.sec.android.app.shealth,2026-05-27 03:00:05.727,,1.2206784,2561.17,105.24999,3445,g1bnYRM2yN,com.sec.android.app.shealth,0,9d5adce0-da94-4651-87a8-7ba1147c6cea.achievement.json,9d5adce0-da94-4651-87a8-7ba1147c6cea,2026-05-26 00:00:00.000,
63200010,5540,01997274-0444-4c1c-bf7c-36d9f24b656a.binning_data.json,2300000,6000,63200010,76,2026-05-28 03:00:55.056,com.sec.android.app.shealth,2026-05-27 03:00:09.461,,1.7974617,4134.162,203.6757,5464,yeLoKu9/uD,com.sec.android.app.shealth,0,01997274-0444-4c1c-bf7c-36d9f24b656a.achievement.json,01997274-0444-4c1c-bf7c-36d9f24b656a,2026-05-26 00:00:00.000,
63200010,5701,1841e544-7703-4dbf-8d3f-53d324c283ec.binning_data.json,3013645,6000,63200010,74,2026-05-28 11:39:08.476,com.sec.android.app.shealth,2026-05-27 03:03:42.545,1841e544-7703-4dbf-8d3f-53d324c283ec.source_info.json,1.4144763,4262.73,203.89532,5627,VfS0qUERdZ,com.sec.android.app.shealth,0,1841e544-7703-4dbf-8d3f-53d324c283ec.achievement.json,1841e544-7703-4dbf-8d3f-53d324c283ec,2026-05-27 00:00:00.000,
63200010,2811,5c9bbea1-6c1a-47de-987e-2dd8ad23e9e7.binning_data.json,1793163,6000,63200010,1,2026-05-28 03:00:49.216,com.sec.android.app.shealth,2026-05-28 03:00:49.216,,1.1542671,2069.79,87.17999,2810,g1bnYRM2yN,com.sec.android.app.shealth,0,5c9bbea1-6c1a-47de-987e-2dd8ad23e9e7.achievement.json,5c9bbea1-6c1a-47de-987e-2dd8ad23e9e7,2026-05-27 00:00:00.000,
63200010,5267,9807bf47-3316-49f8-bcc1-e40c669fb4fc.binning_data.json,2616666,6000,63200010,80,2026-05-29 03:00:07.323,com.sec.android.app.shealth,2026-05-28 03:00:55.099,,1.5089488,3948.416,193.50217,5187,yeLoKu9/uD,com.sec.android.app.shealth,0,9807bf47-3316-49f8-bcc1-e40c669fb4fc.achievement.json,9807bf47-3316-49f8-bcc1-e40c669fb4fc,2026-05-27 00:00:00.000,
63200010,6382,23e284be-593d-4cc2-97a9-eda8c8b04257.binning_data.json,3714853,6000,63200010,144,2026-05-29 03:11:20.468,com.sec.android.app.shealth,2026-05-28 03:13:12.243,23e284be-593d-4cc2-97a9-eda8c8b04257.source_info.json,1.2880592,4784.9507,226.93034,6238,VfS0qUERdZ,com.sec.android.app.shealth,0,23e284be-593d-4cc2-97a9-eda8c8b04257.achievement.json,23e284be-593d-4cc2-97a9-eda8c8b04257,2026-05-28 00:00:00.000,
63200010,2310,214cc70b-719e-4129-98e1-bf6285839827.binning_data.json,1410354,6000,63200010,0,2026-05-29 03:00:04.404,com.sec.android.app.shealth,2026-05-29 03:00:04.404,,1.2181474,1718.02,71.30999,2310,g1bnYRM2yN,com.sec.android.app.shealth,0,214cc70b-719e-4129-98e1-bf6285839827.achievement.json,214cc70b-719e-4129-98e1-bf6285839827,2026-05-28 00:00:00.000,
63200010,5888,552bf518-b4fa-4c3d-818c-34dca1e550c5.binning_data.json,3183333,6000,63200010,152,2026-05-30 03:00:11.904,com.sec.android.app.shealth,2026-05-29 03:00:07.409,,1.3869214,4415.033,218.03595,5736,yeLoKu9/uD,com.sec.android.app.shealth,0,552bf518-b4fa-4c3d-818c-34dca1e550c5.achievement.json,552bf518-b4fa-4c3d-818c-34dca1e550c5,2026-05-28 00:00:00.000,
63200010,6502,e89bf71b-60de-443f-be76-22f6234f064d.binning_data.json,3777184,6000,63200010,91,2026-05-30 09:03:29.396,com.sec.android.app.shealth,2026-05-29 03:04:12.897,e89bf71b-60de-443f-be76-22f6234f064d.source_info.json,1.3013955,4915.6104,223.66957,6411,VfS0qUERdZ,com.sec.android.app.shealth,0,e89bf71b-60de-443f-be76-22f6234f064d.achievement.json,e89bf71b-60de-443f-be76-22f6234f064d,2026-05-29 00:00:00.000,
63200010,3374,773f848f-99ac-40fd-96d2-41296ada867f.binning_data.json,1949430,6000,63200010,32,2026-05-30 03:00:07.680,com.sec.android.app.shealth,2026-05-30 03:00:07.680,,1.3112648,2556.22,106.549995,3342,g1bnYRM2yN,com.sec.android.app.shealth,0,773f848f-99ac-40fd-96d2-41296ada867f.achievement.json,773f848f-99ac-40fd-96d2-41296ada867f,2026-05-29 00:00:00.000,
63200010,4697,0c2935cb-6f5e-46fb-a5e2-04b84ae7e5f4.binning_data.json,2533333,6000,63200010,59,2026-05-31 03:00:07.577,com.sec.android.app.shealth,2026-05-30 03:00:11.929,,1.3909293,3523.6877,171.21193,4638,yeLoKu9/uD,com.sec.android.app.shealth,0,0c2935cb-6f5e-46fb-a5e2-04b84ae7e5f4.achievement.json,0c2935cb-6f5e-46fb-a5e2-04b84ae7e5f4,2026-05-29 00:00:00.000,
63200010,6640,c3c81f2f-82c9-43d6-b4a3-9a44c5bbc731.binning_data.json,3669355,6000,63200010,69,2026-05-31 09:16:30.939,com.sec.android.app.shealth,2026-05-30 03:18:05.724,c3c81f2f-82c9-43d6-b4a3-9a44c5bbc731.source_info.json,1.3569697,4979.2046,229.45729,6571,VfS0qUERdZ,com.sec.android.app.shealth,0,c3c81f2f-82c9-43d6-b4a3-9a44c5bbc731.achievement.json,c3c81f2f-82c9-43d6-b4a3-9a44c5bbc731,2026-05-30 00:00:00.000,
63200010,4568,231f94b5-a48a-457a-991d-623f234dba1c.binning_data.json,2738923,6000,63200010,0,2026-05-31 03:00:04.615,com.sec.android.app.shealth,2026-05-31 03:00:04.615,,1.2489798,3420.8599,142.59999,4568,g1bnYRM2yN,com.sec.android.app.shealth,0,231f94b5-a48a-457a-991d-623f234dba1c.achievement.json,231f94b5-a48a-457a-991d-623f234dba1c,2026-05-30 00:00:00.000,
63200010,5611,71cb1a06-a2ee-4c15-8de2-204359760533.binning_data.json,2749999,6000,63200010,80,2026-06-01 03:00:09.502,com.sec.android.app.shealth,2026-05-31 03:00:07.570,,1.5232493,4188.9355,203.92104,5531,yeLoKu9/uD,com.sec.android.app.shealth,0,71cb1a06-a2ee-4c15-8de2-204359760533.achievement.json,71cb1a06-a2ee-4c15-8de2-204359760533,2026-05-30 00:00:00.000,
63200010,8675,32d1789a-33e1-4fbb-9a62-653a1c37c8a5.binning_data.json,4883793,6000,63200010,43,2026-06-01 11:01:13.546,com.sec.android.app.shealth,2026-05-31 09:01:44.772,32d1789a-33e1-4fbb-9a62-653a1c37c8a5.source_info.json,1.3330207,6510.1973,294.93292,8632,VfS0qUERdZ,com.sec.android.app.shealth,0,32d1789a-33e1-4fbb-9a62-653a1c37c8a5.achievement.json,32d1789a-33e1-4fbb-9a62-653a1c37c8a5,2026-05-31 00:00:00.000,
63200010,5449,2f7f6105-635b-4165-bc10-c272471e00eb.binning_data.json,3162284,6000,63200010,0,2026-06-01 03:00:04.631,com.sec.android.app.shealth,2026-06-01 03:00:04.631,,1.2936974,4091.0396,167.82996,5449,g1bnYRM2yN,com.sec.android.app.shealth,0,2f7f6105-635b-4165-bc10-c272471e00eb.achievement.json,2f7f6105-635b-4165-bc10-c272471e00eb,2026-05-31 00:00:00.000,
63200010,7724,3d68d5dd-8a66-4026-9a0b-95aaeb653a1d.binning_data.json,3500000,6000,63200010,45,2026-06-02 03:02:59.760,com.sec.android.app.shealth,2026-06-01 03:00:09.589,,1.6528869,5785.104,278.8465,7679,yeLoKu9/uD,com.sec.android.app.shealth,0,3d68d5dd-8a66-4026-9a0b-95aaeb653a1d.achievement.json,3d68d5dd-8a66-4026-9a0b-95aaeb653a1d,2026-05-31 00:00:00.000,
63200010,7435,2d519d17-cecf-4a47-92c8-6a81b3710667.binning_data.json,4271349,6000,63200010,73,2026-06-02 03:30:13.855,com.sec.android.app.shealth,2026-06-01 11:46:09.769,2d519d17-cecf-4a47-92c8-6a81b3710667.source_info.json,1.3082662,5588.0625,264.32028,7362,VfS0qUERdZ,com.sec.android.app.shealth,0,2d519d17-cecf-4a47-92c8-6a81b3710667.achievement.json,2d519d17-cecf-4a47-92c8-6a81b3710667,2026-06-01 00:00:00.000,
63200010,2694,4264a585-f104-421f-96d0-896e34131b04.binning_data.json,1595035,6000,63200010,0,2026-06-02 03:02:56.339,com.sec.android.app.shealth,2026-06-02 03:02:56.339,,1.263521,2015.36,81.929985,2694,g1bnYRM2yN,com.sec.android.app.shealth,0,4264a585-f104-421f-96d0-896e34131b04.achievement.json,4264a585-f104-421f-96d0-896e34131b04,2026-06-01 00:00:00.000,
63200010,7082,cd85005f-3a13-4a00-b953-a5d23ef9ddc1.binning_data.json,3750000,6000,63200010,99,2026-06-04 03:01:46.030,com.sec.android.app.shealth,2026-06-02 03:02:59.750,,1.4192575,5322.216,259.82483,6983,yeLoKu9/uD,com.sec.android.app.shealth,0,cd85005f-3a13-4a00-b953-a5d23ef9ddc1.achievement.json,cd85005f-3a13-4a00-b953-a5d23ef9ddc1,2026-06-01 00:00:00.000,
63200010,5750,405e4896-0b21-433e-8d57-d4555f0194eb.binning_data.json,3395077,6000,63200010,68,2026-06-03 03:07:14.791,com.sec.android.app.shealth,2026-06-02 03:21:15.091,405e4896-0b21-433e-8d57-d4555f0194eb.source_info.json,1.2707084,4314.154,203.67422,5682,VfS0qUERdZ,com.sec.android.app.shealth,0,405e4896-0b21-433e-8d57-d4555f0194eb.achievement.json,405e4896-0b21-433e-8d57-d4555f0194eb,2026-06-02 00:00:00.000,
63200010,2707,48eac62a-4e9b-4249-b8e9-128ef21f3596.binning_data.json,1701068,6000,63200010,0,2026-06-04 03:01:41.754,com.sec.android.app.shealth,2026-06-03 03:00:12.831,,1.1743269,1997.61,83.98999,2707,g1bnYRM2yN,com.sec.android.app.shealth,0,48eac62a-4e9b-4249-b8e9-128ef21f3596.achievement.json,48eac62a-4e9b-4249-b8e9-128ef21f3596,2026-06-03 00:00:00.000,
63200010,2247,2c412d6d-371b-4ba0-ade7-3a19b6cb4d19.binning_data.json,1370275,6000,63200010,0,2026-06-03 03:00:12.843,com.sec.android.app.shealth,2026-06-03 03:00:12.843,,1.2181709,1669.23,69.659996,2247,g1bnYRM2yN,com.sec.android.app.shealth,0,2c412d6d-371b-4ba0-ade7-3a19b6cb4d19.achievement.json,2c412d6d-371b-4ba0-ade7-3a19b6cb4d19,2026-06-02 00:00:00.000,
63200010,5013,b02321e8-b4df-4e8c-bdf5-39dfae4063ba.binning_data.json,2456213,6000,63200010,20,2026-06-04 06:57:05.842,com.sec.android.app.shealth,2026-06-03 03:00:14.338,b02321e8-b4df-4e8c-bdf5-39dfae4063ba.source_info.json,1.5217797,3737.8152,172.2241,4993,VfS0qUERdZ,com.sec.android.app.shealth,0,b02321e8-b4df-4e8c-bdf5-39dfae4063ba.achievement.json,b02321e8-b4df-4e8c-bdf5-39dfae4063ba,2026-06-03 00:00:00.000,
63200010,4510,ebb0574d-c582-4032-b858-fa62e41bf6dd.binning_data.json,1933333,6000,63200010,20,2026-06-05 03:00:10.099,com.sec.android.app.shealth,2026-06-04 03:01:45.946,,1.739518,3363.0684,160.75293,4490,yeLoKu9/uD,com.sec.android.app.shealth,0,ebb0574d-c582-4032-b858-fa62e41bf6dd.achievement.json,ebb0574d-c582-4032-b858-fa62e41bf6dd,2026-06-03 00:00:00.000,
63200010,5369,c10c4f31-7649-4b44-b2c2-3ad13f0a102e.binning_data.json,3033333,6000,63200010,79,2026-06-04 03:01:46.126,com.sec.android.app.shealth,2026-06-04 03:01:46.126,,1.328271,4029.0889,197.6001,5290,yeLoKu9/uD,com.sec.android.app.shealth,0,c10c4f31-7649-4b44-b2c2-3ad13f0a102e.achievement.json,c10c4f31-7649-4b44-b2c2-3ad13f0a102e,2026-06-02 00:00:00.000,
63200010,11113,52181063-ed31-441b-8352-8efa46784662.binning_data.json,6212219,6000,63200010,89,2026-06-05 05:18:47.403,com.sec.android.app.shealth,2026-06-04 03:25:19.203,52181063-ed31-441b-8352-8efa46784662.source_info.json,1.3340027,8287.117,376.18817,11024,VfS0qUERdZ,com.sec.android.app.shealth,0,52181063-ed31-441b-8352-8efa46784662.achievement.json,52181063-ed31-441b-8352-8efa46784662,2026-06-04 00:00:00.000,
63200010,7652,37183c32-4f95-4ba7-9adb-40de6e6edcf1.binning_data.json,4778226,6000,63200010,2,2026-06-05 03:00:05.223,com.sec.android.app.shealth,2026-06-05 03:00:05.223,,1.1867666,5670.6396,235.22997,7650,g1bnYRM2yN,com.sec.android.app.shealth,0,37183c32-4f95-4ba7-9adb-40de6e6edcf1.achievement.json,37183c32-4f95-4ba7-9adb-40de6e6edcf1,2026-06-04 00:00:00.000,
63200010,10001,4fb8b7e8-2d2b-4975-b565-05e989575608.binning_data.json,4133333,6000,63200010,98,2026-06-07 03:00:24.834,com.sec.android.app.shealth,2026-06-05 03:00:09.789,,1.8052626,7461.752,364.31018,9903,yeLoKu9/uD,com.sec.android.app.shealth,0,4fb8b7e8-2d2b-4975-b565-05e989575608.achievement.json,4fb8b7e8-2d2b-4975-b565-05e989575608,2026-06-04 00:00:00.000,
63200010,11599,9ce83c8f-14af-4d5d-b86d-e550dfddd69a.binning_data.json,5675975,6000,63200010,474,2026-06-06 03:22:05.984,com.sec.android.app.shealth,2026-06-05 03:05:24.450,9ce83c8f-14af-4d5d-b86d-e550dfddd69a.source_info.json,1.5813216,8975.543,407.19653,11125,VfS0qUERdZ,com.sec.android.app.shealth,0,9ce83c8f-14af-4d5d-b86d-e550dfddd69a.achievement.json,9ce83c8f-14af-4d5d-b86d-e550dfddd69a,2026-06-05 00:00:00.000,
63200010,12507,1f0d1fd3-5bed-4e5f-96d6-377a44f5ca38.binning_data.json,6482871,6000,63200010,109,2026-06-07 03:32:07.695,com.sec.android.app.shealth,2026-06-06 03:04:21.259,1f0d1fd3-5bed-4e5f-96d6-377a44f5ca38.source_info.json,1.4464406,9377.089,432.88095,12398,VfS0qUERdZ,com.sec.android.app.shealth,0,1f0d1fd3-5bed-4e5f-96d6-377a44f5ca38.achievement.json,1f0d1fd3-5bed-4e5f-96d6-377a44f5ca38,2026-06-06 00:00:00.000,
63200010,7207,2fe24a6e-e151-4fd2-bbbf-b564ddafc371.binning_data.json,4282823,6000,63200010,14,2026-06-07 03:00:08.524,com.sec.android.app.shealth,2026-06-06 03:04:22.510,,1.2594191,5393.8696,221.93999,7193,g1bnYRM2yN,com.sec.android.app.shealth,0,2fe24a6e-e151-4fd2-bbbf-b564ddafc371.achievement.json,2fe24a6e-e151-4fd2-bbbf-b564ddafc371,2026-06-06 00:00:00.000,
63200010,8241,512cf4ea-6021-4d1b-bdde-106ec7482a33.binning_data.json,4509621,6000,63200010,411,2026-06-06 03:04:22.537,com.sec.android.app.shealth,2026-06-06 03:04:22.537,,1.4410323,6498.5103,275.28998,7830,g1bnYRM2yN,com.sec.android.app.shealth,0,512cf4ea-6021-4d1b-bdde-106ec7482a33.achievement.json,512cf4ea-6021-4d1b-bdde-106ec7482a33,2026-06-05 00:00:00.000,
63200010,8754,d21a8a45-d1a4-49af-a479-c41bd2628011.binning_data.json,3666666,6000,63200010,113,2026-06-07 03:00:24.748,com.sec.android.app.shealth,2026-06-07 03:00:24.748,,1.7831937,6538.377,314.82654,8641,yeLoKu9/uD,com.sec.android.app.shealth,0,d21a8a45-d1a4-49af-a479-c41bd2628011.achievement.json,d21a8a45-d1a4-49af-a479-c41bd2628011,2026-06-05 00:00:00.000,
63200010,11538,cf85718f-cc50-4711-88f9-01678340510e.binning_data.json,5266666,6000,63200010,102,2026-06-08 03:00:10.429,com.sec.android.app.shealth,2026-06-07 03:00:24.773,,1.6374348,8623.824,416.81836,11436,yeLoKu9/uD,com.sec.android.app.shealth,0,cf85718f-cc50-4711-88f9-01678340510e.achievement.json,cf85718f-cc50-4711-88f9-01678340510e,2026-06-06 00:00:00.000,
63200010,8386,3714b07f-d528-456a-b7f7-95f22accd1ea.binning_data.json,4790062,6000,63200010,60,2026-06-08 03:08:09.133,com.sec.android.app.shealth,2026-06-07 03:32:06.890,3714b07f-d528-456a-b7f7-95f22accd1ea.source_info.json,1.311845,6283.819,291.94788,8326,VfS0qUERdZ,com.sec.android.app.shealth,0,3714b07f-d528-456a-b7f7-95f22accd1ea.achievement.json,3714b07f-d528-456a-b7f7-95f22accd1ea,2026-06-07 00:00:00.000,
63200010,3576,1b0cc2e2-f23c-4c6c-9acd-6f51a9026f14.binning_data.json,2163934,6000,63200010,0,2026-06-09 03:00:04.290,com.sec.android.app.shealth,2026-06-08 03:00:07.077,,1.229427,2660.4,110.77998,3576,g1bnYRM2yN,com.sec.android.app.shealth,0,1b0cc2e2-f23c-4c6c-9acd-6f51a9026f14.achievement.json,1b0cc2e2-f23c-4c6c-9acd-6f51a9026f14,2026-06-08 00:00:00.000,
63200010,4786,d2251538-6f23-4fbb-9f6c-0a741cfcc554.binning_data.json,2771097,6000,63200010,3,2026-06-08 03:00:07.108,com.sec.android.app.shealth,2026-06-08 03:00:07.108,,1.3005246,3603.88,149.64,4783,g1bnYRM2yN,com.sec.android.app.shealth,0,d2251538-6f23-4fbb-9f6c-0a741cfcc554.achievement.json,d2251538-6f23-4fbb-9f6c-0a741cfcc554,2026-06-07 00:00:00.000,
63200010,6552,0948444f-7af5-4056-8a6a-b42d8b4d44ec.binning_data.json,3894513,6000,63200010,74,2026-06-09 04:37:15.505,com.sec.android.app.shealth,2026-06-08 03:00:09.389,0948444f-7af5-4056-8a6a-b42d8b4d44ec.source_info.json,1.2559172,4891.186,231.84064,6478,VfS0qUERdZ,com.sec.android.app.shealth,0,0948444f-7af5-4056-8a6a-b42d8b4d44ec.achievement.json,0948444f-7af5-4056-8a6a-b42d8b4d44ec,2026-06-08 00:00:00.000,
63200010,7335,22961461-f7f3-4dee-bd1f-2642cc2fc4c4.binning_data.json,4066666,6000,63200010,58,2026-06-09 03:00:07.508,com.sec.android.app.shealth,2026-06-08 03:00:10.374,,1.3447514,5468.656,265.1247,7277,yeLoKu9/uD,com.sec.android.app.shealth,0,22961461-f7f3-4dee-bd1f-2642cc2fc4c4.achievement.json,22961461-f7f3-4dee-bd1f-2642cc2fc4c4,2026-06-07 00:00:00.000,
63200010,6095,9f81c896-f0f7-4fdf-8e66-d42d43ccb879.binning_data.json,3583333,6000,63200010,92,2026-06-10 03:00:06.823,com.sec.android.app.shealth,2026-06-09 03:00:07.499,,1.2713958,4555.835,223.19507,6003,yeLoKu9/uD,com.sec.android.app.shealth,0,9f81c896-f0f7-4fdf-8e66-d42d43ccb879.achievement.json,9f81c896-f0f7-4fdf-8e66-d42d43ccb879,2026-06-08 00:00:00.000,
63200010,8336,8d1cf0a2-f8b8-443d-b1ca-ac70f2a48b25.binning_data.json,3896426,6000,63200010,28,2026-06-10 12:05:51.405,com.sec.android.app.shealth,2026-06-09 04:27:10.400,8d1cf0a2-f8b8-443d-b1ca-ac70f2a48b25.source_info.json,1.5881249,6188.012,293.11566,8308,VfS0qUERdZ,com.sec.android.app.shealth,0,8d1cf0a2-f8b8-443d-b1ca-ac70f2a48b25.achievement.json,8d1cf0a2-f8b8-443d-b1ca-ac70f2a48b25,2026-06-09 00:00:00.000,
63200010,4924,eed66ff9-498e-4536-892e-f1572a84832e.binning_data.json,3277246,6000,63200010,1,2026-06-10 03:00:04.042,com.sec.android.app.shealth,2026-06-10 03:00:04.042,,1.0916603,3577.64,150.93999,4923,g1bnYRM2yN,com.sec.android.app.shealth,0,eed66ff9-498e-4536-892e-f1572a84832e.achievement.json,eed66ff9-498e-4536-892e-f1572a84832e,2026-06-09 00:00:00.000,
63200010,8027,de6746a7-3d2f-44e2-af4c-adbf37113682.binning_data.json,3416666,6000,63200010,27,2026-06-11 03:12:27.936,com.sec.android.app.shealth,2026-06-10 03:00:06.815,,1.7444534,5960.216,288.43634,8000,yeLoKu9/uD,com.sec.android.app.shealth,0,de6746a7-3d2f-44e2-af4c-adbf37113682.achievement.json,de6746a7-3d2f-44e2-af4c-adbf37113682,2026-06-09 00:00:00.000,
63200010,5683,ddf8f5d9-f838-403c-8687-f57ea08654dc.binning_data.json,3413846,6000,63200010,51,2026-06-11 02:43:29.204,com.sec.android.app.shealth,2026-06-10 03:00:51.226,ddf8f5d9-f838-403c-8687-f57ea08654dc.source_info.json,1.2482822,4261.444,195.21658,5632,VfS0qUERdZ,com.sec.android.app.shealth,0,ddf8f5d9-f838-403c-8687-f57ea08654dc.achievement.json,ddf8f5d9-f838-403c-8687-f57ea08654dc,2026-06-10 00:00:00.000,
63200010,3304,ae24bbaa-bdaf-40fd-90e8-8b936000a190.binning_data.json,1920316,6000,63200010,15,2026-06-11 03:12:19.360,com.sec.android.app.shealth,2026-06-11 03:12:19.360,,1.2948749,2486.57,102.92999,3289,g1bnYRM2yN,com.sec.android.app.shealth,0,ae24bbaa-bdaf-40fd-90e8-8b936000a190.achievement.json,ae24bbaa-bdaf-40fd-90e8-8b936000a190,2026-06-10 00:00:00.000,
63200010,5097,b0363b53-0ccf-438f-a233-eb74846e937f.binning_data.json,2916666,6000,63200010,46,2026-06-11 03:12:27.978,com.sec.android.app.shealth,2026-06-11 03:12:27.978,,1.301996,3797.4883,185.05615,5051,yeLoKu9/uD,com.sec.android.app.shealth,0,b0363b53-0ccf-438f-a233-eb74846e937f.achievement.json,b0363b53-0ccf-438f-a233-eb74846e937f,2026-06-10 00:00:00.000,
63200010,3848,b337bb9f-820d-4b3a-8609-e6be5c243f93.binning_data.json,2449953,6000,63200010,22,2026-06-12 10:36:31.249,com.sec.android.app.shealth,2026-06-11 13:14:45.164,b337bb9f-820d-4b3a-8609-e6be5c243f93.source_info.json,1.165431,2855.252,130.41112,3826,VfS0qUERdZ,com.sec.android.app.shealth,0,b337bb9f-820d-4b3a-8609-e6be5c243f93.achievement.json,b337bb9f-820d-4b3a-8609-e6be5c243f93,2026-06-11 00:00:00.000,
63200010,2126,1e0382bb-a202-4560-aa80-e0679e14da2c.binning_data.json,1295396,6000,63200010,2,2026-06-12 03:00:04.320,com.sec.android.app.shealth,2026-06-12 03:00:04.320,,1.2229002,1584.14,66.09,2124,g1bnYRM2yN,com.sec.android.app.shealth,0,1e0382bb-a202-4560-aa80-e0679e14da2c.achievement.json,1e0382bb-a202-4560-aa80-e0679e14da2c,2026-06-11 00:00:00.000,
63200010,2376,0ca80542-167a-4006-b064-78bc31a314b1.binning_data.json,1566666,6000,63200010,22,2026-06-14 03:00:08.792,com.sec.android.app.shealth,2026-06-12 03:00:11.633,,1.1236728,1760.4208,85.54866,2354,yeLoKu9/uD,com.sec.android.app.shealth,0,0ca80542-167a-4006-b064-78bc31a314b1.achievement.json,0ca80542-167a-4006-b064-78bc31a314b1,2026-06-11 00:00:00.000,
63200010,5542,b975ea46-1546-40aa-a807-c4a81ced5566.binning_data.json,3610129,6000,63200010,66,2026-06-13 03:24:19.679,com.sec.android.app.shealth,2026-06-12 10:15:20.526,b975ea46-1546-40aa-a807-c4a81ced5566.source_info.json,1.1581994,4181.2505,194.35112,5476,VfS0qUERdZ,com.sec.android.app.shealth,0,b975ea46-1546-40aa-a807-c4a81ced5566.achievement.json,b975ea46-1546-40aa-a807-c4a81ced5566,2026-06-12 00:00:00.000,
63200010,13630,3254a997-af5a-4612-be84-676e859e7778.binning_data.json,7014494,6000,63200010,62,2026-06-14 03:39:12.204,com.sec.android.app.shealth,2026-06-13 03:04:45.729,3254a997-af5a-4612-be84-676e859e7778.source_info.json,1.4443862,10131.64,477.03668,13568,VfS0qUERdZ,com.sec.android.app.shealth,0,3254a997-af5a-4612-be84-676e859e7778.achievement.json,3254a997-af5a-4612-be84-676e859e7778,2026-06-13 00:00:00.000,
63200010,6273,8353c620-a47c-4675-8e62-4ffa8863f43b.binning_data.json,3757449,6000,63200010,0,2026-06-14 03:00:04.679,com.sec.android.app.shealth,2026-06-13 03:04:46.793,,1.2444531,4675.9697,196.26,6273,g1bnYRM2yN,com.sec.android.app.shealth,0,8353c620-a47c-4675-8e62-4ffa8863f43b.achievement.json,8353c620-a47c-4675-8e62-4ffa8863f43b,2026-06-13 00:00:00.000,
63200010,2121,3526a522-7b85-4ecf-94aa-a3c06e53cba2.binning_data.json,1274906,6000,63200010,0,2026-06-13 03:04:46.816,com.sec.android.app.shealth,2026-06-13 03:04:46.816,,1.2414244,1582.7001,65.03,2121,g1bnYRM2yN,com.sec.android.app.shealth,0,3526a522-7b85-4ecf-94aa-a3c06e53cba2.achievement.json,3526a522-7b85-4ecf-94aa-a3c06e53cba2,2026-06-12 00:00:00.000,
63200010,5170,dea26aea-b694-4174-9800-958c7ccb2760.binning_data.json,3133333,6000,63200010,66,2026-06-14 03:00:08.812,com.sec.android.app.shealth,2026-06-14 03:00:08.812,,1.2408717,3888.0647,190.30449,5104,yeLoKu9/uD,com.sec.android.app.shealth,0,dea26aea-b694-4174-9800-958c7ccb2760.achievement.json,dea26aea-b694-4174-9800-958c7ccb2760,2026-06-12 00:00:00.000,
63200010,12710,3fb06c13-5084-4e02-8b49-df3e3988ccc9.binning_data.json,6166666,6000,63200010,62,2026-06-15 03:00:09.935,com.sec.android.app.shealth,2026-06-14 03:00:08.884,,1.5297248,9433.303,459.07733,12648,yeLoKu9/uD,com.sec.android.app.shealth,0,3fb06c13-5084-4e02-8b49-df3e3988ccc9.achievement.json,3fb06c13-5084-4e02-8b49-df3e3988ccc9,2026-06-13 00:00:00.000,
63200010,13679,529accd2-d7f5-4a4f-8433-671f498e6494.binning_data.json,7203021,6000,63200010,31,2026-06-15 03:17:43.702,com.sec.android.app.shealth,2026-06-14 03:33:14.716,529accd2-d7f5-4a4f-8433-671f498e6494.source_info.json,1.4162103,10200.992,466.00943,13648,VfS0qUERdZ,com.sec.android.app.shealth,0,529accd2-d7f5-4a4f-8433-671f498e6494.achievement.json,529accd2-d7f5-4a4f-8433-671f498e6494,2026-06-14 00:00:00.000,
63200010,9327,521ba850-747d-4f7f-99d9-21f655cd42c7.binning_data.json,5526467,6000,63200010,0,2026-06-15 03:00:06.036,com.sec.android.app.shealth,2026-06-15 03:00:06.036,,1.2626439,6977.96,288.52,9327,g1bnYRM2yN,com.sec.android.app.shealth,0,521ba850-747d-4f7f-99d9-21f655cd42c7.achievement.json,521ba850-747d-4f7f-99d9-21f655cd42c7,2026-06-14 00:00:00.000,
63200010,12300,1a349e68-10ed-47d6-9752-feecde701136.binning_data.json,5716666,6000,63200010,39,2026-06-16 03:00:07.114,com.sec.android.app.shealth,2026-06-15 03:00:09.887,,1.6009269,9151.966,439.22986,12261,yeLoKu9/uD,com.sec.android.app.shealth,0,1a349e68-10ed-47d6-9752-feecde701136.achievement.json,1a349e68-10ed-47d6-9752-feecde701136,2026-06-14 00:00:00.000,
63200010,5379,d6d22da5-2c9b-4cbe-9660-2a29f81065bc.binning_data.json,3185093,6000,63200010,85,2026-06-16 13:21:23.635,com.sec.android.app.shealth,2026-06-15 03:17:42.761,d6d22da5-2c9b-4cbe-9660-2a29f81065bc.source_info.json,1.269139,4042.327,190.33327,5294,VfS0qUERdZ,com.sec.android.app.shealth,0,d6d22da5-2c9b-4cbe-9660-2a29f81065bc.achievement.json,d6d22da5-2c9b-4cbe-9660-2a29f81065bc,2026-06-15 00:00:00.000,
63200010,1958,204a37d7-9b5a-4801-807a-9e7538cd8fe6.binning_data.json,1194604,6000,63200010,13,2026-06-16 03:00:04.205,com.sec.android.app.shealth,2026-06-16 03:00:04.205,,1.2192572,1456.5299,60.899998,1945,g1bnYRM2yN,com.sec.android.app.shealth,0,204a37d7-9b5a-4801-807a-9e7538cd8fe6.achievement.json,204a37d7-9b5a-4801-807a-9e7538cd8fe6,2026-06-15 00:00:00.000,
63200010,5097,eb340cb0-c625-432a-9fe4-664ee8f3ed84.binning_data.json,2816666,6000,63200010,75,2026-06-17 03:08:01.439,com.sec.android.app.shealth,2026-06-16 03:00:07.106,,1.357821,3824.5293,185.12427,5022,yeLoKu9/uD,com.sec.android.app.shealth,0,eb340cb0-c625-432a-9fe4-664ee8f3ed84.achievement.json,eb340cb0-c625-432a-9fe4-664ee8f3ed84,2026-06-15 00:00:00.000,
63200010,5228,742bcd0a-2bcb-4dbd-97d3-0b1ae47c55e6.binning_data.json,2864061,6000,63200010,133,2026-06-17 03:07:34.226,com.sec.android.app.shealth,2026-06-16 04:57:46.628,742bcd0a-2bcb-4dbd-97d3-0b1ae47c55e6.source_info.json,1.367112,3915.4937,186.09795,5095,VfS0qUERdZ,com.sec.android.app.shealth,0,742bcd0a-2bcb-4dbd-97d3-0b1ae47c55e6.achievement.json,742bcd0a-2bcb-4dbd-97d3-0b1ae47c55e6,2026-06-16 00:00:00.000,
63200010,2490,e49e65a0-fe99-4d42-849f-409c58a07bde.binning_data.json,1586278,6000,63200010,0,2026-06-17 03:06:51.904,com.sec.android.app.shealth,2026-06-17 03:06:51.904,,1.1526476,1828.4199,76.299995,2490,g1bnYRM2yN,com.sec.android.app.shealth,0,e49e65a0-fe99-4d42-849f-409c58a07bde.achievement.json,e49e65a0-fe99-4d42-849f-409c58a07bde,2026-06-16 00:00:00.000,
63200010,4998,2374d4c0-b07f-481c-83b5-48dc09742dde.binning_data.json,2466666,6000,63200010,133,2026-06-17 03:08:02.440,com.sec.android.app.shealth,2026-06-17 03:08:02.440,,1.5183969,3745.379,183.32336,4865,yeLoKu9/uD,com.sec.android.app.shealth,0,2374d4c0-b07f-481c-83b5-48dc09742dde.achievement.json,2374d4c0-b07f-481c-83b5-48dc09742dde,2026-06-16 00:00:00.000,
63200010,3352,284e9450-692f-428b-9445-551d2cbdb349.binning_data.json,2262048,6000,63200010,46,2026-06-18 03:46:07.210,com.sec.android.app.shealth,2026-06-17 03:13:48.071,284e9450-692f-428b-9445-551d2cbdb349.source_info.json,1.1186246,2530.3826,120.55587,3306,VfS0qUERdZ,com.sec.android.app.shealth,0,284e9450-692f-428b-9445-551d2cbdb349.achievement.json,284e9450-692f-428b-9445-551d2cbdb349,2026-06-17 00:00:00.000,
63200010,706,f2a0c24b-d47b-42a6-aab7-e99333e7814d.binning_data.json,440172,6000,63200010,3,2026-06-18 03:01:03.859,com.sec.android.app.shealth,2026-06-18 03:01:03.859,,1.1917822,524.59,22.769999,703,g1bnYRM2yN,com.sec.android.app.shealth,0,f2a0c24b-d47b-42a6-aab7-e99333e7814d.achievement.json,f2a0c24b-d47b-42a6-aab7-e99333e7814d,2026-06-17 00:00:00.000,
63200010,3045,16e87d4f-10f0-401d-8c21-53c3708f22f5.binning_data.json,2066666,6000,63200010,43,2026-06-19 03:00:17.985,com.sec.android.app.shealth,2026-06-18 03:01:19.254,,1.1120441,2298.2246,111.151245,3002,yeLoKu9/uD,com.sec.android.app.shealth,0,16e87d4f-10f0-401d-8c21-53c3708f22f5.achievement.json,16e87d4f-10f0-401d-8c21-53c3708f22f5,2026-06-17 00:00:00.000,
63200010,3756,f072b2e6-bbca-4c37-bae3-3c6d60da8960.binning_data.json,2201344,6000,63200010,115,2026-06-19 03:11:40.606,com.sec.android.app.shealth,2026-06-18 03:46:06.478,f072b2e6-bbca-4c37-bae3-3c6d60da8960.source_info.json,1.2846234,2827.8982,137.76048,3641,VfS0qUERdZ,com.sec.android.app.shealth,0,f072b2e6-bbca-4c37-bae3-3c6d60da8960.achievement.json,f072b2e6-bbca-4c37-bae3-3c6d60da8960,2026-06-18 00:00:00.000,
63200010,858,73258fe5-57bd-461b-8123-854be541036e.binning_data.json,502418,6000,63200010,1,2026-06-19 03:00:05.899,com.sec.android.app.shealth,2026-06-19 03:00:05.899,,1.2821193,644.16,26.689999,857,g1bnYRM2yN,com.sec.android.app.shealth,0,73258fe5-57bd-461b-8123-854be541036e.achievement.json,73258fe5-57bd-461b-8123-854be541036e,2026-06-18 00:00:00.000,
63200010,3510,dc13b707-c3c0-4e8d-807f-8bd7ae4504dc.binning_data.json,2083333,6000,63200010,114,2026-06-20 03:00:08.318,com.sec.android.app.shealth,2026-06-19 03:00:18.179,,1.2661893,2637.8945,130.6831,3396,yeLoKu9/uD,com.sec.android.app.shealth,0,dc13b707-c3c0-4e8d-807f-8bd7ae4504dc.achievement.json,dc13b707-c3c0-4e8d-807f-8bd7ae4504dc,2026-06-18 00:00:00.000,
63200010,4017,fb943945-2f07-49e5-94e4-e9f9e7fba37c.binning_data.json,2250789,6000,63200010,87,2026-06-20 02:32:16.007,com.sec.android.app.shealth,2026-06-19 03:10:08.543,fb943945-2f07-49e5-94e4-e9f9e7fba37c.source_info.json,1.3336592,3001.786,151.8109,3930,VfS0qUERdZ,com.sec.android.app.shealth,0,fb943945-2f07-49e5-94e4-e9f9e7fba37c.achievement.json,fb943945-2f07-49e5-94e4-e9f9e7fba37c,2026-06-19 00:00:00.000,
63200010,1844,55550928-03a4-40a4-9662-509e4eda0eb4.binning_data.json,1155749,6000,63200010,0,2026-06-20 03:00:05.409,com.sec.android.app.shealth,2026-06-20 03:00:05.409,,1.1778764,1361.33,57.629986,1844,g1bnYRM2yN,com.sec.android.app.shealth,0,55550928-03a4-40a4-9662-509e4eda0eb4.achievement.json,55550928-03a4-40a4-9662-509e4eda0eb4,2026-06-19 00:00:00.000,
63200010,3265,9af97cf0-0372-4a67-8ae8-9c72e8a6c207.binning_data.json,1716666,6000,63200010,87,2026-06-20 03:00:08.310,com.sec.android.app.shealth,2026-06-20 03:00:08.310,,1.4255666,2447.2227,129.41052,3178,yeLoKu9/uD,com.sec.android.app.shealth,0,9af97cf0-0372-4a67-8ae8-9c72e8a6c207.achievement.json,9af97cf0-0372-4a67-8ae8-9c72e8a6c207,2026-06-19 00:00:00.000,
63200010,11351,b9dc817d-8978-4372-b95a-5787a5e7e377.binning_data.json,6261780,6000,63200010,122,2026-06-21 03:54:32.568,com.sec.android.app.shealth,2026-06-20 03:11:15.945,b9dc817d-8978-4372-b95a-5787a5e7e377.source_info.json,1.3537165,8476.676,402.23416,11229,VfS0qUERdZ,com.sec.android.app.shealth,0,b9dc817d-8978-4372-b95a-5787a5e7e377.achievement.json,b9dc817d-8978-4372-b95a-5787a5e7e377,2026-06-20 00:00:00.000,
63200010,5470,b94d8722-a14b-43cf-a2c4-b988da6ed518.binning_data.json,3201850,6000,63200010,26,2026-06-21 03:01:46.340,com.sec.android.app.shealth,2026-06-21 03:01:46.340,,1.284651,4113.26,171.64,5444,g1bnYRM2yN,com.sec.android.app.shealth,0,b94d8722-a14b-43cf-a2c4-b988da6ed518.achievement.json,b94d8722-a14b-43cf-a2c4-b988da6ed518,2026-06-20 00:00:00.000,
63200010,13329,354f0210-5c26-46ac-bb7b-e0ae080f9562.binning_data.json,6948483,6000,63200010,225,2026-06-22 13:05:41.591,com.sec.android.app.shealth,2026-06-21 03:01:55.566,354f0210-5c26-46ac-bb7b-e0ae080f9562.source_info.json,1.4444486,10036.728,461.79224,13104,VfS0qUERdZ,com.sec.android.app.shealth,0,354f0210-5c26-46ac-bb7b-e0ae080f9562.achievement.json,354f0210-5c26-46ac-bb7b-e0ae080f9562,2026-06-21 00:00:00.000,
63200010,9085,be3659cf-998c-4f46-bd9a-066211cd9125.binning_data.json,5279101,6000,63200010,34,2026-06-22 03:17:48.404,com.sec.android.app.shealth,2026-06-22 03:17:48.404,,1.2947752,6835.25,282.3,9051,g1bnYRM2yN,com.sec.android.app.shealth,0,be3659cf-998c-4f46-bd9a-066211cd9125.achievement.json,be3659cf-998c-4f46-bd9a-066211cd9125,2026-06-21 00:00:00.000,
63200010,10558,0d866f07-d58e-49b0-b8c4-a1cd6e3ecf1b.binning_data.json,5616666,6000,63200010,107,2026-06-22 03:17:53.316,com.sec.android.app.shealth,2026-06-22 03:17:53.316,,1.4001601,7864.232,382.99222,10451,yeLoKu9/uD,com.sec.android.app.shealth,0,0d866f07-d58e-49b0-b8c4-a1cd6e3ecf1b.achievement.json,0d866f07-d58e-49b0-b8c4-a1cd6e3ecf1b,2026-06-20 00:00:00.000,
63200010,11995,4f5a2f91-cc4a-4888-8c91-cb229ac21c0c.binning_data.json,5549999,6000,63200010,203,2026-06-23 03:00:10.082,com.sec.android.app.shealth,2026-06-22 03:17:53.323,,1.6220578,9002.421,434.8751,11792,yeLoKu9/uD,com.sec.android.app.shealth,0,4f5a2f91-cc4a-4888-8c91-cb229ac21c0c.achievement.json,4f5a2f91-cc4a-4888-8c91-cb229ac21c0c,2026-06-21 00:00:00.000,
63200010,5871,2f3afcbc-f355-43f5-a111-e45602697b6f.binning_data.json,3272539,6000,63200010,97,2026-06-23 12:02:25.138,com.sec.android.app.shealth,2026-06-22 03:25:12.096,2f3afcbc-f355-43f5-a111-e45602697b6f.source_info.json,1.3506244,4419.971,208.37215,5774,VfS0qUERdZ,com.sec.android.app.shealth,0,2f3afcbc-f355-43f5-a111-e45602697b6f.achievement.json,2f3afcbc-f355-43f5-a111-e45602697b6f,2026-06-22 00:00:00.000,
63200010,2862,feb3b598-a449-43e8-9973-2de28261578f.binning_data.json,1755558,6000,63200010,0,2026-06-23 03:00:05.037,com.sec.android.app.shealth,2026-06-23 03:00:05.037,,1.2122636,2128.2,89.359985,2862,g1bnYRM2yN,com.sec.android.app.shealth,0,feb3b598-a449-43e8-9973-2de28261578f.achievement.json,feb3b598-a449-43e8-9973-2de28261578f,2026-06-22 00:00:00.000,
63200010,5360,bd9efb15-2f2e-4d8e-b9f4-a72c24c549e2.binning_data.json,2883333,6000,63200010,97,2026-06-24 03:00:49.224,com.sec.android.app.shealth,2026-06-23 03:00:09.903,,1.3951024,4022.545,195.66351,5263,yeLoKu9/uD,com.sec.android.app.shealth,0,bd9efb15-2f2e-4d8e-b9f4-a72c24c549e2.achievement.json,bd9efb15-2f2e-4d8e-b9f4-a72c24c549e2,2026-06-22 00:00:00.000,
63200010,5103,3d6617cb-7270-46bf-a093-291fa935b486.binning_data.json,2823672,6000,63200010,21,2026-06-24 13:28:51.094,com.sec.android.app.shealth,2026-06-23 12:01:48.432,3d6617cb-7270-46bf-a093-291fa935b486.source_info.json,1.3570436,3831.8462,170.75598,5082,VfS0qUERdZ,com.sec.android.app.shealth,0,3d6617cb-7270-46bf-a093-291fa935b486.achievement.json,3d6617cb-7270-46bf-a093-291fa935b486,2026-06-23 00:00:00.000,
63200010,3593,42d443ca-9b1d-44b8-a99f-e853ea0cc1a4.binning_data.json,2127529,6000,63200010,2,2026-06-24 03:00:40.978,com.sec.android.app.shealth,2026-06-24 03:00:40.978,,1.2651436,2691.63,110.70999,3591,g1bnYRM2yN,com.sec.android.app.shealth,0,42d443ca-9b1d-44b8-a99f-e853ea0cc1a4.achievement.json,42d443ca-9b1d-44b8-a99f-e853ea0cc1a4,2026-06-23 00:00:00.000,
63200010,4239,13e11040-755b-4aff-b55d-443b90fa4a81.binning_data.json,1833333,6000,63200010,36,2026-06-25 03:02:18.416,com.sec.android.app.shealth,2026-06-24 03:00:48.976,,1.7356448,3182.0156,153.67395,4203,yeLoKu9/uD,com.sec.android.app.shealth,0,13e11040-755b-4aff-b55d-443b90fa4a81.achievement.json,13e11040-755b-4aff-b55d-443b90fa4a81,2026-06-23 00:00:00.000,
63200010,3920,83ce7d81-7a31-4b63-acc5-fa9747cfd8c5.binning_data.json,2607851,6000,63200010,112,2026-06-25 04:28:06.913,com.sec.android.app.shealth,2026-06-24 03:04:57.139,83ce7d81-7a31-4b63-acc5-fa9747cfd8c5.source_info.json,1.151165,3002.0676,142.28226,3808,VfS0qUERdZ,com.sec.android.app.shealth,0,83ce7d81-7a31-4b63-acc5-fa9747cfd8c5.achievement.json,83ce7d81-7a31-4b63-acc5-fa9747cfd8c5,2026-06-24 00:00:00.000,
63200010,1232,e1d3d977-0914-4235-a38f-93db3517f756.binning_data.json,713417,6000,63200010,0,2026-06-25 03:02:11.664,com.sec.android.app.shealth,2026-06-25 03:02:11.664,,1.3006978,927.94,37.32998,1232,g1bnYRM2yN,com.sec.android.app.shealth,0,e1d3d977-0914-4235-a38f-93db3517f756.achievement.json,e1d3d977-0914-4235-a38f-93db3517f756,2026-06-24 00:00:00.000,
63200010,3753,7cb2e055-1849-49f4-b656-0a4305019909.binning_data.json,2333333,6000,63200010,114,2026-06-26 03:00:10.737,com.sec.android.app.shealth,2026-06-25 03:02:18.445,,1.2319504,2874.5508,141.52356,3639,yeLoKu9/uD,com.sec.android.app.shealth,0,7cb2e055-1849-49f4-b656-0a4305019909.achievement.json,7cb2e055-1849-49f4-b656-0a4305019909,2026-06-24 00:00:00.000,
63200010,4165,2a975456-e4fb-493d-9bf0-e88e50abc462.binning_data.json,2515119,6000,63200010,91,2026-06-27 12:16:19.494,com.sec.android.app.shealth,2026-06-25 03:38:11.594,2a975456-e4fb-493d-9bf0-e88e50abc462.source_info.json,1.2490182,3141.4292,149.37135,4074,VfS0qUERdZ,com.sec.android.app.shealth,0,2a975456-e4fb-493d-9bf0-e88e50abc462.achievement.json,2a975456-e4fb-493d-9bf0-e88e50abc462,2026-06-25 00:00:00.000,
63200010,1403,7908e6ab-aa2b-4bee-9041-e80909231f8a.binning_data.json,859038,6000,63200010,0,2026-06-26 03:00:07.319,com.sec.android.app.shealth,2026-06-26 03:00:07.319,,1.2127045,1041.76,43.399998,1403,g1bnYRM2yN,com.sec.android.app.shealth,0,7908e6ab-aa2b-4bee-9041-e80909231f8a.achievement.json,7908e6ab-aa2b-4bee-9041-e80909231f8a,2026-06-25 00:00:00.000,
63200010,3916,f0419e3f-9c08-41a3-a77b-e45e3d76be74.binning_data.json,2233333,6000,63200010,91,2026-06-28 03:17:11.252,com.sec.android.app.shealth,2026-06-26 03:00:10.722,,1.3213074,2950.92,144.09167,3825,yeLoKu9/uD,com.sec.android.app.shealth,0,f0419e3f-9c08-41a3-a77b-e45e3d76be74.achievement.json,f0419e3f-9c08-41a3-a77b-e45e3d76be74,2026-06-25 00:00:00.000,
63200010,559,a239d725-2af8-4b65-8c74-de5da018a794.binning_data.json,362263,6000,63200010,5,2026-06-27 12:16:19.473,com.sec.android.app.shealth,2026-06-26 10:39:17.401,a239d725-2af8-4b65-8c74-de5da018a794.source_info.json,1.1672596,422.85507,17.838709,554,VfS0qUERdZ,com.sec.android.app.shealth,0,a239d725-2af8-4b65-8c74-de5da018a794.achievement.json,a239d725-2af8-4b65-8c74-de5da018a794,2026-06-26 00:00:00.000,
63200010,519,a06fcedb-3416-427d-8c8c-a82a0b111554.binning_data.json,295596,6000,63200010,5,2026-06-27 03:00:05.275,com.sec.android.app.shealth,2026-06-27 03:00:05.275,,1.3293123,392.94,16.369999,514,g1bnYRM2yN,com.sec.android.app.shealth,0,a06fcedb-3416-427d-8c8c-a82a0b111554.achievement.json,a06fcedb-3416-427d-8c8c-a82a0b111554,2026-06-26 00:00:00.000,
63200010,9276,7dabd2cb-f111-4cb1-9b0c-bacd92f3b830.binning_data.json,4993700,6000,63200010,119,2026-06-28 02:55:17.755,com.sec.android.app.shealth,2026-06-27 03:01:48.335,7dabd2cb-f111-4cb1-9b0c-bacd92f3b830.source_info.json,1.3917495,6949.9805,320.09146,9157,VfS0qUERdZ,com.sec.android.app.shealth,0,7dabd2cb-f111-4cb1-9b0c-bacd92f3b830.achievement.json,7dabd2cb-f111-4cb1-9b0c-bacd92f3b830,2026-06-27 00:00:00.000,
63200010,6178,d19fe07d-4816-4f31-8188-d4398ab02424.binning_data.json,3591205,6000,63200010,58,2026-06-29 10:25:00.224,com.sec.android.app.shealth,2026-06-28 03:15:41.650,d19fe07d-4816-4f31-8188-d4398ab02424.source_info.json,1.2808917,4599.9453,216.5855,6120,VfS0qUERdZ,com.sec.android.app.shealth,0,d19fe07d-4816-4f31-8188-d4398ab02424.achievement.json,d19fe07d-4816-4f31-8188-d4398ab02424,2026-06-28 00:00:00.000,
63200010,2838,97cce0ba-924a-44fe-989e-61c1d96b22c2.binning_data.json,1754557,6000,63200010,0,2026-06-29 03:07:13.372,com.sec.android.app.shealth,2026-06-28 03:17:05.631,,1.1977205,2101.47,87.49999,2838,g1bnYRM2yN,com.sec.android.app.shealth,0,97cce0ba-924a-44fe-989e-61c1d96b22c2.achievement.json,97cce0ba-924a-44fe-989e-61c1d96b22c2,2026-06-28 00:00:00.000,
63200010,6174,9d9daae2-6ea6-485c-b984-8d6a8af2ac75.binning_data.json,3699174,6000,63200010,7,2026-06-28 03:17:05.712,com.sec.android.app.shealth,2026-06-28 03:17:05.712,,1.2478353,4615.96,192.19998,6167,g1bnYRM2yN,com.sec.android.app.shealth,0,9d9daae2-6ea6-485c-b984-8d6a8af2ac75.achievement.json,9d9daae2-6ea6-485c-b984-8d6a8af2ac75,2026-06-27 00:00:00.000,
63200010,40,88b8b512-1918-476d-a2e6-61e9b2fb156d.binning_data.json,66666,6000,63200010,0,2026-06-28 03:17:11.238,com.sec.android.app.shealth,2026-06-28 03:17:11.238,,0.4487261,29.915073,1.4687102,40,yeLoKu9/uD,com.sec.android.app.shealth,0,88b8b512-1918-476d-a2e6-61e9b2fb156d.achievement.json,88b8b512-1918-476d-a2e6-61e9b2fb156d,2026-06-26 00:00:00.000,
63200010,6878,a68500a7-c183-4fa7-93b7-d5242b69753c.binning_data.json,3350000,6000,63200010,112,2026-06-28 03:17:22.084,com.sec.android.app.shealth,2026-06-28 03:17:11.354,,1.5345111,5140.612,252.34758,6766,yeLoKu9/uD,com.sec.android.app.shealth,0,a68500a7-c183-4fa7-93b7-d5242b69753c.achievement.json,a68500a7-c183-4fa7-93b7-d5242b69753c,2026-06-27 00:00:00.000,
63200010,5385,86e107aa-9b04-4541-a09f-c74f5aeec187.binning_data.json,2966666,6000,63200010,60,2026-06-30 03:00:06.631,com.sec.android.app.shealth,2026-06-28 03:17:22.035,,1.3547444,4019.0752,195.20454,5325,yeLoKu9/uD,com.sec.android.app.shealth,0,86e107aa-9b04-4541-a09f-c74f5aeec187.achievement.json,86e107aa-9b04-4541-a09f-c74f5aeec187,2026-06-28 00:00:00.000,
63200010,6003,382854ba-e85a-48d1-a3b5-bfa8008beee7.binning_data.json,3388750,6000,63200010,92,2026-06-30 12:16:25.074,com.sec.android.app.shealth,2026-06-29 03:10:04.436,382854ba-e85a-48d1-a3b5-bfa8008beee7.source_info.json,1.3385873,4536.1377,208.56905,5911,VfS0qUERdZ,com.sec.android.app.shealth,0,382854ba-e85a-48d1-a3b5-bfa8008beee7.achievement.json,382854ba-e85a-48d1-a3b5-bfa8008beee7,2026-06-29 00:00:00.000,
63200010,3305,d556cc7a-3c50-4b75-a60a-659d35fc0af1.binning_data.json,1925057,6000,63200010,16,2026-06-30 03:00:03.779,com.sec.android.app.shealth,2026-06-30 03:00:03.779,,1.3006103,2503.75,103.84999,3289,g1bnYRM2yN,com.sec.android.app.shealth,0,d556cc7a-3c50-4b75-a60a-659d35fc0af1.achievement.json,d556cc7a-3c50-4b75-a60a-659d35fc0af1,2026-06-29 00:00:00.000,
63200010,5351,5cdf7799-bcee-4a0a-afee-a780ed6eaaf6.binning_data.json,2649999,6000,70001070,103,2026-07-01 03:00:07.657,com.sec.android.app.shealth,2026-06-30 03:00:06.685,,1.515308,4015.5664,194.1961,5248,yeLoKu9/uD,com.sec.android.app.shealth,0,5cdf7799-bcee-4a0a-afee-a780ed6eaaf6.achievement.json,5cdf7799-bcee-4a0a-afee-a780ed6eaaf6,2026-06-29 00:00:00.000,
63200010,3631,b010de34-268c-4906-a9fb-cce3241752fe.binning_data.json,2243511,6000,70001070,37,2026-07-01 09:25:28.906,com.sec.android.app.shealth,2026-06-30 12:16:52.543,b010de34-268c-4906-a9fb-cce3241752fe.source_info.json,1.203615,2700.3245,131.17252,3594,VfS0qUERdZ,com.sec.android.app.shealth,0,b010de34-268c-4906-a9fb-cce3241752fe.achievement.json,b010de34-268c-4906-a9fb-cce3241752fe,2026-06-30 00:00:00.000,
70001070,786,26296aa7-7aab-4161-8d74-982e5f30fd07.binning_data.json,488503,6000,70001070,0,2026-07-01 03:00:05.255,com.sec.android.app.shealth,2026-07-01 03:00:05.255,,1.1892235,580.94,24.849997,786,g1bnYRM2yN,com.sec.android.app.shealth,0,26296aa7-7aab-4161-8d74-982e5f30fd07.achievement.json,26296aa7-7aab-4161-8d74-982e5f30fd07,2026-06-30 00:00:00.000,
70001070,3466,cc9f5d2a-55d3-429e-84b2-17c195ff457b.binning_data.json,2183333,6000,70001070,63,2026-07-02 04:12:10.037,com.sec.android.app.shealth,2026-07-01 03:00:07.692,,1.1812402,2579.041,127.15332,3403,yeLoKu9/uD,com.sec.android.app.shealth,0,cc9f5d2a-55d3-429e-84b2-17c195ff457b.achievement.json,cc9f5d2a-55d3-429e-84b2-17c195ff457b,2026-06-30 00:00:00.000,
70001070,4776,273c398f-8ba4-46cc-a410-6d07f35cae8c.binning_data.json,2630067,6000,70001070,106,2026-07-02 10:11:12.025,com.sec.android.app.shealth,2026-07-01 09:06:46.880,273c398f-8ba4-46cc-a410-6d07f35cae8c.source_info.json,1.3718244,3607.991,163.89272,4670,VfS0qUERdZ,com.sec.android.app.shealth,0,273c398f-8ba4-46cc-a410-6d07f35cae8c.achievement.json,273c398f-8ba4-46cc-a410-6d07f35cae8c,2026-07-01 00:00:00.000,
70001070,2911,b9ce60e0-91be-405d-a9d7-1d2af7cd7fb7.binning_data.json,1690860,6000,70001070,14,2026-07-02 04:12:06.019,com.sec.android.app.shealth,2026-07-02 04:12:06.019,,1.2953756,2190.2998,90.20998,2897,g1bnYRM2yN,com.sec.android.app.shealth,0,b9ce60e0-91be-405d-a9d7-1d2af7cd7fb7.achievement.json,b9ce60e0-91be-405d-a9d7-1d2af7cd7fb7,2026-07-01 00:00:00.000,
70001070,2518,22b76ca9-dfcf-46ca-a02d-c2f8b2895200.binning_data.json,1333333,6000,70001070,93,2026-07-03 03:00:17.105,com.sec.android.app.shealth,2026-07-02 04:12:09.986,,1.4213586,1895.1448,95.75646,2425,yeLoKu9/uD,com.sec.android.app.shealth,0,22b76ca9-dfcf-46ca-a02d-c2f8b2895200.achievement.json,22b76ca9-dfcf-46ca-a02d-c2f8b2895200,2026-07-01 00:00:00.000,
70001070,7454,3cc6682c-09fe-42e6-89d6-cfaaa8c48599.binning_data.json,3856279,6000,70001070,20,2026-07-03 09:53:21.851,com.sec.android.app.shealth,2026-07-02 11:12:02.728,3cc6682c-09fe-42e6-89d6-cfaaa8c48599.source_info.json,1.4466653,5578.745,256.2789,7434,VfS0qUERdZ,com.sec.android.app.shealth,0,3cc6682c-09fe-42e6-89d6-cfaaa8c48599.achievement.json,3cc6682c-09fe-42e6-89d6-cfaaa8c48599,2026-07-02 00:00:00.000,
70001070,4530,ca475944-78a1-4e13-ab86-8fc41de7a1de.binning_data.json,2716844,6000,70001070,0,2026-07-03 03:00:08.928,com.sec.android.app.shealth,2026-07-03 03:00:08.928,,1.2456843,3384.3298,139.35999,4530,g1bnYRM2yN,com.sec.android.app.shealth,0,ca475944-78a1-4e13-ab86-8fc41de7a1de.achievement.json,ca475944-78a1-4e13-ab86-8fc41de7a1de,2026-07-02 00:00:00.000,
70001070,6826,add2c541-1b0c-4f38-84db-e213476ae31d.binning_data.json,3133333,6000,70001070,21,2026-07-04 04:17:46.024,com.sec.android.app.shealth,2026-07-03 03:00:17.082,,1.6287878,5103.5347,244.85684,6805,yeLoKu9/uD,com.sec.android.app.shealth,0,add2c541-1b0c-4f38-84db-e213476ae31d.achievement.json,add2c541-1b0c-4f38-84db-e213476ae31d,2026-07-02 00:00:00.000,
70001070,9133,ab2e16e6-d679-4a44-8a35-b82c0c456823.binning_data.json,4597384,6000,70001070,85,2026-07-04 04:17:41.697,com.sec.android.app.shealth,2026-07-03 09:52:04.477,ab2e16e6-d679-4a44-8a35-b82c0c456823.source_info.json,1.4860821,6832.0903,318.74655,9048,VfS0qUERdZ,com.sec.android.app.shealth,0,ab2e16e6-d679-4a44-8a35-b82c0c456823.achievement.json,ab2e16e6-d679-4a44-8a35-b82c0c456823,2026-07-03 00:00:00.000,
70001070,22079,0c8dd33e-66dc-4931-a9ce-1058f9df63c3.binning_data.json,10545798,6000,70001070,107,2026-07-05 03:04:40.586,com.sec.android.app.shealth,2026-07-04 04:17:05.043,0c8dd33e-66dc-4931-a9ce-1058f9df63c3.source_info.json,1.5665704,16520.736,771.56134,21972,VfS0qUERdZ,com.sec.android.app.shealth,0,0c8dd33e-66dc-4931-a9ce-1058f9df63c3.achievement.json,0c8dd33e-66dc-4931-a9ce-1058f9df63c3,2026-07-04 00:00:00.000,
70001070,4354,112761cc-960a-4f7e-8c41-b03459fb1a80.binning_data.json,2571422,6000,70001070,18,2026-07-04 04:17:35.949,com.sec.android.app.shealth,2026-07-04 04:17:35.949,,1.2692665,3263.8198,134.59,4336,g1bnYRM2yN,com.sec.android.app.shealth,0,112761cc-960a-4f7e-8c41-b03459fb1a80.achievement.json,112761cc-960a-4f7e-8c41-b03459fb1a80,2026-07-03 00:00:00.000,
70001070,20802,fe564907-497c-4976-b245-71aa207d0044.binning_data.json,8983333,6000,70001070,116,2026-07-06 03:39:18.197,com.sec.android.app.shealth,2026-07-04 04:17:43.712,,1.731546,15555.056,751.28125,20686,yeLoKu9/uD,com.sec.android.app.shealth,0,fe564907-497c-4976-b245-71aa207d0044.achievement.json,fe564907-497c-4976-b245-71aa207d0044,2026-07-04 00:00:00.000,
70001070,8689,452affca-64db-476a-b65f-e73386ff1336.binning_data.json,4000000,6000,70001070,93,2026-07-04 04:17:44.412,com.sec.android.app.shealth,2026-07-04 04:17:44.412,,1.6250122,6500.049,312.4215,8596,yeLoKu9/uD,com.sec.android.app.shealth,0,452affca-64db-476a-b65f-e73386ff1336.achievement.json,452affca-64db-476a-b65f-e73386ff1336,2026-07-03 00:00:00.000,
70001070,12297,aff2d50f-a5e3-41fe-ae24-5e88ec1179e5.binning_data.json,7756428,6000,70001070,0,2026-07-05 03:02:46.673,com.sec.android.app.shealth,2026-07-05 03:02:46.673,,1.1700889,9075.71,380.55,12297,g1bnYRM2yN,com.sec.android.app.shealth,0,aff2d50f-a5e3-41fe-ae24-5e88ec1179e5.achievement.json,aff2d50f-a5e3-41fe-ae24-5e88ec1179e5,2026-07-04 00:00:00.000,
70001070,5454,f2e199e7-23b0-4353-a5d5-acba477482c0.binning_data.json,3320328,6000,70001070,35,2026-07-06 10:45:17.124,com.sec.android.app.shealth,2026-07-05 03:04:39.764,f2e199e7-23b0-4353-a5d5-acba477482c0.source_info.json,1.227754,4076.5474,191.84283,5419,VfS0qUERdZ,com.sec.android.app.shealth,0,f2e199e7-23b0-4353-a5d5-acba477482c0.achievement.json,f2e199e7-23b0-4353-a5d5-acba477482c0,2026-07-05 00:00:00.000,
70001070,3049,3ef604bf-b049-42c6-a833-904d43f6e9f1.binning_data.json,1850636,6000,70001070,0,2026-07-06 03:39:14.136,com.sec.android.app.shealth,2026-07-06 03:39:14.136,,1.224881,2266.81,94.95,3049,g1bnYRM2yN,com.sec.android.app.shealth,0,3ef604bf-b049-42c6-a833-904d43f6e9f1.achievement.json,3ef604bf-b049-42c6-a833-904d43f6e9f1,2026-07-05 00:00:00.000,
70001070,5011,0739ce11-80ac-4598-932b-1583a4507609.binning_data.json,2816666,6000,70001070,39,2026-07-07 03:10:45.440,com.sec.android.app.shealth,2026-07-06 03:39:18.148,,1.327656,3739.5645,183.34253,4972,yeLoKu9/uD,com.sec.android.app.shealth,0,0739ce11-80ac-4598-932b-1583a4507609.achievement.json,0739ce11-80ac-4598-932b-1583a4507609,2026-07-05 00:00:00.000,
70001070,10967,211af54c-2cf9-4e9a-befa-5351a00f93c0.binning_data.json,5851215,6000,70001070,125,2026-07-07 12:26:12.119,com.sec.android.app.shealth,2026-07-06 10:52:32.775,211af54c-2cf9-4e9a-befa-5351a00f93c0.source_info.json,1.4111456,8256.916,377.29788,10842,VfS0qUERdZ,com.sec.android.app.shealth,0,211af54c-2cf9-4e9a-befa-5351a00f93c0.achievement.json,211af54c-2cf9-4e9a-befa-5351a00f93c0,2026-07-06 00:00:00.000,
70001070,7593,0adf412e-a7b3-4e4d-8373-f5c664084af5.binning_data.json,4347544,6000,70001070,7,2026-07-07 03:10:38.635,com.sec.android.app.shealth,2026-07-07 03:10:38.635,,1.3179233,5729.73,235.47997,7586,g1bnYRM2yN,com.sec.android.app.shealth,0,0adf412e-a7b3-4e4d-8373-f5c664084af5.achievement.json,0adf412e-a7b3-4e4d-8373-f5c664084af5,2026-07-06 00:00:00.000,
70001070,8446,d9949618-d47b-4459-aab8-158042b4d6c3.binning_data.json,3933333,6000,70001070,179,2026-07-08 03:00:07.656,com.sec.android.app.shealth,2026-07-07 03:10:45.383,,1.6048063,6312.2383,318.01123,8267,yeLoKu9/uD,com.sec.android.app.shealth,0,d9949618-d47b-4459-aab8-158042b4d6c3.achievement.json,d9949618-d47b-4459-aab8-158042b4d6c3,2026-07-06 00:00:00.000,
70001070,7354,94c28f3c-62a2-47af-83da-ac759fe2fbf4.binning_data.json,4224528,6000,70001070,82,2026-07-08 10:19:44.541,com.sec.android.app.shealth,2026-07-07 11:23:46.968,94c28f3c-62a2-47af-83da-ac759fe2fbf4.source_info.json,1.2974414,5481.0776,260.64218,7272,VfS0qUERdZ,com.sec.android.app.shealth,0,94c28f3c-62a2-47af-83da-ac759fe2fbf4.achievement.json,94c28f3c-62a2-47af-83da-ac759fe2fbf4,2026-07-07 00:00:00.000,
70001070,2818,45dba262-fdb5-48b0-9fce-a71b32cad158.binning_data.json,1675007,6000,70001070,16,2026-07-08 03:00:04.592,com.sec.android.app.shealth,2026-07-08 03:00:04.592,,1.2713492,2129.52,91.049995,2802,g1bnYRM2yN,com.sec.android.app.shealth,0,45dba262-fdb5-48b0-9fce-a71b32cad158.achievement.json,45dba262-fdb5-48b0-9fce-a71b32cad158,2026-07-07 00:00:00.000,
70001070,7029,00499388-9bb5-4ba4-99e4-e64e8c071cab.binning_data.json,3983333,6000,70001070,86,2026-07-09 03:00:09.510,com.sec.android.app.shealth,2026-07-08 03:00:07.678,,1.3124776,5228.0356,253.35648,6943,yeLoKu9/uD,com.sec.android.app.shealth,0,00499388-9bb5-4ba4-99e4-e64e8c071cab.achievement.json,00499388-9bb5-4ba4-99e4-e64e8c071cab,2026-07-07 00:00:00.000,
70001070,11983,c43d4cfc-a1c9-42bb-b7e5-d3876fbe6dc0.binning_data.json,6511897,6000,70001070,154,2026-07-09 11:18:06.234,com.sec.android.app.shealth,2026-07-08 10:02:49.591,c43d4cfc-a1c9-42bb-b7e5-d3876fbe6dc0.source_info.json,1.3849183,9018.446,422.13553,11829,VfS0qUERdZ,com.sec.android.app.shealth,0,c43d4cfc-a1c9-42bb-b7e5-d3876fbe6dc0.achievement.json,c43d4cfc-a1c9-42bb-b7e5-d3876fbe6dc0,2026-07-08 00:00:00.000,
70001070,5269,e49d7fd8-d0bc-439b-8672-8fa11918b54d.binning_data.json,3122569,6000,70001070,0,2026-07-09 03:00:06.106,com.sec.android.app.shealth,2026-07-09 03:00:06.106,,1.2630081,3943.83,164.87,5269,g1bnYRM2yN,com.sec.android.app.shealth,0,e49d7fd8-d0bc-439b-8672-8fa11918b54d.achievement.json,e49d7fd8-d0bc-439b-8672-8fa11918b54d,2026-07-08 00:00:00.000,
70001070,10757,647b8180-0ab6-4252-94e0-9a34a85795df.binning_data.json,5500000,6000,70001070,222,2026-07-10 03:00:14.326,com.sec.android.app.shealth,2026-07-09 03:00:09.496,,1.4729556,8101.256,396.35858,10535,yeLoKu9/uD,com.sec.android.app.shealth,0,647b8180-0ab6-4252-94e0-9a34a85795df.achievement.json,647b8180-0ab6-4252-94e0-9a34a85795df,2026-07-08 00:00:00.000,
70001070,12206,d7362a9d-6b22-4286-ba1c-8175d7f86ed3.binning_data.json,6943385,6000,70001070,113,2026-07-10 04:14:11.650,com.sec.android.app.shealth,2026-07-09 11:06:40.826,d7362a9d-6b22-4286-ba1c-8175d7f86ed3.source_info.json,1.320791,9170.762,425.64774,12093,VfS0qUERdZ,com.sec.android.app.shealth,0,d7362a9d-6b22-4286-ba1c-8175d7f86ed3.achievement.json,d7362a9d-6b22-4286-ba1c-8175d7f86ed3,2026-07-09 00:00:00.000,
70001070,6709,4473a3da-72eb-48ee-aef6-ade2de6e2851.binning_data.json,4004996,6000,70001070,31,2026-07-10 03:00:07.331,com.sec.android.app.shealth,2026-07-10 03:00:07.331,,1.2631298,5058.83,212.49998,6678,g1bnYRM2yN,com.sec.android.app.shealth,0,4473a3da-72eb-48ee-aef6-ade2de6e2851.achievement.json,4473a3da-72eb-48ee-aef6-ade2de6e2851,2026-07-09 00:00:00.000,
70001070,10685,98e3873f-ed28-4ebf-9dca-9c8e6fe30224.binning_data.json,5616666,6000,70001070,89,2026-07-11 03:00:14.017,com.sec.android.app.shealth,2026-07-10 03:00:14.311,,1.4182894,7966.0586,387.74335,10596,yeLoKu9/uD,com.sec.android.app.shealth,0,98e3873f-ed28-4ebf-9dca-9c8e6fe30224.achievement.json,98e3873f-ed28-4ebf-9dca-9c8e6fe30224,2026-07-09 00:00:00.000,
70001070,9362,87f6b469-9f62-4f76-b144-9777b6cbce6b.binning_data.json,4548845,6000,70001070,40,2026-07-11 08:59:01.965,com.sec.android.app.shealth,2026-07-10 03:07:05.419,87f6b469-9f62-4f76-b144-9777b6cbce6b.source_info.json,1.5319108,6968.4243,321.05777,9322,VfS0qUERdZ,com.sec.android.app.shealth,0,87f6b469-9f62-4f76-b144-9777b6cbce6b.achievement.json,87f6b469-9f62-4f76-b144-9777b6cbce6b,2026-07-10 00:00:00.000,
70001070,5453,8ce4b6d7-5676-46e4-957c-cc56da9754c0.binning_data.json,3376400,6000,70001070,0,2026-07-11 03:00:09.322,com.sec.android.app.shealth,2026-07-11 03:00:09.322,,1.1989099,4048.0,168.57999,5453,g1bnYRM2yN,com.sec.android.app.shealth,0,8ce4b6d7-5676-46e4-957c-cc56da9754c0.achievement.json,8ce4b6d7-5676-46e4-957c-cc56da9754c0,2026-07-10 00:00:00.000,
70001070,7394,7bef6eed-b8d5-4d22-b876-11dbeb93ab06.binning_data.json,3066666,6000,70001070,40,2026-07-12 04:22:41.697,com.sec.android.app.shealth,2026-07-11 03:00:13.993,,1.7845613,5472.6543,268.14645,7354,yeLoKu9/uD,com.sec.android.app.shealth,0,7bef6eed-b8d5-4d22-b876-11dbeb93ab06.achievement.json,7bef6eed-b8d5-4d22-b876-11dbeb93ab06,2026-07-10 00:00:00.000,
70001070,4333,15b31ec9-1f9d-4116-8b73-0154bcf59926.binning_data.json,2365678,6000,70001070,57,2026-07-12 06:36:57.539,com.sec.android.app.shealth,2026-07-11 13:05:24.136,15b31ec9-1f9d-4116-8b73-0154bcf59926.source_info.json,1.3793223,3263.0325,154.4509,4276,VfS0qUERdZ,com.sec.android.app.shealth,0,15b31ec9-1f9d-4116-8b73-0154bcf59926.achievement.json,15b31ec9-1f9d-4116-8b73-0154bcf59926,2026-07-11 00:00:00.000,
70001070,1963,7073aec1-02ae-4ac2-a7ba-04ed0d47c81c.binning_data.json,1208150,6000,70001070,17,2026-07-12 04:22:39.126,com.sec.android.app.shealth,2026-07-12 04:22:39.126,,1.2167524,1470.02,62.51999,1946,g1bnYRM2yN,com.sec.android.app.shealth,0,7073aec1-02ae-4ac2-a7ba-04ed0d47c81c.achievement.json,7073aec1-02ae-4ac2-a7ba-04ed0d47c81c,2026-07-11 00:00:00.000,
70001070,3727,31f3a3e1-6a4d-4052-84d9-d6ba43a9369c.binning_data.json,2100000,6000,70001070,40,2026-07-13 03:32:49.296,com.sec.android.app.shealth,2026-07-12 04:22:41.682,,1.3306943,2794.4583,134.92574,3687,yeLoKu9/uD,com.sec.android.app.shealth,0,31f3a3e1-6a4d-4052-84d9-d6ba43a9369c.achievement.json,31f3a3e1-6a4d-4052-84d9-d6ba43a9369c,2026-07-11 00:00:00.000,
70001070,15456,f96c56a9-d158-4031-9f10-9a00494f0215.binning_data.json,8690583,6000,70001070,64,2026-07-13 13:00:44.482,com.sec.android.app.shealth,2026-07-12 06:32:06.623,f96c56a9-d158-4031-9f10-9a00494f0215.source_info.json,1.313047,11411.145,547.26263,15392,VfS0qUERdZ,com.sec.android.app.shealth,0,f96c56a9-d158-4031-9f10-9a00494f0215.achievement.json,f96c56a9-d158-4031-9f10-9a00494f0215,2026-07-12 00:00:00.000,
70001070,5759,32ae830d-214a-4ba3-a482-54c1bf355cb6.binning_data.json,3640112,6000,70001070,0,2026-07-13 03:32:45.390,com.sec.android.app.shealth,2026-07-13 03:32:45.390,,1.1644888,4238.87,182.95,5759,g1bnYRM2yN,com.sec.android.app.shealth,0,32ae830d-214a-4ba3-a482-54c1bf355cb6.achievement.json,32ae830d-214a-4ba3-a482-54c1bf355cb6,2026-07-12 00:00:00.000,
70001070,14151,ad8e933b-2e8f-4741-b84f-6ef5cb8f2e25.binning_data.json,7700000,6000,70001070,64,2026-07-14 03:00:42.779,com.sec.android.app.shealth,2026-07-13 03:32:49.285,,1.3553483,10436.183,515.49225,14087,yeLoKu9/uD,com.sec.android.app.shealth,0,ad8e933b-2e8f-4741-b84f-6ef5cb8f2e25.achievement.json,ad8e933b-2e8f-4741-b84f-6ef5cb8f2e25,2026-07-12 00:00:00.000,
70001070,5563,5dbb0235-a1cc-4143-b09f-aff3b40dc394.binning_data.json,3050716,6000,70001070,88,2026-07-14 12:10:59.138,com.sec.android.app.shealth,2026-07-13 12:59:44.039,5dbb0235-a1cc-4143-b09f-aff3b40dc394.source_info.json,1.3846301,4224.114,201.19423,5475,VfS0qUERdZ,com.sec.android.app.shealth,0,5dbb0235-a1cc-4143-b09f-aff3b40dc394.achievement.json,5dbb0235-a1cc-4143-b09f-aff3b40dc394,2026-07-13 00:00:00.000,
70001070,728,d5a6336d-0d7b-4e93-a380-8f97178888ca.binning_data.json,442900,6000,70001070,0,2026-07-14 03:00:15.508,com.sec.android.app.shealth,2026-07-14 03:00:15.508,,1.2362365,547.52997,23.239998,728,g1bnYRM2yN,com.sec.android.app.shealth,0,d5a6336d-0d7b-4e93-a380-8f97178888ca.achievement.json,d5a6336d-0d7b-4e93-a380-8f97178888ca,2026-07-13 00:00:00.000,
70001070,5315,e7f93d2c-c072-4e2b-97f3-d44af5390384.binning_data.json,2900000,6000,70001070,88,2026-07-15 03:55:58.444,com.sec.android.app.shealth,2026-07-14 03:00:42.629,,1.3905132,4032.4883,193.82611,5227,yeLoKu9/uD,com.sec.android.app.shealth,0,e7f93d2c-c072-4e2b-97f3-d44af5390384.achievement.json,e7f93d2c-c072-4e2b-97f3-d44af5390384,2026-07-13 00:00:00.000,
70001070,9105,4aedb2da-896f-4d9e-bbb7-bb8b8fa8e54f.binning_data.json,4965046,6000,70001070,21,2026-07-15 10:30:27.398,com.sec.android.app.shealth,2026-07-14 03:16:01.184,4aedb2da-896f-4d9e-bbb7-bb8b8fa8e54f.source_info.json,1.3708917,6806.5405,402.33792,9084,VfS0qUERdZ,com.sec.android.app.shealth,0,4aedb2da-896f-4d9e-bbb7-bb8b8fa8e54f.achievement.json,4aedb2da-896f-4d9e-bbb7-bb8b8fa8e54f,2026-07-14 00:00:00.000,
70001070,5676,5d369bb4-4a53-4d28-bc2d-9a5e51540c37.binning_data.json,3278771,6000,70001070,0,2026-07-15 03:55:50.719,com.sec.android.app.shealth,2026-07-15 03:55:50.719,,1.3022254,4269.6997,172.79996,5676,g1bnYRM2yN,com.sec.android.app.shealth,0,5d369bb4-4a53-4d28-bc2d-9a5e51540c37.achievement.json,5d369bb4-4a53-4d28-bc2d-9a5e51540c37,2026-07-14 00:00:00.000,
70001070,8518,70966b2a-5aa7-44f9-8f2b-a4cbd77bea16.binning_data.json,3516666,6000,70001070,35,2026-07-16 03:03:13.869,com.sec.android.app.shealth,2026-07-15 03:55:58.200,,1.8061315,6351.5625,442.99158,8483,yeLoKu9/uD,com.sec.android.app.shealth,0,70966b2a-5aa7-44f9-8f2b-a4cbd77bea16.achievement.json,70966b2a-5aa7-44f9-8f2b-a4cbd77bea16,2026-07-14 00:00:00.000,
70001070,7442,a7332495-4913-4ddd-bba5-abc220f67f72.binning_data.json,3877084,6000,70001070,37,2026-07-15 23:50:43.854,com.sec.android.app.shealth,2026-07-15 12:39:14.530,a7332495-4913-4ddd-bba5-abc220f67f72.source_info.json,1.4463754,5607.7197,302.5217,7405,VfS0qUERdZ,com.sec.android.app.shealth,0,a7332495-4913-4ddd-bba5-abc220f67f72.achievement.json,a7332495-4913-4ddd-bba5-abc220f67f72,2026-07-15 00:00:00.000,
70001070,5542,5a7b32e7-4814-43cd-bde1-c8d841f9fb7d.binning_data.json,3164357,6000,70001070,0,2026-07-16 03:03:03.594,com.sec.android.app.shealth,2026-07-16 03:03:03.594,,1.3220186,4183.34,168.84996,5542,g1bnYRM2yN,com.sec.android.app.shealth,0,5a7b32e7-4814-43cd-bde1-c8d841f9fb7d.achievement.json,5a7b32e7-4814-43cd-bde1-c8d841f9fb7d,2026-07-15 00:00:00.000,
70001070,6527,f2dfe048-1649-444e-97aa-63b717e87f38.binning_data.json,2233333,6000,70001070,53,2026-07-16 03:03:13.569,com.sec.android.app.shealth,2026-07-16 03:03:13.569,,2.1991994,4911.5454,338.42316,6474,yeLoKu9/uD,com.sec.android.app.shealth,0,f2dfe048-1649-444e-97aa-63b717e87f38.achievement.json,f2dfe048-1649-444e-97aa-63b717e87f38,2026-07-15 00:00:00.000,
70001070,10837,4b416104-c757-4b3b-b85e-962f05997bac.binning_data.json,3695848,6000,70050090,559,2026-07-17 03:05:00.659,com.sec.android.app.shealth,2026-07-16 03:04:05.871,4b416104-c757-4b3b-b85e-962f05997bac.source_info.json,2.2588873,8348.506,659.0976,10278,VfS0qUERdZ,com.sec.android.app.shealth,0,4b416104-c757-4b3b-b85e-962f05997bac.achievement.json,4b416104-c757-4b3b-b85e-962f05997bac,2026-07-16 00:00:00.000,
70001070,1399,f2aadfec-846a-420e-b4ff-1bf5a8f05e03.binning_data.json,889406,6000,70001070,0,2026-07-17 03:00:07.713,com.sec.android.app.shealth,2026-07-17 03:00:07.713,,1.157379,1029.38,44.23,1399,g1bnYRM2yN,com.sec.android.app.shealth,0,f2aadfec-846a-420e-b4ff-1bf5a8f05e03.achievement.json,f2aadfec-846a-420e-b4ff-1bf5a8f05e03,2026-07-16 00:00:00.000,
70001070,10120,57b45a3d-cdc6-487c-8c3f-42de4b8ab721.binning_data.json,3266666,6000,70050090,559,2026-07-18 03:57:13.347,com.sec.android.app.shealth,2026-07-17 03:00:16.311,,2.394301,7821.3823,637.49915,9561,yeLoKu9/uD,com.sec.android.app.shealth,0,57b45a3d-cdc6-487c-8c3f-42de4b8ab721.achievement.json,57b45a3d-cdc6-487c-8c3f-42de4b8ab721,2026-07-16 00:00:00.000,
70050090,5221,b903309f-a442-4c3e-bc52-a8f76af45cdc.binning_data.json,3158800,6000,70050090,92,2026-07-18 03:57:12.374,com.sec.android.app.shealth,2026-07-17 11:07:50.119,b903309f-a442-4c3e-bc52-a8f76af45cdc.source_info.json,1.2351725,3901.664,188.0193,5129,VfS0qUERdZ,com.sec.android.app.shealth,0,b903309f-a442-4c3e-bc52-a8f76af45cdc.achievement.json,b903309f-a442-4c3e-bc52-a8f76af45cdc,2026-07-17 00:00:00.000,
70050090,1817,3cb2350a-8570-480e-8c41-7a6de1ccbd8b.binning_data.json,1151950,6000,70050090,0,2026-07-18 03:57:02.560,com.sec.android.app.shealth,2026-07-18 03:57:02.560,,1.1657269,1342.86,57.089993,1817,g1bnYRM2yN,com.sec.android.app.shealth,0,3cb2350a-8570-480e-8c41-7a6de1ccbd8b.achievement.json,3cb2350a-8570-480e-8c41-7a6de1ccbd8b,2026-07-17 00:00:00.000,
70050090,4703,b60d7be9-77c7-4acd-aec9-caef84208556.binning_data.json,2833333,6000,70050090,92,2026-07-19 03:00:26.950,com.sec.android.app.shealth,2026-07-18 03:57:13.364,,1.2402885,3514.151,173.81122,4611,yeLoKu9/uD,com.sec.android.app.shealth,0,b60d7be9-77c7-4acd-aec9-caef84208556.achievement.json,b60d7be9-77c7-4acd-aec9-caef84208556,2026-07-17 00:00:00.000,
70050090,8537,ddbb8fe6-62e5-4b70-8589-622ff9ce850f.binning_data.json,4991548,6000,70050090,84,2026-07-19 03:25:05.400,com.sec.android.app.shealth,2026-07-18 11:12:34.623,ddbb8fe6-62e5-4b70-8589-622ff9ce850f.source_info.json,1.2692847,6335.696,302.77298,8453,VfS0qUERdZ,com.sec.android.app.shealth,0,ddbb8fe6-62e5-4b70-8589-622ff9ce850f.achievement.json,ddbb8fe6-62e5-4b70-8589-622ff9ce850f,2026-07-18 00:00:00.000,
70050090,4016,5156de36-ac7c-480f-b0a2-365da980e6d4.binning_data.json,2525176,6000,70050090,4,2026-07-19 03:00:10.095,com.sec.android.app.shealth,2026-07-19 03:00:10.095,,1.177498,2973.39,125.09999,4012,g1bnYRM2yN,com.sec.android.app.shealth,0,5156de36-ac7c-480f-b0a2-365da980e6d4.achievement.json,5156de36-ac7c-480f-b0a2-365da980e6d4,2026-07-18 00:00:00.000,
70050090,7881,2c6b8ea4-7b42-40c1-9789-22f761e54bd9.binning_data.json,4466666,6000,70050090,80,2026-07-20 03:00:23.051,com.sec.android.app.shealth,2026-07-19 03:00:27.075,,1.3047832,5828.032,289.25665,7801,yeLoKu9/uD,com.sec.android.app.shealth,0,2c6b8ea4-7b42-40c1-9789-22f761e54bd9.achievement.json,2c6b8ea4-7b42-40c1-9789-22f761e54bd9,2026-07-18 00:00:00.000,
70050090,8898,6ab6605b-2e6b-41e1-9de8-f772ca0db16f.binning_data.json,5044265,6000,70050090,37,2026-07-20 12:13:54.367,com.sec.android.app.shealth,2026-07-19 03:08:09.799,6ab6605b-2e6b-41e1-9de8-f772ca0db16f.source_info.json,1.3100206,6608.0913,717.37,8861,VfS0qUERdZ,com.sec.android.app.shealth,0,6ab6605b-2e6b-41e1-9de8-f772ca0db16f.achievement.json,6ab6605b-2e6b-41e1-9de8-f772ca0db16f,2026-07-19 00:00:00.000,
70050090,4745,6e9f27a0-5aae-4948-80a1-51394fbc3321.binning_data.json,2956319,6000,70050090,9,2026-07-20 03:00:11.129,com.sec.android.app.shealth,2026-07-20 03:00:11.129,,1.1928649,3526.49,149.41998,4736,g1bnYRM2yN,com.sec.android.app.shealth,0,6e9f27a0-5aae-4948-80a1-51394fbc3321.achievement.json,6e9f27a0-5aae-4948-80a1-51394fbc3321,2026-07-19 00:00:00.000,
70050090,8066,46e591fe-09ec-4053-8b9e-65d25fd057b6.binning_data.json,4466666,6000,70050090,38,2026-07-21 03:00:11.004,com.sec.android.app.shealth,2026-07-20 03:00:23.192,,1.3360035,5967.4824,754.84265,8028,yeLoKu9/uD,com.sec.android.app.shealth,0,46e591fe-09ec-4053-8b9e-65d25fd057b6.achievement.json,46e591fe-09ec-4053-8b9e-65d25fd057b6,2026-07-19 00:00:00.000,
70050090,4414,f59225a3-b0d7-42a0-b54b-029a62ea20f5.binning_data.json,2735304,6000,70050090,46,2026-07-21 12:32:06.452,com.sec.android.app.shealth,2026-07-20 12:10:33.706,f59225a3-b0d7-42a0-b54b-029a62ea20f5.source_info.json,1.192062,3260.653,159.53253,4368,VfS0qUERdZ,com.sec.android.app.shealth,0,f59225a3-b0d7-42a0-b54b-029a62ea20f5.achievement.json,f59225a3-b0d7-42a0-b54b-029a62ea20f5,2026-07-20 00:00:00.000,
70050090,1661,e762482b-181a-43e5-8ab0-2ad98c98457b.binning_data.json,1059029,6000,70050090,0,2026-07-21 03:00:06.563,com.sec.android.app.shealth,2026-07-21 03:00:06.563,,1.1537918,1221.9,52.309994,1661,g1bnYRM2yN,com.sec.android.app.shealth,0,e762482b-181a-43e5-8ab0-2ad98c98457b.achievement.json,e762482b-181a-43e5-8ab0-2ad98c98457b,2026-07-20 00:00:00.000,
70050090,4046,9c7145b6-a251-4918-aabf-a4c03da239d1.binning_data.json,2533333,6000,70050090,46,2026-07-22 03:00:24.605,com.sec.android.app.shealth,2026-07-21 03:00:11.304,,1.1772208,2982.293,149.92273,4000,yeLoKu9/uD,com.sec.android.app.shealth,0,9c7145b6-a251-4918-aabf-a4c03da239d1.achievement.json,9c7145b6-a251-4918-aabf-a4c03da239d1,2026-07-20 00:00:00.000,
70050090,10265,eca189ec-2483-4875-9af3-d682aa8342c3.binning_data.json,5255708,6000,70050090,68,2026-07-22 04:11:36.134,com.sec.android.app.shealth,2026-07-21 12:38:32.612,eca189ec-2483-4875-9af3-d682aa8342c3.source_info.json,1.4641341,7695.062,649.4015,10197,VfS0qUERdZ,com.sec.android.app.shealth,0,eca189ec-2483-4875-9af3-d682aa8342c3.achievement.json,eca189ec-2483-4875-9af3-d682aa8342c3,2026-07-21 00:00:00.000,
70050090,5047,d8ce9f8f-920a-43e9-8d0e-13c8ba768800.binning_data.json,3037821,6000,70050090,0,2026-07-22 03:00:19.861,com.sec.android.app.shealth,2026-07-22 03:00:19.861,,1.240422,3768.18,155.37997,5047,g1bnYRM2yN,com.sec.android.app.shealth,0,d8ce9f8f-920a-43e9-8d0e-13c8ba768800.achievement.json,d8ce9f8f-920a-43e9-8d0e-13c8ba768800,2026-07-21 00:00:00.000,
70050090,9949,ac5c4910-e4e1-4b94-98b4-5a8441d2194d.binning_data.json,4299999,6000,70050090,71,2026-07-23 03:00:07.948,com.sec.android.app.shealth,2026-07-22 03:00:24.861,,1.7320318,7447.7363,691.3873,9878,yeLoKu9/uD,com.sec.android.app.shealth,0,ac5c4910-e4e1-4b94-98b4-5a8441d2194d.achievement.json,ac5c4910-e4e1-4b94-98b4-5a8441d2194d,2026-07-21 00:00:00.000,
70050090,3533,d9cc9d2b-ac7f-4663-85b6-7b7a7f51d25d.binning_data.json,2366113,6000,70050090,18,2026-07-23 04:43:18.018,com.sec.android.app.shealth,2026-07-22 12:46:47.962,d9cc9d2b-ac7f-4663-85b6-7b7a7f51d25d.source_info.json,1.1050438,2614.6592,125.91682,3515,VfS0qUERdZ,com.sec.android.app.shealth,0,d9cc9d2b-ac7f-4663-85b6-7b7a7f51d25d.achievement.json,d9cc9d2b-ac7f-4663-85b6-7b7a7f51d25d,2026-07-22 00:00:00.000,
70050090,1228,1ae88cf2-7274-419e-a607-2a76f6715645.binning_data.json,777602,6000,70050090,0,2026-07-23 03:00:05.149,com.sec.android.app.shealth,2026-07-23 03:00:05.149,,1.1631522,904.47,38.689995,1228,g1bnYRM2yN,com.sec.android.app.shealth,0,1ae88cf2-7274-419e-a607-2a76f6715645.achievement.json,1ae88cf2-7274-419e-a607-2a76f6715645,2026-07-22 00:00:00.000,
70050090,3330,ffb9e64e-4027-4382-a004-de346656d1b2.binning_data.json,2216666,6000,70050090,18,2026-07-24 03:36:33.056,com.sec.android.app.shealth,2026-07-23 03:00:07.933,,1.1112424,2463.254,121.39844,3312,yeLoKu9/uD,com.sec.android.app.shealth,0,ffb9e64e-4027-4382-a004-de346656d1b2.achievement.json,ffb9e64e-4027-4382-a004-de346656d1b2,2026-07-22 00:00:00.000,
70050090,3745,456b8934-3b5d-46de-8d12-776e216df098.binning_data.json,2480082,6000,70050090,48,2026-07-24 12:24:15.031,com.sec.android.app.shealth,2026-07-23 03:15:01.381,456b8934-3b5d-46de-8d12-776e216df098.source_info.json,1.1199833,2777.651,135.66264,3697,VfS0qUERdZ,com.sec.android.app.shealth,0,456b8934-3b5d-46de-8d12-776e216df098.achievement.json,456b8934-3b5d-46de-8d12-776e216df098,2026-07-23 00:00:00.000,
70050090,1122,9de1a623-93b1-419c-9148-927f45885359.binning_data.json,720931,6000,70050090,0,2026-07-24 03:34:41.902,com.sec.android.app.shealth,2026-07-24 03:34:41.902,,1.1456014,825.9,35.519997,1122,g1bnYRM2yN,com.sec.android.app.shealth,0,9de1a623-93b1-419c-9148-927f45885359.achievement.json,9de1a623-93b1-419c-9148-927f45885359,2026-07-23 00:00:00.000,
70050090,3558,da4c54c4-096f-46c3-b33e-ec119e766f63.binning_data.json,2399999,6000,70050090,48,2026-07-25 03:00:07.989,com.sec.android.app.shealth,2026-07-24 03:34:48.696,,1.0984961,2636.3906,130.87488,3510,yeLoKu9/uD,com.sec.android.app.shealth,0,da4c54c4-096f-46c3-b33e-ec119e766f63.achievement.json,da4c54c4-096f-46c3-b33e-ec119e766f63,2026-07-23 00:00:00.000,
70050090,3452,bc77c8c8-e1ba-4ed1-a586-d56553c5fb00.binning_data.json,2287192,6000,70050090,99,2026-07-25 08:48:05.641,com.sec.android.app.shealth,2026-07-24 12:03:30.261,bc77c8c8-e1ba-4ed1-a586-d56553c5fb00.source_info.json,1.1298882,2584.2722,124.75987,3353,VfS0qUERdZ,com.sec.android.app.shealth,0,bc77c8c8-e1ba-4ed1-a586-d56553c5fb00.achievement.json,bc77c8c8-e1ba-4ed1-a586-d56553c5fb00,2026-07-24 00:00:00.000,
70050090,1019,44475c8e-7f6c-4b56-9ca0-8f0186348e48.binning_data.json,641306,6000,70050090,0,2026-07-25 03:00:05.232,com.sec.android.app.shealth,2026-07-25 03:00:05.232,,1.1689723,749.67,31.999994,1019,g1bnYRM2yN,com.sec.android.app.shealth,0,44475c8e-7f6c-4b56-9ca0-8f0186348e48.achievement.json,44475c8e-7f6c-4b56-9ca0-8f0186348e48,2026-07-24 00:00:00.000,
70050090,3120,d3dd1f17-3b43-4c25-bea8-ee2becbd4b53.binning_data.json,2166666,6000,70050090,99,2026-07-26 03:00:32.907,com.sec.android.app.shealth,2026-07-25 03:00:08.006,,1.0798485,2339.6719,115.777466,3021,yeLoKu9/uD,com.sec.android.app.shealth,0,d3dd1f17-3b43-4c25-bea8-ee2becbd4b53.achievement.json,d3dd1f17-3b43-4c25-bea8-ee2becbd4b53,2026-07-24 00:00:00.000,
70050090,5605,1f1329a8-36d6-4bf5-890b-0f604bdadc16.binning_data.json,2982694,6000,70050090,231,2026-07-26 11:16:04.331,com.sec.android.app.shealth,2026-07-25 03:06:32.426,1f1329a8-36d6-4bf5-890b-0f604bdadc16.source_info.json,1.4190272,4232.5254,202.54723,5374,VfS0qUERdZ,com.sec.android.app.shealth,0,1f1329a8-36d6-4bf5-890b-0f604bdadc16.achievement.json,1f1329a8-36d6-4bf5-890b-0f604bdadc16,2026-07-25 00:00:00.000,
70050090,2269,68053bf6-5669-4b4e-9f0b-ac3a0fa7611d.binning_data.json,1355232,6000,70050090,1,2026-07-26 03:00:08.151,com.sec.android.app.shealth,2026-07-26 03:00:08.151,,1.2536079,1698.9299,71.16999,2268,g1bnYRM2yN,com.sec.android.app.shealth,0,68053bf6-5669-4b4e-9f0b-ac3a0fa7611d.achievement.json,68053bf6-5669-4b4e-9f0b-ac3a0fa7611d,2026-07-25 00:00:00.000,
70050090,4844,2fae80c0-38b4-440f-bde7-5f2bb06482a5.binning_data.json,2533333,6000,70050090,230,2026-07-27 03:00:08.131,com.sec.android.app.shealth,2026-07-26 03:00:32.469,,1.4432381,3656.2034,180.83302,4614,yeLoKu9/uD,com.sec.android.app.shealth,0,2fae80c0-38b4-440f-bde7-5f2bb06482a5.achievement.json,2fae80c0-38b4-440f-bde7-5f2bb06482a5,2026-07-25 00:00:00.000,
70050090,5859,22bd042c-7fed-4d18-af08-6cffbea167a1.binning_data.json,2774706,6000,70050090,61,2026-07-27 03:04:26.408,com.sec.android.app.shealth,2026-07-26 11:12:45.591,22bd042c-7fed-4d18-af08-6cffbea167a1.source_info.json,1.5726123,4363.538,204.42473,5798,VfS0qUERdZ,com.sec.android.app.shealth,0,22bd042c-7fed-4d18-af08-6cffbea167a1.achievement.json,22bd042c-7fed-4d18-af08-6cffbea167a1,2026-07-26 00:00:00.000,
70050090,4132,b73b90fe-9740-419c-a933-749b84935999.binning_data.json,2576642,6000,70050090,1,2026-07-27 03:00:05.710,com.sec.android.app.shealth,2026-07-27 03:00:05.710,,1.1871998,3058.99,126.74998,4131,g1bnYRM2yN,com.sec.android.app.shealth,0,b73b90fe-9740-419c-a933-749b84935999.achievement.json,b73b90fe-9740-419c-a933-749b84935999,2026-07-26 00:00:00.000,
70050090,5371,a75e144d-ce4b-4721-a67b-3738b3bc7816.binning_data.json,2166666,6000,70050090,60,2026-07-28 03:33:20.051,com.sec.android.app.shealth,2026-07-27 03:00:08.159,,1.8450298,3997.5647,194.00247,5311,yeLoKu9/uD,com.sec.android.app.shealth,0,a75e144d-ce4b-4721-a67b-3738b3bc7816.achievement.json,a75e144d-ce4b-4721-a67b-3738b3bc7816,2026-07-26 00:00:00.000,
70050090,6230,57729be6-c354-419f-8aed-92f62aa06825.binning_data.json,4188198,6000,70050090,83,2026-07-28 12:25:12.683,com.sec.android.app.shealth,2026-07-27 03:01:59.953,57729be6-c354-419f-8aed-92f62aa06825.source_info.json,1.1066519,4634.878,524.14246,6147,VfS0qUERdZ,com.sec.android.app.shealth,0,57729be6-c354-419f-8aed-92f62aa06825.achievement.json,57729be6-c354-419f-8aed-92f62aa06825,2026-07-27 00:00:00.000,
70050090,2329,32a04183-ef59-4f0c-84e1-809197bb0949.binning_data.json,1495144,6000,70050090,0,2026-07-28 03:31:29.512,com.sec.android.app.shealth,2026-07-28 03:31:29.512,,1.1460831,1713.5599,73.06999,2329,g1bnYRM2yN,com.sec.android.app.shealth,0,32a04183-ef59-4f0c-84e1-809197bb0949.achievement.json,32a04183-ef59-4f0c-84e1-809197bb0949,2026-07-27 00:00:00.000,
70050090,5731,3d3f1ff0-b9e1-44cb-9896-ea29638e3b54.binning_data.json,3866666,6000,70050090,91,2026-07-29 03:00:27.820,com.sec.android.app.shealth,2026-07-28 03:33:20.042,,1.1034209,4266.5605,522.6454,5640,yeLoKu9/uD,com.sec.android.app.shealth,0,3d3f1ff0-b9e1-44cb-9896-ea29638e3b54.achievement.json,3d3f1ff0-b9e1-44cb-9896-ea29638e3b54,2026-07-27 00:00:00.000,
70050090,5090,e4c4800a-0108-4155-b236-053e4815feaf.binning_data.json,3323612,6000,70050090,38,2026-07-29 05:32:19.683,com.sec.android.app.shealth,2026-07-28 12:30:08.901,e4c4800a-0108-4155-b236-053e4815feaf.source_info.json,1.1421924,3796.2046,446.07855,5052,VfS0qUERdZ,com.sec.android.app.shealth,0,e4c4800a-0108-4155-b236-053e4815feaf.achievement.json,e4c4800a-0108-4155-b236-053e4815feaf,2026-07-28 00:00:00.000,
70050090,1997,2696167d-25d1-45ae-aba0-e50901af8e9b.binning_data.json,1224657,6000,70050090,6,2026-07-29 03:00:22.736,com.sec.android.app.shealth,2026-07-29 03:00:22.736,,1.2193118,1493.24,63.499992,1991,g1bnYRM2yN,com.sec.android.app.shealth,0,2696167d-25d1-45ae-aba0-e50901af8e9b.achievement.json,2696167d-25d1-45ae-aba0-e50901af8e9b,2026-07-28 00:00:00.000,
70050090,4767,9300b635-88f3-4f81-a87a-5f53413f84b6.binning_data.json,3116666,6000,70060030,32,2026-07-30 03:00:26.171,com.sec.android.app.shealth,2026-07-29 03:00:27.715,,1.1323197,3529.0635,479.4534,4735,yeLoKu9/uD,com.sec.android.app.shealth,0,9300b635-88f3-4f81-a87a-5f53413f84b6.achievement.json,9300b635-88f3-4f81-a87a-5f53413f84b6,2026-07-28 00:00:00.000,
70050090,1657,d8ae076f-8f62-4055-864a-3bdfb58d8859.binning_data.json,1249480,6000,70060030,49,2026-07-30 13:27:49.081,com.sec.android.app.shealth,2026-07-29 12:31:22.331,d8ae076f-8f62-4055-864a-3bdfb58d8859.source_info.json,1.0029341,1253.1466,59.897766,1608,VfS0qUERdZ,com.sec.android.app.shealth,0,d8ae076f-8f62-4055-864a-3bdfb58d8859.achievement.json,d8ae076f-8f62-4055-864a-3bdfb58d8859,2026-07-29 00:00:00.000,
70060030,596,c8f7c115-4d22-4efb-8e7a-642206c50c01.binning_data.json,377947,6000,70060030,0,2026-07-30 03:00:13.342,com.sec.android.app.shealth,2026-07-30 03:00:13.342,,1.1626741,439.43,18.729998,596,g1bnYRM2yN,com.sec.android.app.shealth,0,c8f7c115-4d22-4efb-8e7a-642206c50c01.achievement.json,c8f7c115-4d22-4efb-8e7a-642206c50c01,2026-07-29 00:00:00.000,
70060030,1214,db2a5fd2-e104-46fe-9999-836cac42e3f6.binning_data.json,983333,6000,70060030,49,2026-07-31 03:00:08.117,com.sec.android.app.shealth,2026-07-30 03:00:24.423,,0.94239336,926.6869,46.130795,1165,yeLoKu9/uD,com.sec.android.app.shealth,0,db2a5fd2-e104-46fe-9999-836cac42e3f6.achievement.json,db2a5fd2-e104-46fe-9999-836cac42e3f6,2026-07-29 00:00:00.000,
70060030,5326,f93e2823-7076-46be-aa0c-5fc669d7b422.binning_data.json,3244581,6000,70060030,110,2026-07-31 11:32:19.104,com.sec.android.app.shealth,2026-07-30 03:08:05.500,f93e2823-7076-46be-aa0c-5fc669d7b422.source_info.json,1.233997,4003.8035,193.49397,5216,VfS0qUERdZ,com.sec.android.app.shealth,0,f93e2823-7076-46be-aa0c-5fc669d7b422.achievement.json,f93e2823-7076-46be-aa0c-5fc669d7b422,2026-07-30 00:00:00.000,
70060030,1410,fd80dbd7-5230-4d9f-9b08-4f7ceca185c9.binning_data.json,882887,6000,70060030,22,2026-07-31 03:00:04.745,com.sec.android.app.shealth,2026-07-31 03:00:04.745,,1.2005605,1059.96,46.179996,1388,g1bnYRM2yN,com.sec.android.app.shealth,0,fd80dbd7-5230-4d9f-9b08-4f7ceca185c9.achievement.json,fd80dbd7-5230-4d9f-9b08-4f7ceca185c9,2026-07-30 00:00:00.000,
70060030,5053,d24a3f6c-1172-4698-b153-41800928aedb.binning_data.json,3150000,6000,70060030,92,2026-08-01 03:54:53.734,com.sec.android.app.shealth,2026-07-31 03:00:08.136,,1.2032135,3790.1223,184.36255,4961,yeLoKu9/uD,com.sec.android.app.shealth,0,d24a3f6c-1172-4698-b153-41800928aedb.achievement.json,d24a3f6c-1172-4698-b153-41800928aedb,2026-07-30 00:00:00.000,
70060030,6399,f55034a0-cd27-4e9d-9107-099093f699f1.binning_data.json,3684039,6000,70060030,64,2026-08-01 16:31:22.291,com.sec.android.app.shealth,2026-07-31 11:02:40.898,f55034a0-cd27-4e9d-9107-099093f699f1.source_info.json,1.3000028,4789.261,228.78114,6335,VfS0qUERdZ,com.sec.android.app.shealth,0,f55034a0-cd27-4e9d-9107-099093f699f1.achievement.json,f55034a0-cd27-4e9d-9107-099093f699f1,2026-07-31 00:00:00.000,
70060030,1853,7268d691-5e7f-4e42-8c25-5ed4a586e1be.binning_data.json,1218617,6000,70060030,16,2026-08-01 03:54:43.203,com.sec.android.app.shealth,2026-08-01 03:54:43.203,,1.118751,1363.33,59.029984,1837,g1bnYRM2yN,com.sec.android.app.shealth,0,7268d691-5e7f-4e42-8c25-5ed4a586e1be.achievement.json,7268d691-5e7f-4e42-8c25-5ed4a586e1be,2026-07-31 00:00:00.000,
70060030,6112,8e0c3428-4058-4f37-bf32-1554a65c51e6.binning_data.json,3450000,6000,70060030,48,2026-08-02 03:00:08.565,com.sec.android.app.shealth,2026-08-01 03:54:53.345,,1.3214291,4558.9307,221.1577,6064,yeLoKu9/uD,com.sec.android.app.shealth,0,8e0c3428-4058-4f37-bf32-1554a65c51e6.achievement.json,8e0c3428-4058-4f37-bf32-1554a65c51e6,2026-07-31 00:00:00.000,
70060030,5415,c64338a4-280a-4a1a-9832-a7eadc04d54d.binning_data.json,3206407,6000,70060030,83,2026-08-02 02:58:21.145,com.sec.android.app.shealth,2026-08-01 15:02:44.845,c64338a4-280a-4a1a-9832-a7eadc04d54d.source_info.json,1.2521611,4014.9382,193.9551,5332,VfS0qUERdZ,com.sec.android.app.shealth,0,c64338a4-280a-4a1a-9832-a7eadc04d54d.achievement.json,c64338a4-280a-4a1a-9832-a7eadc04d54d,2026-08-01 00:00:00.000,
70060030,1571,f1fc5651-e1ac-4a33-8805-16e3f500cbe8.binning_data.json,955429,6000,70060030,0,2026-08-02 03:00:06.284,com.sec.android.app.shealth,2026-08-02 03:00:06.284,,1.2262543,1171.6,49.429996,1571,g1bnYRM2yN,com.sec.android.app.shealth,0,f1fc5651-e1ac-4a33-8805-16e3f500cbe8.achievement.json,f1fc5651-e1ac-4a33-8805-16e3f500cbe8,2026-08-01 00:00:00.000,
70060030,5129,c52d7e63-9485-47b6-bd1e-7d5b5386fa02.binning_data.json,2983333,6000,70060030,83,2026-08-02 03:00:08.560,com.sec.android.app.shealth,2026-08-02 03:00:08.560,,1.274607,3802.5771,188.51328,5046,yeLoKu9/uD,com.sec.android.app.shealth,0,c52d7e63-9485-47b6-bd1e-7d5b5386fa02.achievement.json,c52d7e63-9485-47b6-bd1e-7d5b5386fa02,2026-08-01 00:00:00.000,
70060030,6531,58c6bcd6-fb2a-4867-8330-b257ad66061d.binning_data.json,3678748,6000,70060030,70,2026-08-03 03:33:06.217,com.sec.android.app.shealth,2026-08-02 03:36:56.456,58c6bcd6-fb2a-4867-8330-b257ad66061d.source_info.json,1.3270361,4881.832,228.04274,6461,VfS0qUERdZ,com.sec.android.app.shealth,0,58c6bcd6-fb2a-4867-8330-b257ad66061d.achievement.json,58c6bcd6-fb2a-4867-8330-b257ad66061d,2026-08-02 00:00:00.000,
70060030,3752,cdc6e6a5-48f8-4288-ba1c-e33f41cc598b.binning_data.json,2350740,6000,70060030,0,2026-08-03 03:07:25.975,com.sec.android.app.shealth,2026-08-03 03:07:25.975,,1.1817508,2777.9897,115.98998,3752,g1bnYRM2yN,com.sec.android.app.shealth,0,cdc6e6a5-48f8-4288-ba1c-e33f41cc598b.achievement.json,cdc6e6a5-48f8-4288-ba1c-e33f41cc598b,2026-08-02 00:00:00.000,
70060030,5955,0184e5c9-a2c2-4ba1-af39-f6d30b003718.binning_data.json,2966666,6000,70060030,84,2026-08-03 20:40:11.492,com.sec.android.app.shealth,2026-08-03 03:07:42.976,,1.5033004,4459.791,218.49286,5871,yeLoKu9/uD,com.sec.android.app.shealth,0,0184e5c9-a2c2-4ba1-af39-f6d30b003718.achievement.json,0184e5c9-a2c2-4ba1-af39-f6d30b003718,2026-08-02 00:00:00.000,
70060030,1283,2a3b41ea-bbea-4bb9-8015-5fa12948decb.binning_data.json,822299,6000,70060030,0,2026-08-03 21:46:24.589,com.sec.android.app.shealth,2026-08-03 20:40:06.988,,1.1593955,953.37,41.16999,1283,SUfFQTLN3q,com.sec.android.app.shealth,0,2a3b41ea-bbea-4bb9-8015-5fa12948decb.achievement.json,2a3b41ea-bbea-4bb9-8015-5fa12948decb,2026-08-03 00:00:00.000,
70060030,8539,d53f4cd7-5392-493d-b591-d85dae57d5a3.binning_data.json,3783333,6000,70060030,75,2026-08-05 03:00:05.183,com.sec.android.app.shealth,2026-08-03 20:40:11.486,,1.6758668,6340.363,309.48795,8464,yeLoKu9/uD,com.sec.android.app.shealth,0,d53f4cd7-5392-493d-b591-d85dae57d5a3.achievement.json,d53f4cd7-5392-493d-b591-d85dae57d5a3,2026-08-03 00:00:00.000,
70060030,9001,c58698b8-56d8-40ac-969f-45efa92f6699.binning_data.json,4536022,6000,70060030,70,2026-08-05 11:55:31.511,com.sec.android.app.shealth,2026-08-04 03:13:52.940,c58698b8-56d8-40ac-969f-45efa92f6699.source_info.json,1.4898359,6757.9287,318.76788,8931,VfS0qUERdZ,com.sec.android.app.shealth,0,c58698b8-56d8-40ac-969f-45efa92f6699.achievement.json,c58698b8-56d8-40ac-969f-45efa92f6699,2026-08-04 00:00:00.000,
70060030,5890,0f4d77ba-145e-40a4-b5f9-b06587d09393.binning_data.json,3683904,6000,70060030,12,2026-08-05 03:00:03.610,com.sec.android.app.shealth,2026-08-05 03:00:03.610,,1.2197195,4493.33,189.62,5878,SUfFQTLN3q,com.sec.android.app.shealth,0,0f4d77ba-145e-40a4-b5f9-b06587d09393.achievement.json,0f4d77ba-145e-40a4-b5f9-b06587d09393,2026-08-04 00:00:00.000,
70060030,7986,40576ca8-c2ec-4aa5-b1a1-23e57e072268.binning_data.json,3399999,6000,70060030,56,2026-08-05 03:00:05.214,com.sec.android.app.shealth,2026-08-05 03:00:05.214,,1.7412926,5920.395,289.86096,7930,yeLoKu9/uD,com.sec.android.app.shealth,0,40576ca8-c2ec-4aa5-b1a1-23e57e072268.achievement.json,40576ca8-c2ec-4aa5-b1a1-23e57e072268,2026-08-04 00:00:00.000,
70060030,7075,89c5c919-6c80-4f5b-a8c8-36d9310a2c36.binning_data.json,3592349,6000,70060030,17,2026-08-06 00:30:52.578,com.sec.android.app.shealth,2026-08-05 12:11:39.289,89c5c919-6c80-4f5b-a8c8-36d9310a2c36.source_info.json,1.4808829,5319.848,253.28615,7058,VfS0qUERdZ,com.sec.android.app.shealth,0,89c5c919-6c80-4f5b-a8c8-36d9310a2c36.achievement.json,89c5c919-6c80-4f5b-a8c8-36d9310a2c36,2026-08-05 00:00:00.000,
