com.samsung.shealth.tracker.oxygen_saturation,7006003,5
integrated_id,source,tag_id,coverage_rate,com.samsung.health.oxygen_saturation.create_sh_ver,com.samsung.health.oxygen_saturation.start_time,com.samsung.health.oxygen_saturation.custom,com.samsung.health.oxygen_saturation.modify_sh_ver,com.samsung.health.oxygen_saturation.update_time,com.samsung.health.oxygen_saturation.create_time,com.samsung.health.oxygen_saturation.client_data_id,com.samsung.health.oxygen_saturation.low_duration,com.samsung.health.oxygen_saturation.binning,com.samsung.health.oxygen_saturation.max,com.samsung.health.oxygen_saturation.min,com.samsung.health.oxygen_saturation.spo2,com.samsung.health.oxygen_saturation.client_data_ver,com.samsung.health.oxygen_saturation.time_offset,com.samsung.health.oxygen_saturation.deviceuuid,com.samsung.health.oxygen_saturation.comment,com.samsung.health.oxygen_saturation.pkg_name,com.samsung.health.oxygen_saturation.end_time,com.samsung.health.oxygen_saturation.datauuid,com.samsung.health.oxygen_saturation.heart_rate
,,31301,,100032,2025-11-06 03:07:45.000,,100032,2025-11-06 09:09:35.000,2025-11-06 09:09:35.000,,0,00383636-3133-3537-3130-323432363731.com.samsung.health.oxygen_saturation.binning.json,100.0,91.0,0.0,,UTC-0300,yeLoKu9/uD,,com.sec.android.app.shealth,2025-11-06 09:09:35.000,00383636-3133-3537-3130-323432363731,0.0,
,,31301,,100032,2025-11-06 09:20:26.000,,100032,2025-11-06 11:23:42.000,2025-11-06 11:23:42.000,,0,00383636-3133-3232-3238-323432363731.com.samsung.health.oxygen_saturation.binning.json,100.0,94.0,0.0,,UTC-0300,yeLoKu9/uD,,com.sec.android.app.shealth,2025-11-06 11:23:42.000,00383636-3133-3232-3238-323432363731,0.0,
,,31301,,100032,2025-11-07 05:02:49.000,,100032,2025-11-07 10:42:33.000,2025-11-07 10:42:33.000,,0,00383636-3133-3335-3132-313532363731.com.samsung.health.oxygen_saturation.binning.json,100.0,94.0,0.0,,UTC-0300,yeLoKu9/uD,,com.sec.android.app.shealth,2025-11-07 10:42:33.000,00383636-3133-3335-3132-313532363731,0.0,
,,31301,,100032,2025-11-07 10:53:27.000,,100032,2025-11-07 11:18:58.000,2025-11-07 11:18:58.000,,0,00383636-3133-3833-3334-313532363731.com.samsung.health.oxygen_saturation.binning.json,100.0,95.0,0.0,,UTC-0300,yeLoKu9/uD,,com.sec.android.app.shealth,2025-11-07 11:18:58.000,00383636-3133-3833-3334-313532363731,0.0,
,,31301,,100032,2025-11-08 04:20:40.000,,100032,2025-11-08 05:24:48.000,2025-11-08 05:24:48.000,,0,00393636-3133-3838-3439-373532363731.com.samsung.health.oxygen_saturation.binning.json,100.0,96.0,0.0,,UTC-0300,yeLoKu9/uD,,com.sec.android.app.shealth,2025-11-08 05:24:48.000,00393636-3133-3838-3439-373532363731,0.0,
,,31301,,100032,2025-11-08 05:42:49.000,,100032,2025-11-08 10:16:23.000,2025-11-08 10:16:23.000,,0,00383636-3133-3338-3936-393532363731.com.samsung.health.oxygen_saturation.binning.json,100.0,93.0,0.0,,UTC-0300,yeLoKu9/uD,,com.sec.android.app.shealth,2025-11-08 10:16:23.000,00383636-3133-3338-3936-393532363731,0.0,
,,31301,,100032,2025-11-09 01:50:17.000,,100032,2025-11-09 10:25:18.000,2025-11-09 10:25:18.000,,489,00373636-3133-3831-3933-383632363731.com.samsung.health.oxygen_saturation.binning.json,100.0,82.0,0.0,,UTC-0300,yeLoKu9/uD,,com.sec.android.app.shealth,2025-11-09 10:25:18.000,00373636-3133-3831-3933-383632363731,0.0,
,,31301,,100032,2025-11-10 02:59:28.000,,100032,2025-11-10 09:58:59.000,2025-11-10 09:58:59.000,,0,00383636-3133-3933-3738-363732363731.com.samsung.health.oxygen_saturation.binning.json,100.0,95.0,0.0,,UTC-0300,yeLoKu9/uD,,com.sec.android.app.shealth,2025-11-10 09:58:59.000,00383636-3133-3933-3738-363732363731,0.0,
,,31301,,100032,2025-11-10 10:04:12.000,,100032,2025-11-10 11:05:20.000,2025-11-10 11:05:20.000,,0,00393636-3133-3032-3732-373732363731.com.samsung.health.oxygen_saturation.binning.json,100.0,98.0,0.0,,UTC-0300,yeLoKu9/uD,,com.sec.android.app.shealth,2025-11-10 11:05:20.000,00393636-3133-3032-3732-373732363731,0.0,
,,31301,,100032,2025-11-12 04:23:48.000,,100032,2025-11-12 10:31:27.000,2025-11-12 10:31:27.000,,0,00383636-3133-3738-3433-343932363731.com.samsung.health.oxygen_saturation.binning.json,100.0,90.0,0.0,,UTC-0300,yeLoKu9/uD,,com.sec.android.app.shealth,2025-11-12 10:31:27.000,00383636-3133-3738-3433-343932363731,0.0,
,,31301,,100032,2025-11-13 03:15:20.000,,100032,2025-11-13 11:30:15.000,2025-11-13 11:30:15.000,,2620,00373636-3133-3531-3433-333033363731.com.samsung.health.oxygen_saturation.binning.json,100.0,78.0,0.0,,UTC-0300,yeLoKu9/uD,,com.sec.android.app.shealth,2025-11-13 11:30:15.000,00373636-3133-3531-3433-333033363731,0.0,
,,31301,,100032,2025-11-14 02:00:00.000,,100032,2025-11-14 10:30:51.000,2025-11-14 10:30:51.000,,0,00383636-3133-3135-3236-313133363731.com.samsung.health.oxygen_saturation.binning.json,100.0,94.0,0.0,,UTC-0300,yeLoKu9/uD,,com.sec.android.app.shealth,2025-11-14 10:30:51.000,00383636-3133-3135-3236-313133363731,0.0,
,,31301,,100032,2025-11-15 04:03:02.000,,100032,2025-11-15 12:05:54.000,2025-11-15 12:05:54.000,,0,00383636-3133-3435-3338-303233363731.com.samsung.health.oxygen_saturation.binning.json,100.0,95.0,0.0,,UTC-0300,yeLoKu9/uD,,com.sec.android.app.shealth,2025-11-15 12:05:54.000,00383636-3133-3435-3338-303233363731,0.0,
,,31301,,100032,2025-11-15 16:39:20.000,,100032,2025-11-15 18:12:31.000,2025-11-15 18:12:31.000,,0,00383636-3133-3135-3330-333233363731.com.samsung.health.oxygen_saturation.binning.json,100.0,95.0,0.0,,UTC-0300,yeLoKu9/uD,,com.sec.android.app.shealth,2025-11-15 18:12:31.000,00383636-3133-3135-3330-333233363731,0.0,
,,31301,,100032,2025-11-16 06:47:21.000,,100032,2025-11-16 13:03:59.000,2025-11-16 13:03:59.000,,0,00383636-3133-3933-3238-393233363731.com.samsung.health.oxygen_saturation.binning.json,100.0,94.0,0.0,,UTC-0300,yeLoKu9/uD,,com.sec.android.app.shealth,2025-11-16 13:03:59.000,00383636-3133-3933-3238-393233363731,0.0,
,,31301,,100032,2025-11-17 04:26:16.000,,100032,2025-11-17 12:04:37.000,2025-11-17 12:04:37.000,,0,00383636-3133-3737-3031-383333363731.com.samsung.health.oxygen_saturation.binning.json,100.0,95.0,0.0,,UTC-0300,yeLoKu9/uD,,com.sec.android.app.shealth,2025-11-17 12:04:37.000,00383636-3133-3737-3031-383333363731,0.0,
,,31301,,100032,2025-11-18 03:25:52.000,,100032,2025-11-18 11:10:28.000,2025-11-18 11:10:28.000,,0,00383636-3133-3832-3234-363433363731.com.samsung.health.oxygen_saturation.binning.json,100.0,90.0,0.0,,UTC-0300,yeLoKu9/uD,,com.sec.android.app.shealth,2025-11-18 11:10:28.000,00383636-3133-3832-3234-363433363731,0.0,
,,31301,,100032,2025-11-19 03:47:55.000,,100032,2025-11-19 07:13:18.000,2025-11-19 07:13:18.000,,0,00383636-3133-3839-3336-333533363731.com.samsung.health.oxygen_saturation.binning.json,100.0,90.0,0.0,,UTC-0300,yeLoKu9/uD,,com.sec.android.app.shealth,2025-11-19 07:13:18.000,00383636-3133-3839-3336-333533363731,0.0,
,,31301,,100032,2025-11-19 07:32:19.000,,100032,2025-11-19 11:32:46.000,2025-11-19 11:32:46.000,,0,00383636-3133-3636-3931-353533363731.com.samsung.health.oxygen_saturation.binning.json,100.0,94.0,0.0,,UTC-0300,yeLoKu9/uD,,com.sec.android.app.shealth,2025-11-19 11:32:46.000,00383636-3133-3636-3931-353533363731,0.0,
,,31301,,100032,2025-11-20 03:33:39.000,,100032,2025-11-20 12:08:39.000,2025-11-20 12:08:39.000,,0,00393636-3133-3931-3530-343633363731.com.samsung.health.oxygen_saturation.binning.json,100.0,96.0,0.0,,UTC-0300,yeLoKu9/uD,,com.sec.android.app.shealth,2025-11-20 12:08:39.000,00393636-3133-3931-3530-343633363731,0.0,
,,31301,,100032,2025-11-21 06:23:06.000,,100032,2025-11-21 07:58:08.000,2025-11-21 07:58:08.000,,0,00393636-3133-3838-3831-313733363731.com.samsung.health.oxygen_saturation.binning.json,100.0,96.0,0.0,,UTC-0300,yeLoKu9/uD,,com.sec.android.app.shealth,2025-11-21 07:58:08.000,00393636-3133-3838-3831-313733363731,0.0,
,,31301,,100032,2025-11-21 17:44:03.000,,100032,2025-11-21 19:36:23.000,2025-11-21 19:36:23.000,,0,00393636-3133-3338-3733-353733363731.com.samsung.health.oxygen_saturation.binning.json,100.0,96.0,0.0,,UTC-0300,yeLoKu9/uD,,com.sec.android.app.shealth,2025-11-21 19:36:23.000,00393636-3133-3338-3733-353733363731,0.0,
,,31301,,100032,2025-11-22 04:18:13.000,,100032,2025-11-22 10:55:57.000,2025-11-22 10:55:57.000,,0,00383636-3133-3735-3938-303833363731.com.samsung.health.oxygen_saturation.binning.json,100.0,95.0,0.0,,UTC-0300,yeLoKu9/uD,,com.sec.android.app.shealth,2025-11-22 10:55:57.000,00383636-3133-3735-3938-303833363731,0.0,
,,31301,,100032,2025-11-23 05:06:01.000,,100032,2025-11-23 07:10:37.000,2025-11-23 07:10:37.000,,0,00383636-3133-3733-3831-383833363731.com.samsung.health.oxygen_saturation.binning.json,100.0,95.0,0.0,,UTC-0300,yeLoKu9/uD,,com.sec.android.app.shealth,2025-11-23 07:10:37.000,00383636-3133-3733-3831-383833363731,0.0,
,,31301,,100032,2025-11-24 02:48:41.000,,100032,2025-11-24 10:57:35.000,2025-11-24 10:57:35.000,,0,00383636-3133-3535-3831-383933363731.com.samsung.health.oxygen_saturation.binning.json,100.0,94.0,0.0,,UTC-0300,yeLoKu9/uD,,com.sec.android.app.shealth,2025-11-24 10:57:35.000,00383636-3133-3535-3831-383933363731,0.0,
,,31301,,100032,2025-11-25 03:11:29.000,,100032,2025-11-25 11:07:21.000,2025-11-25 11:07:21.000,,0,00383636-3133-3134-3838-363034363731.com.samsung.health.oxygen_saturation.binning.json,100.0,94.0,0.0,,UTC-0300,yeLoKu9/uD,,com.sec.android.app.shealth,2025-11-25 11:07:21.000,00383636-3133-3134-3838-363034363731,0.0,
,,31301,,100032,2025-11-27 03:32:51.000,,100032,2025-11-27 11:54:48.000,2025-11-27 11:54:48.000,,0,00383636-3133-3838-3434-343234363731.com.samsung.health.oxygen_saturation.binning.json,100.0,94.0,0.0,,UTC-0300,yeLoKu9/uD,,com.sec.android.app.shealth,2025-11-27 11:54:48.000,00383636-3133-3838-3434-343234363731,0.0,
,,31301,,100032,2025-11-28 03:35:36.000,,100032,2025-11-28 10:18:23.000,2025-11-28 10:18:23.000,,0,00383636-3133-3330-3135-323334363731.com.samsung.health.oxygen_saturation.binning.json,100.0,95.0,0.0,,UTC-0300,yeLoKu9/uD,,com.sec.android.app.shealth,2025-11-28 10:18:23.000,00383636-3133-3330-3135-323334363731,0.0,
,,31301,,100032,2025-11-28 10:40:25.000,,100032,2025-11-28 11:27:33.000,2025-11-28 11:27:33.000,,0,00393636-3133-3335-3239-323334363731.com.samsung.health.oxygen_saturation.binning.json,100.0,96.0,0.0,,UTC-0300,yeLoKu9/uD,,com.sec.android.app.shealth,2025-11-28 11:27:33.000,00393636-3133-3335-3239-323334363731,0.0,
,,31301,,100032,2025-11-29 04:51:44.000,,100032,2025-11-29 10:52:27.000,2025-11-29 10:52:27.000,,0,00383636-3133-3734-3533-313434363731.com.samsung.health.oxygen_saturation.binning.json,100.0,95.0,0.0,,UTC-0300,yeLoKu9/uD,,com.sec.android.app.shealth,2025-11-29 10:52:27.000,00383636-3133-3734-3533-313434363731,0.0,
,,31301,,100032,2025-11-30 04:19:26.000,,100032,2025-11-30 05:25:02.000,2025-11-30 05:25:02.000,,0,00393636-3133-3230-3330-383434363731.com.samsung.health.oxygen_saturation.binning.json,100.0,97.0,0.0,,UTC-0300,yeLoKu9/uD,,com.sec.android.app.shealth,2025-11-30 05:25:02.000,00393636-3133-3230-3330-383434363731,0.0,
,,31301,,100032,2025-12-01 04:21:13.000,,100032,2025-12-01 11:46:00.000,2025-12-01 11:46:00.000,,0,00383636-3133-3036-3539-383534363731.com.samsung.health.oxygen_saturation.binning.json,100.0,91.0,0.0,,UTC-0300,yeLoKu9/uD,,com.sec.android.app.shealth,2025-12-01 11:46:00.000,00383636-3133-3036-3539-383534363731,0.0,
,,31301,,100032,2025-12-02 02:08:27.000,,100032,2025-12-02 11:07:25.000,2025-12-02 11:07:25.000,,0,00383636-3133-3534-3633-373634363731.com.samsung.health.oxygen_saturation.binning.json,100.0,94.0,0.0,,UTC-0300,yeLoKu9/uD,,com.sec.android.app.shealth,2025-12-02 11:07:25.000,00383636-3133-3534-3633-373634363731,0.0,
,,31301,,100032,2025-12-02 18:14:09.000,,100032,2025-12-02 20:15:20.000,2025-12-02 20:15:20.000,,0,00383636-3133-3032-3536-303734363731.com.samsung.health.oxygen_saturation.binning.json,100.0,94.0,0.0,,UTC-0300,yeLoKu9/uD,,com.sec.android.app.shealth,2025-12-02 20:15:20.000,00383636-3133-3032-3536-303734363731,0.0,
,,31301,,100032,2025-12-03 03:27:06.000,,100032,2025-12-03 10:55:54.000,2025-12-03 10:55:54.000,,0,00383636-3133-3435-3339-353734363731.com.samsung.health.oxygen_saturation.binning.json,100.0,94.0,0.0,,UTC-0300,yeLoKu9/uD,,com.sec.android.app.shealth,2025-12-03 10:55:54.000,00383636-3133-3435-3339-353734363731,0.0,
,,31301,,100032,2025-12-04 03:47:51.000,,100032,2025-12-04 10:47:38.000,2025-12-04 10:47:38.000,,0,00393636-3133-3835-3235-343834363731.com.samsung.health.oxygen_saturation.binning.json,100.0,96.0,0.0,,UTC-0300,yeLoKu9/uD,,com.sec.android.app.shealth,2025-12-04 10:47:38.000,00393636-3133-3835-3235-343834363731,0.0,
,,31301,,100032,2025-12-05 03:49:30.000,,100032,2025-12-05 10:25:15.000,2025-12-05 10:25:15.000,,0,00383636-3133-3531-3330-333934363731.com.samsung.health.oxygen_saturation.binning.json,100.0,95.0,0.0,,UTC-0300,yeLoKu9/uD,,com.sec.android.app.shealth,2025-12-05 10:25:15.000,00383636-3133-3531-3330-333934363731,0.0,
,,31301,,100032,2025-12-07 03:54:13.000,,100032,2025-12-07 10:28:54.000,2025-12-07 10:28:54.000,,0,00383636-3133-3433-3333-303135363731.com.samsung.health.oxygen_saturation.binning.json,100.0,95.0,0.0,,UTC-0300,yeLoKu9/uD,,com.sec.android.app.shealth,2025-12-07 10:28:54.000,00383636-3133-3433-3333-303135363731,0.0,
,,31301,,100032,2025-12-08 04:06:47.000,,100032,2025-12-08 11:48:38.000,2025-12-08 11:48:38.000,,0,00383636-3133-3831-3534-393135363731.com.samsung.health.oxygen_saturation.binning.json,100.0,92.0,0.0,,UTC-0300,yeLoKu9/uD,,com.sec.android.app.shealth,2025-12-08 11:48:38.000,00383636-3133-3831-3534-393135363731,0.0,
,,31301,,100032,2025-12-09 03:01:14.000,,100032,2025-12-09 11:42:51.000,2025-12-09 11:42:51.000,,0,00393636-3133-3137-3530-383235363731.com.samsung.health.oxygen_saturation.binning.json,100.0,96.0,0.0,,UTC-0300,yeLoKu9/uD,,com.sec.android.app.shealth,2025-12-09 11:42:51.000,00393636-3133-3137-3530-383235363731,0.0,
,,31301,,100032,2025-12-09 20:21:19.000,,100032,2025-12-09 21:30:28.000,2025-12-09 21:30:28.000,,0,00393636-3133-3832-3835-313335363731.com.samsung.health.oxygen_saturation.binning.json,100.0,96.0,0.0,,UTC-0300,yeLoKu9/uD,,com.sec.android.app.shealth,2025-12-09 21:30:28.000,00393636-3133-3832-3835-313335363731,0.0,
,,31301,,100032,2025-12-10 02:12:01.000,,100032,2025-12-10 12:29:06.000,2025-12-10 12:29:06.000,,0,00383636-3133-3634-3739-363335363731.com.samsung.health.oxygen_saturation.binning.json,100.0,95.0,0.0,,UTC-0300,yeLoKu9/uD,,com.sec.android.app.shealth,2025-12-10 12:29:06.000,00383636-3133-3634-3739-363335363731,0.0,
,,31301,,100032,2025-12-11 03:26:57.000,,100032,2025-12-11 12:33:02.000,2025-12-11 12:33:02.000,,0,00393636-3133-3238-3336-353435363731.com.samsung.health.oxygen_saturation.binning.json,100.0,96.0,0.0,,UTC-0300,yeLoKu9/uD,,com.sec.android.app.shealth,2025-12-11 12:33:02.000,00393636-3133-3238-3336-353435363731,0.0,
,,31301,,100032,2025-12-12 02:19:32.000,,100032,2025-12-12 07:02:05.000,2025-12-12 07:02:05.000,,0,00393636-3133-3532-3932-323535363731.com.samsung.health.oxygen_saturation.binning.json,100.0,96.0,0.0,,UTC-0300,yeLoKu9/uD,,com.sec.android.app.shealth,2025-12-12 07:02:05.000,00393636-3133-3532-3932-323535363731,0.0,
,,31301,,100032,2025-12-12 07:36:09.000,,100032,2025-12-12 09:32:20.000,2025-12-12 09:32:20.000,,0,00383636-3133-3034-3931-333535363731.com.samsung.health.oxygen_saturation.binning.json,100.0,95.0,0.0,,UTC-0300,yeLoKu9/uD,,com.sec.android.app.shealth,2025-12-12 09:32:20.000,00383636-3133-3034-3931-333535363731,0.0,
,,31301,,100032,2025-12-12 18:47:25.000,,100032,2025-12-12 19:50:32.000,2025-12-12 19:50:32.000,,0,00383636-3133-3233-3039-363535363731.com.samsung.health.oxygen_saturation.binning.json,100.0,95.0,0.0,,UTC-0300,yeLoKu9/uD,,com.sec.android.app.shealth,2025-12-12 19:50:32.000,00383636-3133-3233-3039-363535363731,0.0,
,,31301,,100032,2025-12-14 01:50:20.000,,100032,2025-12-14 12:45:35.000,2025-12-14 12:45:35.000,,0,00383636-3133-3533-3336-313735363731.com.samsung.health.oxygen_saturation.binning.json,100.0,95.0,0.0,,UTC-0300,yeLoKu9/uD,,com.sec.android.app.shealth,2025-12-14 12:45:35.000,00383636-3133-3533-3336-313735363731,0.0,
,,31301,,100032,2025-12-16 02:32:53.000,,100032,2025-12-16 03:53:01.000,2025-12-16 03:53:01.000,,0,00383636-3133-3138-3137-353835363731.com.samsung.health.oxygen_saturation.binning.json,100.0,95.0,0.0,,UTC-0300,yeLoKu9/uD,,com.sec.android.app.shealth,2025-12-16 03:53:01.000,00383636-3133-3138-3137-353835363731,0.0,
,,31301,,100032,2025-12-16 04:41:05.000,,100032,2025-12-16 12:57:04.000,2025-12-16 12:57:04.000,,0,00393636-3133-3432-3839-383835363731.com.samsung.health.oxygen_saturation.binning.json,100.0,96.0,0.0,,UTC-0300,yeLoKu9/uD,,com.sec.android.app.shealth,2025-12-16 12:57:04.000,00393636-3133-3432-3839-383835363731,0.0,
,,31301,,100032,2025-12-17 01:59:37.000,,100032,2025-12-17 09:45:34.000,2025-12-17 09:45:34.000,,0,00393636-3133-3433-3734-363935363731.com.samsung.health.oxygen_saturation.binning.json,100.0,96.0,0.0,,UTC-0300,yeLoKu9/uD,,com.sec.android.app.shealth,2025-12-17 09:45:34.000,00393636-3133-3433-3734-363935363731,0.0,
,,31301,,100032,2025-12-17 10:09:36.000,,100032,2025-12-17 11:41:49.000,2025-12-17 11:41:49.000,,0,00393636-3133-3930-3731-373935363731.com.samsung.health.oxygen_saturation.binning.json,100.0,97.0,0.0,,UTC-0300,yeLoKu9/uD,,com.sec.android.app.shealth,2025-12-17 11:41:49.000,00393636-3133-3930-3731-373935363731,0.0,
,,31301,,100032,2025-12-18 03:03:58.000,,100032,2025-12-18 12:41:10.000,2025-12-18 12:41:10.000,,0,00393636-3133-3037-3631-363036363731.com.samsung.health.oxygen_saturation.binning.json,100.0,96.0,0.0,,UTC-0300,yeLoKu9/uD,,com.sec.android.app.shealth,2025-12-18 12:41:10.000,00393636-3133-3037-3631-363036363731,0.0,
,,31301,,100032,2025-12-19 03:08:06.000,,100032,2025-12-19 09:32:52.000,2025-12-19 09:32:52.000,,0,00393636-3133-3237-3736-333136363731.com.samsung.health.oxygen_saturation.binning.json,100.0,96.0,0.0,,UTC-0300,yeLoKu9/uD,,com.sec.android.app.shealth,2025-12-19 09:32:52.000,00393636-3133-3237-3736-333136363731,0.0,
,,31301,,100032,2025-12-20 04:05:55.000,,100032,2025-12-20 12:01:41.000,2025-12-20 12:01:41.000,,0,00383636-3133-3130-3132-333236363731.com.samsung.health.oxygen_saturation.binning.json,100.0,95.0,0.0,,UTC-0300,yeLoKu9/uD,,com.sec.android.app.shealth,2025-12-20 12:01:41.000,00383636-3133-3130-3132-333236363731,0.0,
,,31301,,100032,2025-12-21 07:24:41.000,,100032,2025-12-21 15:25:47.000,2025-12-21 15:25:47.000,,0,00393636-3133-3734-3730-333336363731.com.samsung.health.oxygen_saturation.binning.json,100.0,96.0,0.0,,UTC-0300,yeLoKu9/uD,,com.sec.android.app.shealth,2025-12-21 15:25:47.000,00393636-3133-3734-3730-333336363731,0.0,
,,31301,,100032,2025-12-22 04:00:32.000,,100032,2025-12-22 10:40:24.000,2025-12-22 10:40:24.000,,0,00383636-3133-3432-3030-303436363731.com.samsung.health.oxygen_saturation.binning.json,100.0,95.0,0.0,,UTC-0300,yeLoKu9/uD,,com.sec.android.app.shealth,2025-12-22 10:40:24.000,00383636-3133-3432-3030-303436363731,0.0,
,,31301,,100032,2025-12-22 16:15:01.000,,100032,2025-12-22 17:37:10.000,2025-12-22 17:37:10.000,,0,00383636-3133-3033-3035-323436363731.com.samsung.health.oxygen_saturation.binning.json,100.0,95.0,0.0,,UTC-0300,yeLoKu9/uD,,com.sec.android.app.shealth,2025-12-22 17:37:10.000,00383636-3133-3033-3035-323436363731,0.0,
,,31301,,100032,2025-12-23 04:31:31.000,,100032,2025-12-23 06:11:09.000,2025-12-23 06:11:09.000,,0,00383636-3133-3936-3230-373436363731.com.samsung.health.oxygen_saturation.binning.json,100.0,95.0,0.0,,UTC-0300,yeLoKu9/uD,,com.sec.android.app.shealth,2025-12-23 06:11:09.000,00383636-3133-3936-3230-373436363731,0.0,
,,31301,,100032,2025-12-23 06:21:43.000,,100032,2025-12-23 07:32:55.000,2025-12-23 07:32:55.000,,0,00383636-3133-3537-3135-373436363731.com.samsung.health.oxygen_saturation.binning.json,100.0,92.0,0.0,,UTC-0300,yeLoKu9/uD,,com.sec.android.app.shealth,2025-12-23 07:32:55.000,00383636-3133-3537-3135-373436363731,0.0,
,,31301,,100032,2025-12-23 07:59:57.000,,100032,2025-12-23 12:43:36.000,2025-12-23 12:43:36.000,,0,00383636-3133-3631-3833-393436363731.com.samsung.health.oxygen_saturation.binning.json,100.0,90.0,0.0,,UTC-0300,yeLoKu9/uD,,com.sec.android.app.shealth,2025-12-23 12:43:36.000,00383636-3133-3631-3833-393436363731,0.0,
,,31301,,100032,2025-12-24 03:24:16.000,,100032,2025-12-24 13:14:59.000,2025-12-24 13:14:59.000,,0,00383636-3133-3939-3032-383536363731.com.samsung.health.oxygen_saturation.binning.json,100.0,93.0,0.0,,UTC-0300,yeLoKu9/uD,,com.sec.android.app.shealth,2025-12-24 13:14:59.000,00383636-3133-3939-3032-383536363731,0.0,
,,31301,,100032,2025-12-25 04:40:33.000,,100032,2025-12-25 12:28:29.000,2025-12-25 12:28:29.000,,0,00393636-3133-3930-3735-363636363731.com.samsung.health.oxygen_saturation.binning.json,100.0,96.0,0.0,,UTC-0300,yeLoKu9/uD,,com.sec.android.app.shealth,2025-12-25 12:28:29.000,00393636-3133-3930-3735-363636363731,0.0,
,,31301,,100032,2025-12-26 03:48:04.000,,100032,2025-12-26 12:20:07.000,2025-12-26 12:20:07.000,,0,00393636-3133-3730-3631-353736363731.com.samsung.health.oxygen_saturation.binning.json,100.0,96.0,0.0,,UTC-0300,yeLoKu9/uD,,com.sec.android.app.shealth,2025-12-26 12:20:07.000,00393636-3133-3730-3631-353736363731,0.0,
,,31301,,100032,2025-12-27 04:06:30.000,,100032,2025-12-27 10:08:11.000,2025-12-27 10:08:11.000,,0,00383636-3133-3139-3030-333836363731.com.samsung.health.oxygen_saturation.binning.json,100.0,95.0,0.0,,UTC-0300,yeLoKu9/uD,,com.sec.android.app.shealth,2025-12-27 10:08:11.000,00383636-3133-3139-3030-333836363731,0.0,
,,31301,,100032,2025-12-27 11:05:17.000,,100032,2025-12-27 13:40:35.000,2025-12-27 13:40:35.000,,0,00393636-3133-3533-3832-343836363731.com.samsung.health.oxygen_saturation.binning.json,100.0,96.0,0.0,,UTC-0300,yeLoKu9/uD,,com.sec.android.app.shealth,2025-12-27 13:40:35.000,00393636-3133-3533-3832-343836363731,0.0,
,,31301,,100032,2025-12-29 03:38:42.000,,100032,2025-12-29 12:50:53.000,2025-12-29 12:50:53.000,,0,00383636-3133-3335-3632-313037363731.com.samsung.health.oxygen_saturation.binning.json,100.0,93.0,0.0,,UTC-0300,yeLoKu9/uD,,com.sec.android.app.shealth,2025-12-29 12:50:53.000,00383636-3133-3335-3632-313037363731,0.0,
,,31301,,100032,2025-12-30 06:51:01.000,,100032,2025-12-30 13:58:58.000,2025-12-30 13:58:58.000,,0,00383636-3133-3833-3133-303137363731.com.samsung.health.oxygen_saturation.binning.json,100.0,95.0,0.0,,UTC-0300,yeLoKu9/uD,,com.sec.android.app.shealth,2025-12-30 13:58:58.000,00383636-3133-3833-3133-303137363731,0.0,
,,31301,,100032,2025-12-31 02:57:35.000,,100032,2025-12-31 04:47:50.000,2025-12-31 04:47:50.000,,0,00393636-3133-3037-3436-353137363731.com.samsung.health.oxygen_saturation.binning.json,100.0,96.0,0.0,,UTC-0300,yeLoKu9/uD,,com.sec.android.app.shealth,2025-12-31 04:47:50.000,00393636-3133-3037-3436-353137363731,0.0,
,,31301,,100032,2025-12-31 06:44:04.000,,100032,2025-12-31 13:16:55.000,2025-12-31 13:16:55.000,,0,00393636-3133-3531-3037-383137363731.com.samsung.health.oxygen_saturation.binning.json,100.0,96.0,0.0,,UTC-0300,yeLoKu9/uD,,com.sec.android.app.shealth,2025-12-31 13:16:55.000,00393636-3133-3531-3037-383137363731,0.0,
,,31301,,100032,2026-01-01 04:24:48.000,,100032,2026-01-01 12:16:38.000,2026-01-01 12:16:38.000,,0,00383636-3133-3839-3739-363237363731.com.samsung.health.oxygen_saturation.binning.json,100.0,95.0,0.0,,UTC-0300,yeLoKu9/uD,,com.sec.android.app.shealth,2026-01-01 12:16:38.000,00383636-3133-3839-3739-363237363731,0.0,
,,31301,,100032,2026-01-02 03:52:20.000,,100032,2026-01-02 12:43:21.000,2026-01-02 12:43:21.000,,0,00383636-3133-3130-3837-353337363731.com.samsung.health.oxygen_saturation.binning.json,100.0,93.0,0.0,,UTC-0300,yeLoKu9/uD,,com.sec.android.app.shealth,2026-01-02 12:43:21.000,00383636-3133-3130-3837-353337363731,0.0,
,,31301,,100032,2026-01-03 03:58:18.000,,100032,2026-01-03 06:49:40.000,2026-01-03 06:49:40.000,,0,00383636-3133-3038-3932-323437363731.com.samsung.health.oxygen_saturation.binning.json,100.0,95.0,0.0,,UTC-0300,yeLoKu9/uD,,com.sec.android.app.shealth,2026-01-03 06:49:40.000,00383636-3133-3038-3932-323437363731,0.0,
,,31301,,100032,2026-01-03 07:09:42.000,,100032,2026-01-03 12:51:26.000,2026-01-03 12:51:26.000,,0,00383636-3133-3638-3634-343437363731.com.samsung.health.oxygen_saturation.binning.json,100.0,95.0,0.0,,UTC-0300,yeLoKu9/uD,,com.sec.android.app.shealth,2026-01-03 12:51:26.000,00383636-3133-3638-3634-343437363731,0.0,
,,31301,,100032,2026-01-04 04:18:17.000,,100032,2026-01-04 11:59:16.000,2026-01-04 11:59:16.000,,0,00393636-3133-3635-3937-323537363731.com.samsung.health.oxygen_saturation.binning.json,100.0,96.0,0.0,,UTC-0300,yeLoKu9/uD,,com.sec.android.app.shealth,2026-01-04 11:59:16.000,00393636-3133-3635-3937-323537363731,0.0,
,,31301,,100032,2026-01-05 02:53:03.000,,100032,2026-01-05 09:04:52.000,2026-01-05 09:04:52.000,,0,00383636-3133-3239-3833-303637363731.com.samsung.health.oxygen_saturation.binning.json,100.0,93.0,0.0,,UTC-0300,yeLoKu9/uD,,com.sec.android.app.shealth,2026-01-05 09:04:52.000,00383636-3133-3239-3833-303637363731,0.0,
,,31301,,100032,2026-01-05 10:51:05.000,,100032,2026-01-05 11:13:06.000,2026-01-05 11:13:06.000,,0,00393636-3133-3638-3531-313637363731.com.samsung.health.oxygen_saturation.binning.json,100.0,96.0,0.0,,UTC-0300,yeLoKu9/uD,,com.sec.android.app.shealth,2026-01-05 11:13:06.000,00393636-3133-3638-3531-313637363731,0.0,
,,31301,,100032,2026-01-06 02:42:00.000,,100032,2026-01-06 06:36:29.000,2026-01-06 06:36:29.000,,0,00383636-3133-3938-3331-383637363731.com.samsung.health.oxygen_saturation.binning.json,100.0,94.0,0.0,,UTC-0300,yeLoKu9/uD,,com.sec.android.app.shealth,2026-01-06 06:36:29.000,00383636-3133-3938-3331-383637363731,0.0,
,,31301,,100032,2026-01-06 07:09:32.000,,100032,2026-01-06 10:11:49.000,2026-01-06 10:11:49.000,,0,00393636-3133-3930-3334-393637363731.com.samsung.health.oxygen_saturation.binning.json,100.0,97.0,0.0,,UTC-0300,yeLoKu9/uD,,com.sec.android.app.shealth,2026-01-06 10:11:49.000,00393636-3133-3930-3334-393637363731,0.0,
,,31301,,100032,2026-01-07 03:49:09.000,,100032,2026-01-07 10:06:52.000,2026-01-07 10:06:52.000,,0,00383636-3133-3231-3430-383737363731.com.samsung.health.oxygen_saturation.binning.json,100.0,95.0,0.0,,UTC-0300,yeLoKu9/uD,,com.sec.android.app.shealth,2026-01-07 10:06:52.000,00383636-3133-3231-3430-383737363731,0.0,
,,31301,,100032,2026-01-08 03:09:54.000,,100032,2026-01-08 10:12:41.000,2026-01-08 10:12:41.000,,0,00393636-3133-3136-3137-363837363731.com.samsung.health.oxygen_saturation.binning.json,100.0,96.0,0.0,,UTC-0300,yeLoKu9/uD,,com.sec.android.app.shealth,2026-01-08 10:12:41.000,00393636-3133-3136-3137-363837363731,0.0,
,,31301,,100032,2026-01-08 10:57:48.000,,100032,2026-01-08 12:13:56.000,2026-01-08 12:13:56.000,,0,00393636-3133-3633-3434-373837363731.com.samsung.health.oxygen_saturation.binning.json,100.0,96.0,0.0,,UTC-0300,yeLoKu9/uD,,com.sec.android.app.shealth,2026-01-08 12:13:56.000,00393636-3133-3633-3434-373837363731,0.0,
,,31301,,100032,2026-01-09 03:07:35.000,,100032,2026-01-09 09:48:19.000,2026-01-09 09:48:19.000,,0,00383636-3133-3939-3032-353937363731.com.samsung.health.oxygen_saturation.binning.json,100.0,93.0,0.0,,UTC-0300,yeLoKu9/uD,,com.sec.android.app.shealth,2026-01-09 09:48:19.000,00383636-3133-3939-3032-353937363731,0.0,
,,31301,,100032,2026-01-11 03:28:04.000,,100032,2026-01-11 08:56:49.000,2026-01-11 08:56:49.000,,0,00383636-3133-3930-3831-323138363731.com.samsung.health.oxygen_saturation.binning.json,100.0,95.0,0.0,,UTC-0300,yeLoKu9/uD,,com.sec.android.app.shealth,2026-01-11 08:56:49.000,00383636-3133-3930-3831-323138363731,0.0,
,,31301,,100032,2026-01-11 09:39:54.000,,100032,2026-01-11 13:21:25.000,2026-01-11 13:21:25.000,,0,00393636-3133-3538-3637-333138363731.com.samsung.health.oxygen_saturation.binning.json,100.0,96.0,0.0,,UTC-0300,yeLoKu9/uD,,com.sec.android.app.shealth,2026-01-11 13:21:25.000,00393636-3133-3538-3637-333138363731,0.0,
,,31301,,100032,2026-01-12 03:10:06.000,,100032,2026-01-12 07:56:10.000,2026-01-12 07:56:10.000,,0,00383636-3133-3037-3534-303238363731.com.samsung.health.oxygen_saturation.binning.json,100.0,95.0,0.0,,UTC-0300,yeLoKu9/uD,,com.sec.android.app.shealth,2026-01-12 07:56:10.000,00383636-3133-3037-3534-303238363731,0.0,
,,31301,,100032,2026-01-13 02:25:52.000,,100032,2026-01-13 10:24:52.000,2026-01-13 10:24:52.000,,0,00383636-3133-3239-3839-393238363731.com.samsung.health.oxygen_saturation.binning.json,100.0,94.0,0.0,,UTC-0300,yeLoKu9/uD,,com.sec.android.app.shealth,2026-01-13 10:24:52.000,00383636-3133-3239-3839-393238363731,0.0,
,,31301,,100032,2026-01-13 11:31:02.000,,100032,2026-01-13 12:52:13.000,2026-01-13 12:52:13.000,,0,00393636-3133-3333-3738-303338363731.com.samsung.health.oxygen_saturation.binning.json,100.0,96.0,0.0,,UTC-0300,yeLoKu9/uD,,com.sec.android.app.shealth,2026-01-13 12:52:13.000,00393636-3133-3333-3738-303338363731,0.0,
,,31301,,100032,2026-01-14 02:54:09.000,,100032,2026-01-14 10:07:09.000,2026-01-14 10:07:09.000,,0,00383636-3133-3932-3235-383338363731.com.samsung.health.oxygen_saturation.binning.json,100.0,94.0,0.0,,UTC-0300,yeLoKu9/uD,,com.sec.android.app.shealth,2026-01-14 10:07:09.000,00383636-3133-3932-3235-383338363731,0.0,
,,31301,,100032,2026-01-14 11:10:17.000,,100032,2026-01-14 12:11:25.000,2026-01-14 12:11:25.000,,0,00393636-3133-3538-3632-393338363731.com.samsung.health.oxygen_saturation.binning.json,100.0,96.0,0.0,,UTC-0300,yeLoKu9/uD,,com.sec.android.app.shealth,2026-01-14 12:11:25.000,00393636-3133-3538-3632-393338363731,0.0,
,,31301,,100032,2026-01-15 02:34:17.000,,100032,2026-01-15 10:18:20.000,2026-01-15 10:18:20.000,,0,00393636-3133-3030-3332-373438363731.com.samsung.health.oxygen_saturation.binning.json,100.0,96.0,0.0,,UTC-0300,yeLoKu9/uD,,com.sec.android.app.shealth,2026-01-15 10:18:20.000,00393636-3133-3030-3332-373438363731,0.0,
,,31301,,100032,2026-01-16 02:30:33.000,,100032,2026-01-16 10:15:31.000,2026-01-16 10:15:31.000,,0,00393636-3133-3133-3538-353538363731.com.samsung.health.oxygen_saturation.binning.json,100.0,96.0,0.0,,UTC-0300,yeLoKu9/uD,,com.sec.android.app.shealth,2026-01-16 10:15:31.000,00393636-3133-3133-3538-353538363731,0.0,
,,31301,,100032,2026-01-17 02:15:46.000,,100032,2026-01-17 06:57:22.000,2026-01-17 06:57:22.000,,0,00393636-3133-3234-3033-333638363731.com.samsung.health.oxygen_saturation.binning.json,100.0,96.0,0.0,,UTC-0300,yeLoKu9/uD,,com.sec.android.app.shealth,2026-01-17 06:57:22.000,00393636-3133-3234-3033-333638363731,0.0,
,,31301,,100032,2026-01-17 07:20:23.000,,100032,2026-01-17 13:05:08.000,2026-01-17 13:05:08.000,,0,00393636-3133-3830-3135-353638363731.com.samsung.health.oxygen_saturation.binning.json,100.0,96.0,0.0,,UTC-0300,yeLoKu9/uD,,com.sec.android.app.shealth,2026-01-17 13:05:08.000,00393636-3133-3830-3135-353638363731,0.0,
,,31301,,100032,2026-01-18 02:35:51.000,,100032,2026-01-18 11:05:55.000,2026-01-18 11:05:55.000,,0,00383636-3133-3535-3334-333738363731.com.samsung.health.oxygen_saturation.binning.json,100.0,95.0,0.0,,UTC-0300,yeLoKu9/uD,,com.sec.android.app.shealth,2026-01-18 11:05:55.000,00383636-3133-3535-3334-333738363731,0.0,
,,31301,,100032,2026-01-19 02:18:37.000,,100032,2026-01-19 10:29:40.000,2026-01-19 10:29:40.000,,0,00383636-3133-3038-3538-313838363731.com.samsung.health.oxygen_saturation.binning.json,100.0,92.0,0.0,,UTC-0300,yeLoKu9/uD,,com.sec.android.app.shealth,2026-01-19 10:29:40.000,00383636-3133-3038-3538-313838363731,0.0,
,,31301,,100032,2026-01-20 02:08:49.000,,100032,2026-01-20 09:34:57.000,2026-01-20 09:34:57.000,,0,00383636-3133-3739-3631-303938363731.com.samsung.health.oxygen_saturation.binning.json,100.0,94.0,0.0,,UTC-0300,yeLoKu9/uD,,com.sec.android.app.shealth,2026-01-20 09:34:57.000,00383636-3133-3739-3631-303938363731,0.0,
,,31301,,100032,2026-01-22 03:24:24.000,,100032,2026-01-22 11:32:21.000,2026-01-22 11:32:21.000,,0,00383636-3133-3134-3531-383039363731.com.samsung.health.oxygen_saturation.binning.json,100.0,92.0,0.0,,UTC-0300,yeLoKu9/uD,,com.sec.android.app.shealth,2026-01-22 11:32:21.000,00383636-3133-3134-3531-383039363731,0.0,
,,31301,,100032,2026-01-23 01:32:13.000,,100032,2026-01-23 02:37:21.000,2026-01-23 02:37:21.000,,0,00383636-3133-3134-3835-333139363731.com.samsung.health.oxygen_saturation.binning.json,100.0,94.0,0.0,,UTC-0300,yeLoKu9/uD,,com.sec.android.app.shealth,2026-01-23 02:37:21.000,00383636-3133-3134-3835-333139363731,0.0,
,,31301,,100032,2026-01-23 02:59:23.000,,100032,2026-01-23 08:00:58.000,2026-01-23 08:00:58.000,,0,00383636-3133-3835-3235-353139363731.com.samsung.health.oxygen_saturation.binning.json,100.0,95.0,0.0,,UTC-0300,yeLoKu9/uD,,com.sec.android.app.shealth,2026-01-23 08:00:58.000,00383636-3133-3835-3235-353139363731,0.0,
,,31301,,100032,2026-01-23 09:47:14.000,,100032,2026-01-23 10:17:18.000,2026-01-23 10:17:18.000,,0,00393636-3133-3833-3433-363139363731.com.samsung.health.oxygen_saturation.binning.json,100.0,96.0,0.0,,UTC-0300,yeLoKu9/uD,,com.sec.android.app.shealth,2026-01-23 10:17:18.000,00393636-3133-3833-3433-363139363731,0.0,
,,31301,,100032,2026-01-24 02:28:19.000,,100032,2026-01-24 10:12:11.000,2026-01-24 10:12:11.000,,0,00383636-3133-3133-3539-343239363731.com.samsung.health.oxygen_saturation.binning.json,100.0,95.0,0.0,,UTC-0300,yeLoKu9/uD,,com.sec.android.app.shealth,2026-01-24 10:12:11.000,00383636-3133-3133-3539-343239363731,0.0,
,,31301,,100032,2026-01-24 16:39:02.000,,100032,2026-01-24 17:43:10.000,2026-01-24 17:43:10.000,,0,00383636-3133-3039-3536-373239363731.com.samsung.health.oxygen_saturation.binning.json,100.0,95.0,0.0,,UTC-0300,yeLoKu9/uD,,com.sec.android.app.shealth,2026-01-24 17:43:10.000,00383636-3133-3039-3536-373239363731,0.0,
,,31301,,100032,2026-01-25 03:36:24.000,,100032,2026-01-25 12:12:34.000,2026-01-25 12:12:34.000,,0,00393636-3133-3435-3133-343339363731.com.samsung.health.oxygen_saturation.binning.json,100.0,96.0,0.0,,UTC-0300,yeLoKu9/uD,,com.sec.android.app.shealth,2026-01-25 12:12:34.000,00393636-3133-3435-3133-343339363731,0.0,
,,31301,,100032,2026-01-26 02:47:07.000,,100032,2026-01-26 08:31:46.000,2026-01-26 08:31:46.000,,0,00383636-3133-3630-3336-313439363731.com.samsung.health.oxygen_saturation.binning.json,100.0,94.0,0.0,,UTC-0300,yeLoKu9/uD,,com.sec.android.app.shealth,2026-01-26 08:31:46.000,00383636-3133-3630-3336-313439363731,0.0,
,,31301,,100032,2026-01-26 10:47:07.000,,100032,2026-01-26 12:05:17.000,2026-01-26 12:05:17.000,,0,00393636-3133-3731-3139-323439363731.com.samsung.health.oxygen_saturation.binning.json,100.0,96.0,0.0,,UTC-0300,yeLoKu9/uD,,com.sec.android.app.shealth,2026-01-26 12:05:17.000,00393636-3133-3731-3139-323439363731,0.0,
,,31301,,100032,2026-01-27 02:21:58.000,,100032,2026-01-27 05:12:19.000,2026-01-27 05:12:19.000,,0,00383636-3133-3933-3730-393439363731.com.samsung.health.oxygen_saturation.binning.json,100.0,91.0,0.0,,UTC-0300,yeLoKu9/uD,,com.sec.android.app.shealth,2026-01-27 05:12:19.000,00383636-3133-3933-3730-393439363731,0.0,
,,31301,,100032,2026-01-27 05:36:21.000,,100032,2026-01-27 08:51:46.000,2026-01-27 08:51:46.000,,0,00393636-3133-3630-3933-303539363731.com.samsung.health.oxygen_saturation.binning.json,100.0,96.0,0.0,,UTC-0300,yeLoKu9/uD,,com.sec.android.app.shealth,2026-01-27 08:51:46.000,00393636-3133-3630-3933-303539363731,0.0,
,,31301,,100032,2026-01-28 01:34:41.000,,100032,2026-01-28 11:15:51.000,2026-01-28 11:15:51.000,,0,00393636-3133-3135-3938-393539363731.com.samsung.health.oxygen_saturation.binning.json,100.0,96.0,0.0,,UTC-0300,yeLoKu9/uD,,com.sec.android.app.shealth,2026-01-28 11:15:51.000,00393636-3133-3135-3938-393539363731,0.0,
,,31301,,100032,2026-01-29 03:39:47.000,,100032,2026-01-29 10:52:37.000,2026-01-29 10:52:37.000,,0,00393636-3133-3735-3933-383639363731.com.samsung.health.oxygen_saturation.binning.json,100.0,96.0,0.0,,UTC-0300,yeLoKu9/uD,,com.sec.android.app.shealth,2026-01-29 10:52:37.000,00393636-3133-3735-3933-383639363731,0.0,
,,31301,,100032,2026-01-31 01:58:39.000,,100032,2026-01-31 10:44:46.000,2026-01-31 10:44:46.000,,0,00383636-3133-3638-3236-353839363731.com.samsung.health.oxygen_saturation.binning.json,100.0,95.0,0.0,,UTC-0300,yeLoKu9/uD,,com.sec.android.app.shealth,2026-01-31 10:44:46.000,00383636-3133-3638-3236-353839363731,0.0,
,,31301,,100032,2026-02-01 06:10:28.000,,100032,2026-02-01 14:21:32.000,2026-02-01 14:21:32.000,,0,00393636-3133-3239-3635-353939363731.com.samsung.health.oxygen_saturation.binning.json,100.0,96.0,0.0,,UTC-0300,yeLoKu9/uD,,com.sec.android.app.shealth,2026-02-01 14:21:32.000,00393636-3133-3239-3635-353939363731,0.0,
,,31301,,100032,2026-02-02 03:18:26.000,,100032,2026-02-02 04:31:34.000,2026-02-02 04:31:34.000,,0,00393636-3133-3439-3636-303030373731.com.samsung.health.oxygen_saturation.binning.json,100.0,96.0,0.0,,UTC-0300,yeLoKu9/uD,,com.sec.android.app.shealth,2026-02-02 04:31:34.000,00393636-3133-3439-3636-303030373731,0.0,
,,31301,,100032,2026-02-02 04:40:37.000,,100032,2026-02-02 09:54:19.000,2026-02-02 09:54:19.000,,0,00383636-3133-3935-3036-323030373731.com.samsung.health.oxygen_saturation.binning.json,100.0,93.0,0.0,,UTC-0300,yeLoKu9/uD,,com.sec.android.app.shealth,2026-02-02 09:54:19.000,00383636-3133-3935-3036-323030373731,0.0,
,,31301,,100032,2026-02-03 02:35:43.000,,100032,2026-02-03 10:09:40.000,2026-02-03 10:09:40.000,,0,00383636-3133-3038-3333-313130373731.com.samsung.health.oxygen_saturation.binning.json,100.0,93.0,0.0,,UTC-0300,yeLoKu9/uD,,com.sec.android.app.shealth,2026-02-03 10:09:40.000,00383636-3133-3038-3333-313130373731,0.0,
,,31301,,100032,2026-02-05 02:34:02.000,,100032,2026-02-05 08:38:18.000,2026-02-05 08:38:18.000,,0,00393636-3133-3839-3630-383230373731.com.samsung.health.oxygen_saturation.binning.json,100.0,96.0,0.0,,UTC-0300,yeLoKu9/uD,,com.sec.android.app.shealth,2026-02-05 08:38:18.000,00393636-3133-3839-3630-383230373731,0.0,
,,31301,,100032,2026-02-06 03:24:17.000,,100032,2026-02-06 10:49:37.000,2026-02-06 10:49:37.000,,0,00393636-3133-3737-3934-373330373731.com.samsung.health.oxygen_saturation.binning.json,100.0,96.0,0.0,,UTC-0300,yeLoKu9/uD,,com.sec.android.app.shealth,2026-02-06 10:49:37.000,00393636-3133-3737-3934-373330373731,0.0,
,,31301,,100032,2026-02-07 02:38:40.000,,100032,2026-02-07 09:50:30.000,2026-02-07 09:50:30.000,,0,00383636-3133-3033-3837-353430373731.com.samsung.health.oxygen_saturation.binning.json,100.0,95.0,0.0,,UTC-0300,yeLoKu9/uD,,com.sec.android.app.shealth,2026-02-07 09:50:30.000,00383636-3133-3033-3837-353430373731,0.0,
,,31301,,100032,2026-02-07 15:17:13.000,,100032,2026-02-07 17:21:28.000,2026-02-07 17:21:28.000,,0,00393636-3133-3838-3834-383430373731.com.samsung.health.oxygen_saturation.binning.json,100.0,96.0,0.0,,UTC-0300,yeLoKu9/uD,,com.sec.android.app.shealth,2026-02-07 17:21:28.000,00393636-3133-3838-3834-383430373731,0.0,
,,31301,,100032,2026-02-08 03:31:27.000,,100032,2026-02-08 11:29:35.000,2026-02-08 11:29:35.000,,0,00383636-3133-3537-3130-353530373731.com.samsung.health.oxygen_saturation.binning.json,100.0,92.0,0.0,,UTC-0300,yeLoKu9/uD,,com.sec.android.app.shealth,2026-02-08 11:29:35.000,00383636-3133-3537-3130-353530373731,0.0,
,,31301,,100032,2026-02-09 02:48:48.000,,100032,2026-02-09 11:03:54.000,2026-02-09 11:03:54.000,,0,00383636-3133-3433-3035-333630373731.com.samsung.health.oxygen_saturation.binning.json,100.0,94.0,0.0,,UTC-0300,yeLoKu9/uD,,com.sec.android.app.shealth,2026-02-09 11:03:54.000,00383636-3133-3433-3035-333630373731,0.0,
,,31301,,100032,2026-02-10 03:30:19.000,,100032,2026-02-10 08:36:59.000,2026-02-10 08:36:59.000,,0,00383636-3133-3931-3632-313730373731.com.samsung.health.oxygen_saturation.binning.json,100.0,94.0,0.0,,UTC-0300,yeLoKu9/uD,,com.sec.android.app.shealth,2026-02-10 08:36:59.000,00383636-3133-3931-3632-313730373731,0.0,
,,31301,,100032,2026-02-10 09:20:04.000,,100032,2026-02-10 10:06:11.000,2026-02-10 10:06:11.000,,0,00393636-3133-3137-3937-313730373731.com.samsung.health.oxygen_saturation.binning.json,100.0,97.0,0.0,,UTC-0300,yeLoKu9/uD,,com.sec.android.app.shealth,2026-02-10 10:06:11.000,00393636-3133-3137-3937-313730373731,0.0,
,,31301,,100032,2026-02-12 01:11:51.000,,100032,2026-02-12 11:09:10.000,2026-02-12 11:09:10.000,,0,00383636-3133-3035-3534-393830373731.com.samsung.health.oxygen_saturation.binning.json,100.0,92.0,0.0,,UTC-0300,yeLoKu9/uD,,com.sec.android.app.shealth,2026-02-12 11:09:10.000,00383636-3133-3035-3534-393830373731,0.0,
,,31301,,100032,2026-02-13 02:29:16.000,,100032,2026-02-13 10:28:25.000,2026-02-13 10:28:25.000,,0,00383636-3133-3530-3538-373930373731.com.samsung.health.oxygen_saturation.binning.json,100.0,95.0,0.0,,UTC-0300,yeLoKu9/uD,,com.sec.android.app.shealth,2026-02-13 10:28:25.000,00383636-3133-3530-3538-373930373731,0.0,
,,31301,,100032,2026-02-14 03:36:41.000,,100032,2026-02-14 09:40:29.000,2026-02-14 09:40:29.000,,0,00393636-3133-3932-3032-363031373731.com.samsung.health.oxygen_saturation.binning.json,100.0,97.0,0.0,,UTC-0300,yeLoKu9/uD,,com.sec.android.app.shealth,2026-02-14 09:40:29.000,00393636-3133-3932-3032-363031373731,0.0,
,,31301,,100032,2026-02-14 11:03:40.000,,100032,2026-02-14 13:26:58.000,2026-02-14 13:26:58.000,,0,00393636-3133-3831-3635-373031373731.com.samsung.health.oxygen_saturation.binning.json,100.0,96.0,0.0,,UTC-0300,yeLoKu9/uD,,com.sec.android.app.shealth,2026-02-14 13:26:58.000,00393636-3133-3831-3635-373031373731,0.0,
,,31301,,100032,2026-02-15 13:12:18.000,,100032,2026-02-15 15:23:36.000,2026-02-15 15:23:36.000,,0,00383636-3133-3631-3039-363131373731.com.samsung.health.oxygen_saturation.binning.json,100.0,95.0,0.0,,UTC-0300,yeLoKu9/uD,,com.sec.android.app.shealth,2026-02-15 15:23:36.000,00383636-3133-3631-3039-363131373731,0.0,
,,31301,,100032,2026-02-16 01:16:50.000,,100032,2026-02-16 02:41:05.000,2026-02-16 02:41:05.000,,0,00393636-3133-3536-3639-303231373731.com.samsung.health.oxygen_saturation.binning.json,100.0,97.0,0.0,,UTC-0300,yeLoKu9/uD,,com.sec.android.app.shealth,2026-02-16 02:41:05.000,00393636-3133-3536-3639-303231373731,0.0,
,,31301,,100032,2026-02-16 03:18:08.000,,100032,2026-02-16 11:39:13.000,2026-02-16 11:39:13.000,,0,00383636-3133-3335-3931-343231373731.com.samsung.health.oxygen_saturation.binning.json,100.0,94.0,0.0,,UTC-0300,yeLoKu9/uD,,com.sec.android.app.shealth,2026-02-16 11:39:13.000,00383636-3133-3335-3931-343231373731,0.0,
,,31301,,100032,2026-02-17 03:00:06.000,,100032,2026-02-17 10:59:08.000,2026-02-17 10:59:08.000,,0,00383636-3133-3834-3935-323331373731.com.samsung.health.oxygen_saturation.binning.json,100.0,95.0,0.0,,UTC-0300,yeLoKu9/uD,,com.sec.android.app.shealth,2026-02-17 10:59:08.000,00383636-3133-3834-3935-323331373731,0.0,
,,31301,,100032,2026-02-18 01:59:00.000,,100032,2026-02-18 08:45:53.000,2026-02-18 08:45:53.000,,0,00393636-3133-3335-3334-303431373731.com.samsung.health.oxygen_saturation.binning.json,100.0,96.0,0.0,,UTC-0300,yeLoKu9/uD,,com.sec.android.app.shealth,2026-02-18 08:45:53.000,00393636-3133-3335-3334-303431373731,0.0,
,,31301,,100032,2026-02-19 02:57:12.000,,100032,2026-02-19 11:17:18.000,2026-02-19 11:17:18.000,,0,00383636-3133-3833-3839-393431373731.com.samsung.health.oxygen_saturation.binning.json,100.0,94.0,0.0,,UTC-0300,yeLoKu9/uD,,com.sec.android.app.shealth,2026-02-19 11:17:18.000,00383636-3133-3833-3839-393431373731,0.0,
,,31301,,100032,2026-02-21 03:34:57.000,,100032,2026-02-21 06:56:27.000,2026-02-21 06:56:27.000,,0,00393636-3133-3738-3936-353631373731.com.samsung.health.oxygen_saturation.binning.json,100.0,97.0,0.0,,UTC-0300,yeLoKu9/uD,,com.sec.android.app.shealth,2026-02-21 06:56:27.000,00393636-3133-3738-3936-353631373731,0.0,
,,31301,,100032,2026-02-21 07:01:24.000,,100032,2026-02-21 10:36:55.000,2026-02-21 10:36:55.000,,0,00393636-3133-3531-3230-373631373731.com.samsung.health.oxygen_saturation.binning.json,100.0,97.0,0.0,,UTC-0300,yeLoKu9/uD,,com.sec.android.app.shealth,2026-02-21 10:36:55.000,00393636-3133-3531-3230-373631373731,0.0,
,,31301,,100032,2026-02-22 03:39:07.000,,100032,2026-02-22 09:06:51.000,2026-02-22 09:06:51.000,,0,00383636-3133-3131-3231-353731373731.com.samsung.health.oxygen_saturation.binning.json,100.0,95.0,0.0,,UTC-0300,yeLoKu9/uD,,com.sec.android.app.shealth,2026-02-22 09:06:51.000,00383636-3133-3131-3231-353731373731,0.0,
,,31301,,100032,2026-02-23 02:44:09.000,,100032,2026-02-23 09:45:06.000,2026-02-23 09:45:06.000,,0,00383636-3133-3630-3939-333831373731.com.samsung.health.oxygen_saturation.binning.json,100.0,95.0,0.0,,UTC-0300,yeLoKu9/uD,,com.sec.android.app.shealth,2026-02-23 09:45:06.000,00383636-3133-3630-3939-333831373731,0.0,
,,31301,,100032,2026-02-24 03:17:26.000,,100032,2026-02-24 09:07:11.000,2026-02-24 09:07:11.000,,0,00383636-3133-3133-3034-323931373731.com.samsung.health.oxygen_saturation.binning.json,100.0,94.0,0.0,,UTC-0300,yeLoKu9/uD,,com.sec.android.app.shealth,2026-02-24 09:07:11.000,00383636-3133-3133-3034-323931373731,0.0,
,,31301,,100032,2026-02-25 02:53:28.000,,100032,2026-02-25 12:01:43.000,2026-02-25 12:01:43.000,,35,00373636-3133-3330-3930-323032373731.com.samsung.health.oxygen_saturation.binning.json,100.0,85.0,0.0,,UTC-0300,yeLoKu9/uD,,com.sec.android.app.shealth,2026-02-25 12:01:43.000,00373636-3133-3330-3930-323032373731,0.0,
,,31301,,100032,2026-02-26 02:33:37.000,,100032,2026-02-26 10:49:44.000,2026-02-26 10:49:44.000,,0,00383636-3133-3438-3932-303132373731.com.samsung.health.oxygen_saturation.binning.json,100.0,94.0,0.0,,UTC-0300,yeLoKu9/uD,,com.sec.android.app.shealth,2026-02-26 10:49:44.000,00383636-3133-3438-3932-303132373731,0.0,
,,31301,,100032,2026-02-27 03:21:06.000,,100032,2026-02-27 08:02:46.000,2026-02-27 08:02:46.000,,0,00383636-3133-3636-3339-373132373731.com.samsung.health.oxygen_saturation.binning.json,100.0,95.0,0.0,,UTC-0300,yeLoKu9/uD,,com.sec.android.app.shealth,2026-02-27 08:02:46.000,00383636-3133-3636-3339-373132373731,0.0,
,,31301,,100032,2026-02-27 17:59:12.000,,100032,2026-02-27 19:28:22.000,2026-02-27 19:28:22.000,,0,00393636-3133-3230-3530-323232373731.com.samsung.health.oxygen_saturation.binning.json,100.0,96.0,0.0,,UTC-0300,yeLoKu9/uD,,com.sec.android.app.shealth,2026-02-27 19:28:22.000,00393636-3133-3230-3530-323232373731,0.0,
,,31301,,100032,2026-02-28 03:47:39.000,,100032,2026-02-28 05:42:55.000,2026-02-28 05:42:55.000,,0,00393636-3133-3537-3337-353232373731.com.samsung.health.oxygen_saturation.binning.json,100.0,96.0,0.0,,UTC-0300,yeLoKu9/uD,,com.sec.android.app.shealth,2026-02-28 05:42:55.000,00393636-3133-3537-3337-353232373731,0.0,
,,31301,,100032,2026-02-28 07:00:06.000,,100032,2026-02-28 13:52:04.000,2026-02-28 13:52:04.000,,0,00393636-3133-3432-3736-383232373731.com.samsung.health.oxygen_saturation.binning.json,100.0,96.0,0.0,,UTC-0300,yeLoKu9/uD,,com.sec.android.app.shealth,2026-02-28 13:52:04.000,00393636-3133-3432-3736-383232373731,0.0,
,,31301,,100032,2026-03-02 01:59:38.000,,100032,2026-03-02 03:40:49.000,2026-03-02 03:40:49.000,,0,00383636-3133-3934-3832-323432373731.com.samsung.health.oxygen_saturation.binning.json,100.0,94.0,0.0,,UTC-0300,yeLoKu9/uD,,com.sec.android.app.shealth,2026-03-02 03:40:49.000,00383636-3133-3934-3832-323432373731,0.0,
,,31301,,100032,2026-03-02 04:06:52.000,,100032,2026-03-02 10:30:45.000,2026-03-02 10:30:45.000,,0,00383636-3133-3534-3437-343432373731.com.samsung.health.oxygen_saturation.binning.json,100.0,94.0,0.0,,UTC-0300,yeLoKu9/uD,,com.sec.android.app.shealth,2026-03-02 10:30:45.000,00383636-3133-3534-3437-343432373731,0.0,
,,31301,,100032,2026-03-02 10:53:47.000,,100032,2026-03-02 11:59:55.000,2026-03-02 11:59:55.000,,0,00393636-3133-3539-3732-353432373731.com.samsung.health.oxygen_saturation.binning.json,100.0,96.0,0.0,,UTC-0300,yeLoKu9/uD,,com.sec.android.app.shealth,2026-03-02 11:59:55.000,00393636-3133-3539-3732-353432373731,0.0,
,,31301,,100032,2026-03-03 03:15:06.000,,100032,2026-03-03 04:28:17.000,2026-03-03 04:28:17.000,,0,00393636-3133-3739-3032-313532373731.com.samsung.health.oxygen_saturation.binning.json,100.0,96.0,0.0,,UTC-0300,yeLoKu9/uD,,com.sec.android.app.shealth,2026-03-03 04:28:17.000,00393636-3133-3739-3032-313532373731,0.0,
,,31301,,100032,2026-03-03 05:27:24.000,,100032,2026-03-03 10:11:01.000,2026-03-03 10:11:01.000,,0,00393636-3133-3136-3632-333532373731.com.samsung.health.oxygen_saturation.binning.json,100.0,96.0,0.0,,UTC-0300,yeLoKu9/uD,,com.sec.android.app.shealth,2026-03-03 10:11:01.000,00393636-3133-3136-3632-333532373731,0.0,
,,31301,,100032,2026-03-03 10:49:06.000,,100032,2026-03-03 11:49:15.000,2026-03-03 11:49:15.000,,0,00393636-3133-3535-3538-333532373731.com.samsung.health.oxygen_saturation.binning.json,100.0,96.0,0.0,,UTC-0300,yeLoKu9/uD,,com.sec.android.app.shealth,2026-03-03 11:49:15.000,00393636-3133-3535-3538-333532373731,0.0,
,,31301,,100032,2026-03-04 02:59:22.000,,100032,2026-03-04 10:34:20.000,2026-03-04 10:34:20.000,,0,00393636-3133-3036-3430-323632373731.com.samsung.health.oxygen_saturation.binning.json,100.0,96.0,0.0,,UTC-0300,yeLoKu9/uD,,com.sec.android.app.shealth,2026-03-04 10:34:20.000,00393636-3133-3036-3430-323632373731,0.0,
,,31301,,100032,2026-03-05 02:30:25.000,,100032,2026-03-05 11:56:34.000,2026-03-05 11:56:34.000,,0,00383636-3133-3439-3731-313732373731.com.samsung.health.oxygen_saturation.binning.json,100.0,95.0,0.0,,UTC-0300,yeLoKu9/uD,,com.sec.android.app.shealth,2026-03-05 11:56:34.000,00383636-3133-3439-3731-313732373731,0.0,
,,31301,,100032,2026-03-06 16:57:51.000,,100032,2026-03-06 18:19:00.000,2026-03-06 18:19:00.000,,0,00383636-3133-3034-3131-323832373731.com.samsung.health.oxygen_saturation.binning.json,100.0,90.0,0.0,,UTC-0300,yeLoKu9/uD,,com.sec.android.app.shealth,2026-03-06 18:19:00.000,00383636-3133-3034-3131-323832373731,0.0,
,,31301,,100032,2026-03-07 02:59:12.000,,100032,2026-03-07 10:28:14.000,2026-03-07 10:28:14.000,,0,00383636-3133-3439-3239-373832373731.com.samsung.health.oxygen_saturation.binning.json,100.0,93.0,0.0,,UTC-0300,yeLoKu9/uD,,com.sec.android.app.shealth,2026-03-07 10:28:14.000,00383636-3133-3439-3239-373832373731,0.0,
,,31301,,100032,2026-03-07 14:11:44.000,,100032,2026-03-07 15:53:59.000,2026-03-07 15:53:59.000,,0,00383636-3133-3933-3838-393832373731.com.samsung.health.oxygen_saturation.binning.json,100.0,95.0,0.0,,UTC-0300,yeLoKu9/uD,,com.sec.android.app.shealth,2026-03-07 15:53:59.000,00383636-3133-3933-3838-393832373731,0.0,
,,31301,,100032,2026-03-08 03:20:30.000,,100032,2026-03-08 09:31:22.000,2026-03-08 09:31:22.000,,0,00383636-3133-3238-3232-363932373731.com.samsung.health.oxygen_saturation.binning.json,100.0,94.0,0.0,,UTC-0300,yeLoKu9/uD,,com.sec.android.app.shealth,2026-03-08 09:31:22.000,00383636-3133-3238-3232-363932373731,0.0,
,,31301,,100032,2026-03-08 17:46:28.000,,100032,2026-03-08 19:23:39.000,2026-03-08 19:23:39.000,,0,00383636-3133-3931-3837-393932373731.com.samsung.health.oxygen_saturation.binning.json,100.0,94.0,0.0,,UTC-0300,yeLoKu9/uD,,com.sec.android.app.shealth,2026-03-08 19:23:39.000,00383636-3133-3931-3837-393932373731,0.0,
,,31301,,100032,2026-03-09 03:29:43.000,,100032,2026-03-09 11:13:46.000,2026-03-09 11:13:46.000,,0,00383636-3133-3632-3834-353033373731.com.samsung.health.oxygen_saturation.binning.json,100.0,94.0,0.0,,UTC-0300,yeLoKu9/uD,,com.sec.android.app.shealth,2026-03-09 11:13:46.000,00383636-3133-3632-3834-353033373731,0.0,
,,31301,,100032,2026-03-10 03:07:07.000,,100032,2026-03-10 11:13:12.000,2026-03-10 11:13:12.000,,0,00393636-3133-3239-3131-343133373731.com.samsung.health.oxygen_saturation.binning.json,100.0,96.0,0.0,,UTC-0300,yeLoKu9/uD,,com.sec.android.app.shealth,2026-03-10 11:13:12.000,00393636-3133-3239-3131-343133373731,0.0,
,,31301,,100032,2026-03-11 03:09:25.000,,100032,2026-03-11 09:46:21.000,2026-03-11 09:46:21.000,,0,00393636-3133-3138-3332-323233373731.com.samsung.health.oxygen_saturation.binning.json,100.0,96.0,0.0,,UTC-0300,yeLoKu9/uD,,com.sec.android.app.shealth,2026-03-11 09:46:21.000,00393636-3133-3138-3332-323233373731,0.0,
,,31301,,100032,2026-03-11 09:57:16.000,,100032,2026-03-11 12:45:42.000,2026-03-11 12:45:42.000,,0,00393636-3133-3234-3133-333233373731.com.samsung.health.oxygen_saturation.binning.json,100.0,96.0,0.0,,UTC-0300,yeLoKu9/uD,,com.sec.android.app.shealth,2026-03-11 12:45:42.000,00393636-3133-3234-3133-333233373731,0.0,
,,31301,,100032,2026-03-12 03:37:41.000,,100032,2026-03-12 12:39:52.000,2026-03-12 12:39:52.000,,0,00383636-3133-3239-3139-313333373731.com.samsung.health.oxygen_saturation.binning.json,100.0,95.0,98.0,,UTC-0300,yeLoKu9/uD,,com.sec.android.app.shealth,2026-03-12 12:39:52.000,00383636-3133-3239-3139-313333373731,0.0,
,,31301,,100032,2026-03-13 04:19:10.000,,100032,2026-03-13 08:10:24.000,2026-03-13 08:10:24.000,,0,00393636-3133-3432-3439-383333373731.com.samsung.health.oxygen_saturation.binning.json,100.0,96.0,98.0,,UTC-0300,yeLoKu9/uD,,com.sec.android.app.shealth,2026-03-13 08:10:24.000,00393636-3133-3432-3439-383333373731,0.0,
,,31301,,100032,2026-03-13 10:14:01.000,,100032,2026-03-13 11:42:06.000,2026-03-13 11:42:06.000,,0,00393636-3133-3632-3132-303433373731.com.samsung.health.oxygen_saturation.binning.json,100.0,96.0,98.0,,UTC-0300,yeLoKu9/uD,,com.sec.android.app.shealth,2026-03-13 11:42:06.000,00393636-3133-3632-3132-303433373731,0.0,
,,31301,,100032,2026-03-13 15:16:43.000,,100032,2026-03-13 16:35:54.000,2026-03-13 16:35:54.000,,0,00393636-3133-3435-3739-313433373731.com.samsung.health.oxygen_saturation.binning.json,100.0,96.0,98.0,,UTC-0300,yeLoKu9/uD,,com.sec.android.app.shealth,2026-03-13 16:35:54.000,00393636-3133-3435-3739-313433373731,0.0,
,,31301,,100032,2026-03-13 17:41:02.000,,100032,2026-03-13 21:07:31.000,2026-03-13 21:07:31.000,,0,00383636-3133-3135-3036-333433373731.com.samsung.health.oxygen_saturation.binning.json,100.0,94.0,97.0,,UTC-0300,yeLoKu9/uD,,com.sec.android.app.shealth,2026-03-13 21:07:31.000,00383636-3133-3135-3036-333433373731,0.0,
,,31301,,100032,2026-03-14 03:12:21.000,,100032,2026-03-14 10:50:39.000,2026-03-14 10:50:39.000,,0,00383636-3133-3933-3435-383433373731.com.samsung.health.oxygen_saturation.binning.json,100.0,93.0,97.0,,UTC-0300,yeLoKu9/uD,,com.sec.android.app.shealth,2026-03-14 10:50:39.000,00383636-3133-3933-3435-383433373731,0.0,
,,31301,,100032,2026-03-15 08:24:09.000,,100032,2026-03-15 13:43:53.000,2026-03-15 13:43:53.000,,0,00383636-3133-3333-3232-383533373731.com.samsung.health.oxygen_saturation.binning.json,100.0,94.0,97.0,,UTC-0300,yeLoKu9/uD,,com.sec.android.app.shealth,2026-03-15 13:43:53.000,00383636-3133-3333-3232-383533373731,0.0,
,,31301,,100032,2026-03-15 14:10:56.000,,100032,2026-03-15 16:23:10.000,2026-03-15 16:23:10.000,,0,00393636-3133-3039-3731-393533373731.com.samsung.health.oxygen_saturation.binning.json,100.0,96.0,98.0,,UTC-0300,yeLoKu9/uD,,com.sec.android.app.shealth,2026-03-15 16:23:10.000,00393636-3133-3039-3731-393533373731,0.0,
,,31301,,100032,2026-03-16 04:11:40.000,,100032,2026-03-16 12:43:21.000,2026-03-16 12:43:21.000,,0,00383636-3133-3130-3035-363633373731.com.samsung.health.oxygen_saturation.binning.json,100.0,95.0,98.0,,UTC-0300,yeLoKu9/uD,,com.sec.android.app.shealth,2026-03-16 12:43:21.000,00383636-3133-3130-3035-363633373731,0.0,
,,31301,,100032,2026-03-17 03:43:29.000,,100032,2026-03-17 11:09:44.000,2026-03-17 11:09:44.000,,0,00393636-3133-3438-3735-343733373731.com.samsung.health.oxygen_saturation.binning.json,100.0,96.0,98.0,,UTC-0300,yeLoKu9/uD,,com.sec.android.app.shealth,2026-03-17 11:09:44.000,00393636-3133-3438-3735-343733373731,0.0,
,,31301,,100032,2026-03-18 02:52:55.000,,100032,2026-03-18 11:12:00.000,2026-03-18 11:12:00.000,,130,00373636-3133-3032-3332-333833373731.com.samsung.health.oxygen_saturation.binning.json,100.0,78.0,89.0,,UTC-0300,yeLoKu9/uD,,com.sec.android.app.shealth,2026-03-18 11:12:00.000,00373636-3133-3032-3332-333833373731,0.0,
,,31301,,100032,2026-03-19 03:37:02.000,,100032,2026-03-19 13:01:46.000,2026-03-19 13:01:46.000,,0,00393636-3133-3630-3335-323933373731.com.samsung.health.oxygen_saturation.binning.json,100.0,96.0,98.0,,UTC-0300,yeLoKu9/uD,,com.sec.android.app.shealth,2026-03-19 13:01:46.000,00393636-3133-3630-3335-323933373731,0.0,
,,31301,,100032,2026-03-20 02:56:00.000,,100032,2026-03-20 10:51:01.000,2026-03-20 10:51:01.000,,0,00383636-3133-3136-3833-303034373731.com.samsung.health.oxygen_saturation.binning.json,100.0,95.0,98.0,,UTC-0300,yeLoKu9/uD,,com.sec.android.app.shealth,2026-03-20 10:51:01.000,00383636-3133-3136-3833-303034373731,0.0,
,,31301,,100032,2026-03-20 17:49:53.000,,100032,2026-03-20 19:18:05.000,2026-03-20 19:18:05.000,,0,00383636-3133-3538-3234-333034373731.com.samsung.health.oxygen_saturation.binning.json,100.0,95.0,98.0,,UTC-0300,yeLoKu9/uD,,com.sec.android.app.shealth,2026-03-20 19:18:05.000,00383636-3133-3538-3234-333034373731,0.0,
,,31301,,100032,2026-03-21 03:19:05.000,,100032,2026-03-21 10:05:19.000,2026-03-21 10:05:19.000,,0,00383636-3133-3931-3537-383034373731.com.samsung.health.oxygen_saturation.binning.json,100.0,95.0,98.0,,UTC-0300,yeLoKu9/uD,,com.sec.android.app.shealth,2026-03-21 10:05:19.000,00383636-3133-3931-3537-383034373731,0.0,
,,31301,,100032,2026-03-21 10:29:02.000,,100032,2026-03-21 10:57:06.000,2026-03-21 10:57:06.000,,0,00393636-3133-3632-3630-393034373731.com.samsung.health.oxygen_saturation.binning.json,100.0,96.0,98.0,,UTC-0300,yeLoKu9/uD,,com.sec.android.app.shealth,2026-03-21 10:57:06.000,00393636-3133-3632-3630-393034373731,0.0,
,,31301,,100032,2026-03-22 04:04:41.000,,100032,2026-03-22 09:56:26.000,2026-03-22 09:56:26.000,,0,00383636-3133-3638-3333-373134373731.com.samsung.health.oxygen_saturation.binning.json,100.0,93.0,97.0,,UTC-0300,yeLoKu9/uD,,com.sec.android.app.shealth,2026-03-22 09:56:26.000,00383636-3133-3638-3333-373134373731,0.0,
,,31301,,100032,2026-03-22 17:09:18.000,,100032,2026-03-22 18:26:29.000,2026-03-22 18:26:29.000,,0,00393636-3133-3938-3933-303234373731.com.samsung.health.oxygen_saturation.binning.json,100.0,96.0,98.0,,UTC-0300,yeLoKu9/uD,,com.sec.android.app.shealth,2026-03-22 18:26:29.000,00393636-3133-3938-3933-303234373731,0.0,
,,31301,,100032,2026-03-24 03:52:37.000,,100032,2026-03-24 09:43:20.000,2026-03-24 09:43:20.000,,0,00383636-3133-3030-3435-343334373731.com.samsung.health.oxygen_saturation.binning.json,100.0,95.0,98.0,,UTC-0300,yeLoKu9/uD,,com.sec.android.app.shealth,2026-03-24 09:43:20.000,00383636-3133-3030-3435-343334373731,0.0,
,,31301,,100032,2026-03-25 03:14:29.000,,100032,2026-03-25 09:01:12.000,2026-03-25 09:01:12.000,,0,00383636-3133-3237-3239-323434373731.com.samsung.health.oxygen_saturation.binning.json,100.0,95.0,98.0,,UTC-0300,yeLoKu9/uD,,com.sec.android.app.shealth,2026-03-25 09:01:12.000,00383636-3133-3237-3239-323434373731,0.0,
,,31301,,100032,2026-03-25 09:44:16.000,,100032,2026-03-25 12:13:37.000,2026-03-25 12:13:37.000,,0,00383636-3133-3731-3830-343434373731.com.samsung.health.oxygen_saturation.binning.json,100.0,94.0,97.0,,UTC-0300,yeLoKu9/uD,,com.sec.android.app.shealth,2026-03-25 12:13:37.000,00383636-3133-3731-3830-343434373731,0.0,
,,31301,,100032,2026-03-26 03:27:27.000,,100032,2026-03-26 11:26:28.000,2026-03-26 11:26:28.000,,0,00383636-3133-3838-3334-323534373731.com.samsung.health.oxygen_saturation.binning.json,100.0,94.0,97.0,,UTC-0300,yeLoKu9/uD,,com.sec.android.app.shealth,2026-03-26 11:26:28.000,00383636-3133-3838-3334-323534373731,0.0,
,,31301,,100032,2026-03-27 02:54:20.000,,100032,2026-03-27 11:21:22.000,2026-03-27 11:21:22.000,,169,00373636-3133-3238-3430-313634373731.com.samsung.health.oxygen_saturation.binning.json,100.0,78.0,89.0,,UTC-0300,yeLoKu9/uD,,com.sec.android.app.shealth,2026-03-27 11:21:22.000,00373636-3133-3238-3430-313634373731,0.0,
,,31301,,100032,2026-03-28 02:47:15.000,,100032,2026-03-28 10:45:40.000,2026-03-28 10:45:40.000,,0,00383636-3133-3034-3734-393634373731.com.samsung.health.oxygen_saturation.binning.json,100.0,95.0,98.0,,UTC-0300,yeLoKu9/uD,,com.sec.android.app.shealth,2026-03-28 10:45:40.000,00383636-3133-3034-3734-393634373731,0.0,
,,31301,,100032,2026-03-29 03:41:05.000,,100032,2026-03-29 10:29:24.000,2026-03-29 10:29:24.000,,0,00383636-3133-3436-3130-383734373731.com.samsung.health.oxygen_saturation.binning.json,100.0,95.0,98.0,,UTC-0300,yeLoKu9/uD,,com.sec.android.app.shealth,2026-03-29 10:29:24.000,00383636-3133-3436-3130-383734373731,0.0,
,,31301,,100032,2026-03-29 10:45:58.000,,100032,2026-03-29 11:34:05.000,2026-03-29 11:34:05.000,,0,00393636-3133-3534-3034-383734373731.com.samsung.health.oxygen_saturation.binning.json,100.0,96.0,98.0,,UTC-0300,yeLoKu9/uD,,com.sec.android.app.shealth,2026-03-29 11:34:05.000,00393636-3133-3534-3034-383734373731,0.0,
,,31301,,100032,2026-03-30 03:08:50.000,,100032,2026-03-30 11:33:52.000,2026-03-30 11:33:52.000,,0,00393636-3133-3233-3430-373834373731.com.samsung.health.oxygen_saturation.binning.json,100.0,96.0,98.0,,UTC-0300,yeLoKu9/uD,,com.sec.android.app.shealth,2026-03-30 11:33:52.000,00393636-3133-3233-3430-373834373731,0.0,
,,31301,,100032,2026-03-31 03:48:49.000,,100032,2026-03-31 11:21:45.000,2026-03-31 11:21:45.000,,0,00383636-3133-3530-3136-353934373731.com.samsung.health.oxygen_saturation.binning.json,100.0,94.0,97.0,,UTC-0300,yeLoKu9/uD,,com.sec.android.app.shealth,2026-03-31 11:21:45.000,00383636-3133-3530-3136-353934373731,0.0,
,,31301,,100032,2026-04-02 02:55:35.000,,100032,2026-04-02 12:12:56.000,2026-04-02 12:12:56.000,,0,00383636-3133-3637-3931-333135373731.com.samsung.health.oxygen_saturation.binning.json,100.0,90.0,95.0,,UTC-0300,yeLoKu9/uD,,com.sec.android.app.shealth,2026-04-02 12:12:56.000,00383636-3133-3637-3931-333135373731,0.0,
,,31301,,100032,2026-04-03 02:36:05.000,,100032,2026-04-03 07:23:43.000,2026-04-03 07:23:43.000,,0,00393636-3133-3332-3031-303235373731.com.samsung.health.oxygen_saturation.binning.json,100.0,96.0,98.0,,UTC-0300,yeLoKu9/uD,,com.sec.android.app.shealth,2026-04-03 07:23:43.000,00393636-3133-3332-3031-303235373731,0.0,
,,31301,,100032,2026-04-03 11:57:24.000,,100032,2026-04-03 16:03:59.000,2026-04-03 16:03:59.000,,795,00373636-3133-3933-3232-333235373731.com.samsung.health.oxygen_saturation.binning.json,100.0,81.0,91.0,,UTC-0300,yeLoKu9/uD,,com.sec.android.app.shealth,2026-04-03 16:03:59.000,00373636-3133-3933-3232-333235373731,0.0,
,,31301,,100032,2026-04-04 03:25:33.000,,100032,2026-04-04 13:21:53.000,2026-04-04 13:21:53.000,,14,00373636-3133-3331-3938-303335373731.com.samsung.health.oxygen_saturation.binning.json,100.0,85.0,93.0,,UTC-0300,yeLoKu9/uD,,com.sec.android.app.shealth,2026-04-04 13:21:53.000,00373636-3133-3331-3938-303335373731,0.0,
,,31301,,100032,2026-04-06 02:36:10.000,,100032,2026-04-06 11:17:22.000,2026-04-06 11:17:22.000,,0,00383636-3133-3234-3234-373435373731.com.samsung.health.oxygen_saturation.binning.json,100.0,90.0,95.0,,UTC-0300,yeLoKu9/uD,,com.sec.android.app.shealth,2026-04-06 11:17:22.000,00383636-3133-3234-3234-373435373731,0.0,
,,31301,,100032,2026-04-07 03:23:34.000,,100032,2026-04-07 11:06:41.000,2026-04-07 11:06:41.000,,0,00383636-3133-3130-3030-363535373731.com.samsung.health.oxygen_saturation.binning.json,100.0,95.0,98.0,,UTC-0300,yeLoKu9/uD,,com.sec.android.app.shealth,2026-04-07 11:06:41.000,00383636-3133-3130-3030-363535373731,0.0,
,,31301,,100032,2026-04-08 02:50:52.000,,100032,2026-04-08 11:02:43.000,2026-04-08 11:02:43.000,,0,00383636-3133-3336-3136-343635373731.com.samsung.health.oxygen_saturation.binning.json,100.0,90.0,95.0,,UTC-0300,yeLoKu9/uD,,com.sec.android.app.shealth,2026-04-08 11:02:43.000,00383636-3133-3336-3136-343635373731,0.0,
,,31301,,100032,2026-04-09 03:16:20.000,,100032,2026-04-09 10:39:45.000,2026-04-09 10:39:45.000,,0,00383636-3133-3538-3131-333735373731.com.samsung.health.oxygen_saturation.binning.json,100.0,94.0,97.0,,UTC-0300,yeLoKu9/uD,,com.sec.android.app.shealth,2026-04-09 10:39:45.000,00383636-3133-3538-3131-333735373731,0.0,
,,31301,,100032,2026-04-09 10:46:21.000,,100032,2026-04-09 12:56:39.000,2026-04-09 12:56:39.000,,78,00383636-3133-3939-3339-333735373731.com.samsung.health.oxygen_saturation.binning.json,100.0,89.0,95.0,,UTC-0300,yeLoKu9/uD,,com.sec.android.app.shealth,2026-04-09 12:56:39.000,00383636-3133-3939-3339-333735373731,0.0,
,,31301,,100032,2026-04-10 02:46:23.000,,100032,2026-04-10 06:43:53.000,2026-04-10 06:43:53.000,,0,00383636-3133-3333-3433-303835373731.com.samsung.health.oxygen_saturation.binning.json,100.0,90.0,95.0,,UTC-0300,yeLoKu9/uD,,com.sec.android.app.shealth,2026-04-10 06:43:53.000,00383636-3133-3333-3433-303835373731,0.0,
,,31301,,100032,2026-04-10 07:07:55.000,,100032,2026-04-10 09:07:09.000,2026-04-10 09:07:09.000,,0,00393636-3133-3932-3032-313835373731.com.samsung.health.oxygen_saturation.binning.json,100.0,96.0,98.0,,UTC-0300,yeLoKu9/uD,,com.sec.android.app.shealth,2026-04-10 09:07:09.000,00393636-3133-3932-3032-313835373731,0.0,
,,31301,,100032,2026-04-11 03:38:38.000,,100032,2026-04-11 11:01:32.000,2026-04-11 11:01:32.000,,0,00383636-3133-3239-3235-303935373731.com.samsung.health.oxygen_saturation.binning.json,100.0,90.0,95.0,,UTC-0300,yeLoKu9/uD,,com.sec.android.app.shealth,2026-04-11 11:01:32.000,00383636-3133-3239-3235-303935373731,0.0,
,,31301,,100032,2026-04-11 12:36:42.000,,100032,2026-04-11 15:49:09.000,2026-04-11 15:49:09.000,,0,00383636-3133-3934-3532-323935373731.com.samsung.health.oxygen_saturation.binning.json,100.0,92.0,96.0,,UTC-0300,yeLoKu9/uD,,com.sec.android.app.shealth,2026-04-11 15:49:09.000,00383636-3133-3934-3532-323935373731,0.0,
,,31301,,100032,2026-04-12 03:37:47.000,,100032,2026-04-12 12:31:55.000,2026-04-12 12:31:55.000,,0,00383636-3133-3531-3137-393935373731.com.samsung.health.oxygen_saturation.binning.json,100.0,95.0,98.0,,UTC-0300,yeLoKu9/uD,,com.sec.android.app.shealth,2026-04-12 12:31:55.000,00383636-3133-3531-3137-393935373731,0.0,
,,31301,,100032,2026-04-13 03:41:49.000,,100032,2026-04-13 09:11:26.000,2026-04-13 09:11:26.000,,0,00383636-3133-3638-3431-373036373731.com.samsung.health.oxygen_saturation.binning.json,100.0,93.0,97.0,,UTC-0300,yeLoKu9/uD,,com.sec.android.app.shealth,2026-04-13 09:11:26.000,00383636-3133-3638-3431-373036373731,0.0,
,,31301,,100032,2026-04-14 02:19:38.000,,100032,2026-04-14 07:36:16.000,2026-04-14 07:36:16.000,,0,00383636-3133-3637-3132-353136373731.com.samsung.health.oxygen_saturation.binning.json,100.0,95.0,98.0,,UTC-0300,yeLoKu9/uD,,com.sec.android.app.shealth,2026-04-14 07:36:16.000,00383636-3133-3637-3132-353136373731,0.0,
,,31301,,100032,2026-04-14 08:16:20.000,,100032,2026-04-14 11:41:46.000,2026-04-14 11:41:46.000,,0,00393636-3133-3630-3936-363136373731.com.samsung.health.oxygen_saturation.binning.json,100.0,96.0,98.0,,UTC-0300,yeLoKu9/uD,,com.sec.android.app.shealth,2026-04-14 11:41:46.000,00393636-3133-3630-3936-363136373731,0.0,
,,31301,,100032,2026-04-15 03:50:49.000,,100032,2026-04-15 12:05:50.000,2026-04-15 12:05:50.000,,0,00393636-3133-3035-3734-353236373731.com.samsung.health.oxygen_saturation.binning.json,100.0,96.0,98.0,,UTC-0300,yeLoKu9/uD,,com.sec.android.app.shealth,2026-04-15 12:05:50.000,00393636-3133-3035-3734-353236373731,0.0,
,,31301,,100032,2026-04-16 02:49:40.000,,100032,2026-04-16 12:23:52.000,2026-04-16 12:23:52.000,,0,00393636-3133-3233-3232-343336373731.com.samsung.health.oxygen_saturation.binning.json,100.0,96.0,98.0,,UTC-0300,yeLoKu9/uD,,com.sec.android.app.shealth,2026-04-16 12:23:52.000,00393636-3133-3233-3232-343336373731,0.0,
,,31301,,100032,2026-04-17 03:30:43.000,,100032,2026-04-17 10:37:35.000,2026-04-17 10:37:35.000,,817,00373636-3133-3535-3232-323436373731.com.samsung.health.oxygen_saturation.binning.json,100.0,80.0,90.0,,UTC-0300,yeLoKu9/uD,,com.sec.android.app.shealth,2026-04-17 10:37:35.000,00373636-3133-3535-3232-323436373731,0.0,
,,31301,,100032,2026-04-19 03:38:30.000,,100032,2026-04-19 12:53:50.000,2026-04-19 12:53:50.000,,0,00383636-3133-3033-3233-303636373731.com.samsung.health.oxygen_saturation.binning.json,100.0,90.0,95.0,,UTC-0300,yeLoKu9/uD,,com.sec.android.app.shealth,2026-04-19 12:53:50.000,00383636-3133-3033-3233-303636373731,0.0,
,,31301,,100032,2026-04-20 03:58:50.000,,100032,2026-04-20 08:55:32.000,2026-04-20 08:55:32.000,,0,00383636-3133-3233-3335-373636373731.com.samsung.health.oxygen_saturation.binning.json,100.0,94.0,97.0,,UTC-0300,yeLoKu9/uD,,com.sec.android.app.shealth,2026-04-20 08:55:32.000,00383636-3133-3233-3335-373636373731,0.0,
,,31301,,100032,2026-04-21 02:48:03.000,,100032,2026-04-21 12:25:22.000,2026-04-21 12:25:22.000,,189,00373636-3133-3232-3334-373736373731.com.samsung.health.oxygen_saturation.binning.json,100.0,81.0,91.0,,UTC-0300,yeLoKu9/uD,,com.sec.android.app.shealth,2026-04-21 12:25:22.000,00373636-3133-3232-3334-373736373731,0.0,
,,31301,,100032,2026-04-22 03:52:25.000,,100032,2026-04-22 11:20:22.000,2026-04-22 11:20:22.000,,159,00373636-3133-3232-3836-353836373731.com.samsung.health.oxygen_saturation.binning.json,100.0,82.0,91.0,,UTC-0300,yeLoKu9/uD,,com.sec.android.app.shealth,2026-04-22 11:20:22.000,00373636-3133-3232-3836-353836373731,0.0,
,,31301,,100032,2026-04-23 19:27:53.000,,100032,2026-04-23 20:41:55.000,2026-04-23 20:41:55.000,,0,00393636-3133-3531-3936-373936373731.com.samsung.health.oxygen_saturation.binning.json,100.0,97.0,99.0,,UTC-0300,yeLoKu9/uD,,com.sec.android.app.shealth,2026-04-23 20:41:55.000,00393636-3133-3531-3936-373936373731,0.0,
,,31301,,100032,2026-04-24 03:07:02.000,,100032,2026-04-24 10:48:02.000,2026-04-24 10:48:02.000,,0,00383636-3133-3238-3637-323037373731.com.samsung.health.oxygen_saturation.binning.json,100.0,90.0,95.0,,UTC-0300,yeLoKu9/uD,,com.sec.android.app.shealth,2026-04-24 10:48:02.000,00383636-3133-3238-3637-323037373731,0.0,
,,31301,,100032,2026-04-24 18:18:12.000,,100032,2026-04-24 20:57:33.000,2026-04-24 20:57:33.000,,0,00383636-3133-3335-3234-363037373731.com.samsung.health.oxygen_saturation.binning.json,100.0,95.0,98.0,,UTC-0300,yeLoKu9/uD,,com.sec.android.app.shealth,2026-04-24 20:57:33.000,00383636-3133-3335-3234-363037373731,0.0,
,,31301,,100032,2026-04-25 03:42:27.000,,100032,2026-04-25 11:14:26.000,2026-04-25 11:14:26.000,,129,00373636-3133-3636-3635-313137373731.com.samsung.health.oxygen_saturation.binning.json,100.0,83.0,92.0,,UTC-0300,yeLoKu9/uD,,com.sec.android.app.shealth,2026-04-25 11:14:26.000,00373636-3133-3636-3635-313137373731,0.0,
,,31301,,100032,2026-04-26 03:10:10.000,,100032,2026-04-26 08:39:52.000,2026-04-26 08:39:52.000,,0,00383636-3133-3239-3732-393137373731.com.samsung.health.oxygen_saturation.binning.json,100.0,95.0,98.0,,UTC-0300,yeLoKu9/uD,,com.sec.android.app.shealth,2026-04-26 08:39:52.000,00383636-3133-3239-3732-393137373731,0.0,
,,31301,,100032,2026-04-27 02:59:39.000,,100032,2026-04-27 09:02:24.000,2026-04-27 09:02:24.000,,0,00383636-3133-3434-3530-383237373731.com.samsung.health.oxygen_saturation.binning.json,100.0,93.0,97.0,,UTC-0300,yeLoKu9/uD,,com.sec.android.app.shealth,2026-04-27 09:02:24.000,00383636-3133-3434-3530-383237373731,0.0,
,,31301,,100032,2026-04-27 09:17:28.000,,100032,2026-04-27 09:49:31.000,2026-04-27 09:49:31.000,,31,00373636-3133-3137-3333-383237373731.com.samsung.health.oxygen_saturation.binning.json,100.0,83.0,92.0,,UTC-0300,yeLoKu9/uD,,com.sec.android.app.shealth,2026-04-27 09:49:31.000,00373636-3133-3137-3333-383237373731,0.0,
,,31301,,100032,2026-04-29 02:46:17.000,,100032,2026-04-29 04:48:29.000,2026-04-29 04:48:29.000,,0,00393636-3133-3930-3138-333437373731.com.samsung.health.oxygen_saturation.binning.json,100.0,96.0,98.0,,UTC-0300,yeLoKu9/uD,,com.sec.android.app.shealth,2026-04-29 04:48:29.000,00393636-3133-3930-3138-333437373731,0.0,
,,31301,,100032,2026-04-29 06:37:50.000,,100032,2026-04-29 08:04:02.000,2026-04-29 08:04:02.000,,0,00383636-3133-3234-3839-343437373731.com.samsung.health.oxygen_saturation.binning.json,100.0,95.0,98.0,,UTC-0300,yeLoKu9/uD,,com.sec.android.app.shealth,2026-04-29 08:04:02.000,00383636-3133-3234-3839-343437373731,0.0,
,,31301,,100032,2026-04-29 08:34:06.000,,100032,2026-04-29 11:51:33.000,2026-04-29 11:51:33.000,,608,00383636-3133-3339-3433-363437373731.com.samsung.health.oxygen_saturation.binning.json,100.0,86.0,93.0,,UTC-0300,yeLoKu9/uD,,com.sec.android.app.shealth,2026-04-29 11:51:33.000,00383636-3133-3339-3433-363437373731,0.0,
,,31301,,100032,2026-04-30 03:24:45.000,,100032,2026-04-30 11:39:56.000,2026-04-30 11:39:56.000,,0,00383636-3133-3639-3139-343537373731.com.samsung.health.oxygen_saturation.binning.json,100.0,94.0,97.0,,UTC-0300,yeLoKu9/uD,,com.sec.android.app.shealth,2026-04-30 11:39:56.000,00383636-3133-3639-3139-343537373731,0.0,
,,31301,,100032,2026-05-01 05:49:25.000,,100032,2026-05-01 14:24:41.000,2026-05-01 14:24:41.000,,0,00383636-3133-3138-3435-343637373731.com.samsung.health.oxygen_saturation.binning.json,100.0,94.0,97.0,,UTC-0300,yeLoKu9/uD,,com.sec.android.app.shealth,2026-05-01 14:24:41.000,00383636-3133-3138-3435-343637373731,0.0,
,,31301,,100032,2026-05-02 04:01:31.000,,100032,2026-05-02 06:45:54.000,2026-05-02 06:45:54.000,,0,00393636-3133-3435-3334-303737373731.com.samsung.health.oxygen_saturation.binning.json,100.0,96.0,98.0,,UTC-0300,yeLoKu9/uD,,com.sec.android.app.shealth,2026-05-02 06:45:54.000,00393636-3133-3435-3334-303737373731,0.0,
,,31301,,100032,2026-05-02 07:23:58.000,,100032,2026-05-02 10:55:50.000,2026-05-02 10:55:50.000,,0,00393636-3133-3035-3339-313737373731.com.samsung.health.oxygen_saturation.binning.json,100.0,96.0,98.0,,UTC-0300,yeLoKu9/uD,,com.sec.android.app.shealth,2026-05-02 10:55:50.000,00393636-3133-3035-3339-313737373731,0.0,
,,31301,,100032,2026-05-03 06:29:17.000,,100032,2026-05-03 07:38:28.000,2026-05-03 07:38:28.000,,0,00383636-3133-3830-3933-393737373731.com.samsung.health.oxygen_saturation.binning.json,100.0,95.0,98.0,,UTC-0300,yeLoKu9/uD,,com.sec.android.app.shealth,2026-05-03 07:38:28.000,00383636-3133-3830-3933-393737373731,0.0,
,,31301,,100032,2026-05-03 09:01:39.000,,100032,2026-05-03 09:25:45.000,2026-05-03 09:25:45.000,,0,00383636-3133-3534-3330-303837373731.com.samsung.health.oxygen_saturation.binning.json,100.0,90.0,95.0,,UTC-0300,yeLoKu9/uD,,com.sec.android.app.shealth,2026-05-03 09:25:45.000,00383636-3133-3534-3330-303837373731,0.0,
,,31301,,100032,2026-05-04 01:33:05.000,,100032,2026-05-04 12:00:28.000,2026-05-04 12:00:28.000,,0,00383636-3133-3832-3036-393837373731.com.samsung.health.oxygen_saturation.binning.json,100.0,90.0,95.0,,UTC-0300,yeLoKu9/uD,,com.sec.android.app.shealth,2026-05-04 12:00:28.000,00383636-3133-3832-3036-393837373731,0.0,
,,31301,,100032,2026-05-05 02:52:42.000,,100032,2026-05-05 11:40:54.000,2026-05-05 11:40:54.000,,0,00383636-3133-3435-3231-383937373731.com.samsung.health.oxygen_saturation.binning.json,100.0,94.0,97.0,,UTC-0300,yeLoKu9/uD,,com.sec.android.app.shealth,2026-05-05 11:40:54.000,00383636-3133-3435-3231-383937373731,0.0,
,,31301,,100032,2026-05-07 03:42:12.000,,100032,2026-05-07 12:52:31.000,2026-05-07 12:52:31.000,,0,00383636-3133-3135-3338-353138373731.com.samsung.health.oxygen_saturation.binning.json,100.0,90.0,95.0,,UTC-0300,yeLoKu9/uD,,com.sec.android.app.shealth,2026-05-07 12:52:31.000,00383636-3133-3135-3338-353138373731,0.0,
,,31301,,100032,2026-05-08 02:54:31.000,,100032,2026-05-08 10:46:35.000,2026-05-08 10:46:35.000,,0,00383636-3133-3539-3137-333238373731.com.samsung.health.oxygen_saturation.binning.json,100.0,90.0,95.0,,UTC-0300,yeLoKu9/uD,,com.sec.android.app.shealth,2026-05-08 10:46:35.000,00383636-3133-3539-3137-333238373731,0.0,
,,31301,,100032,2026-05-09 02:57:55.000,,100032,2026-05-09 04:16:07.000,2026-05-09 04:16:07.000,,0,00383636-3133-3736-3130-303338373731.com.samsung.health.oxygen_saturation.binning.json,100.0,95.0,98.0,,UTC-0300,yeLoKu9/uD,,com.sec.android.app.shealth,2026-05-09 04:16:07.000,00383636-3133-3736-3130-303338373731,0.0,
,,31301,,100032,2026-05-09 04:42:10.000,,100032,2026-05-09 10:59:03.000,2026-05-09 10:59:03.000,,0,00383636-3133-3334-3334-323338373731.com.samsung.health.oxygen_saturation.binning.json,100.0,95.0,98.0,,UTC-0300,yeLoKu9/uD,,com.sec.android.app.shealth,2026-05-09 10:59:03.000,00383636-3133-3334-3334-323338373731,0.0,
,,31301,,100032,2026-05-10 03:20:15.000,,100032,2026-05-10 13:06:32.000,2026-05-10 13:06:32.000,,0,00383636-3133-3239-3338-313438373731.com.samsung.health.oxygen_saturation.binning.json,100.0,95.0,98.0,,UTC-0300,yeLoKu9/uD,,com.sec.android.app.shealth,2026-05-10 13:06:32.000,00383636-3133-3239-3338-313438373731,0.0,
,,31301,,100032,2026-05-11 03:32:38.000,,100032,2026-05-11 12:30:42.000,2026-05-11 12:30:42.000,,0,00383636-3133-3234-3632-303538373731.com.samsung.health.oxygen_saturation.binning.json,100.0,95.0,98.0,,UTC-0300,yeLoKu9/uD,,com.sec.android.app.shealth,2026-05-11 12:30:42.000,00383636-3133-3234-3632-303538373731,0.0,
,,31301,,100032,2026-05-12 04:19:18.000,,100032,2026-05-12 09:55:00.000,2026-05-12 09:55:00.000,,0,00383636-3133-3030-3739-373538373731.com.samsung.health.oxygen_saturation.binning.json,100.0,95.0,98.0,,UTC-0300,yeLoKu9/uD,,com.sec.android.app.shealth,2026-05-12 09:55:00.000,00383636-3133-3030-3739-373538373731,0.0,
,,31301,,100032,2026-05-12 10:48:06.000,,100032,2026-05-12 13:07:23.000,2026-05-12 13:07:23.000,,0,00393636-3133-3334-3231-393538373731.com.samsung.health.oxygen_saturation.binning.json,100.0,96.0,98.0,,UTC-0300,yeLoKu9/uD,,com.sec.android.app.shealth,2026-05-12 13:07:23.000,00393636-3133-3334-3231-393538373731,0.0,
,,31301,,100032,2026-05-13 03:01:29.000,,100032,2026-05-13 11:59:36.000,2026-05-13 11:59:36.000,,0,00383636-3133-3637-3533-373638373731.com.samsung.health.oxygen_saturation.binning.json,100.0,90.0,95.0,,UTC-0300,yeLoKu9/uD,,com.sec.android.app.shealth,2026-05-13 11:59:36.000,00383636-3133-3637-3533-373638373731,0.0,
,,31301,,100032,2026-05-14 03:20:47.000,,100032,2026-05-14 12:35:04.000,2026-05-14 12:35:04.000,,0,00393636-3133-3430-3132-363738373731.com.samsung.health.oxygen_saturation.binning.json,100.0,96.0,98.0,,UTC-0300,yeLoKu9/uD,,com.sec.android.app.shealth,2026-05-14 12:35:04.000,00393636-3133-3430-3132-363738373731,0.0,
,,31301,,100032,2026-05-15 04:11:14.000,,100032,2026-05-15 10:34:05.000,2026-05-15 10:34:05.000,,0,00383636-3133-3534-3231-343838373731.com.samsung.health.oxygen_saturation.binning.json,100.0,95.0,98.0,,UTC-0300,yeLoKu9/uD,,com.sec.android.app.shealth,2026-05-15 10:34:05.000,00383636-3133-3534-3231-343838373731,0.0,
,,31301,,100032,2026-05-15 19:12:19.000,,100032,2026-05-15 20:56:33.000,2026-05-15 20:56:33.000,,0,00383636-3133-3339-3538-373838373731.com.samsung.health.oxygen_saturation.binning.json,100.0,95.0,98.0,,UTC-0300,yeLoKu9/uD,,com.sec.android.app.shealth,2026-05-15 20:56:33.000,00383636-3133-3339-3538-373838373731,0.0,
,,31301,,100032,2026-05-17 03:44:19.000,,100032,2026-05-17 12:39:25.000,2026-05-17 12:39:25.000,,0,00383636-3133-3536-3531-323039373731.com.samsung.health.oxygen_saturation.binning.json,100.0,94.0,97.0,,UTC-0300,yeLoKu9/uD,,com.sec.android.app.shealth,2026-05-17 12:39:25.000,00383636-3133-3536-3531-323039373731,0.0,
,,31301,,100032,2026-05-18 04:05:42.000,,100032,2026-05-18 11:15:36.000,2026-05-18 11:15:36.000,,544,00383636-3133-3633-3932-303139373731.com.samsung.health.oxygen_saturation.binning.json,100.0,86.0,93.0,,UTC-0300,yeLoKu9/uD,,com.sec.android.app.shealth,2026-05-18 11:15:36.000,00383636-3133-3633-3932-303139373731,0.0,
,,31301,,100032,2026-05-19 03:43:13.000,,100032,2026-05-19 12:25:22.000,2026-05-19 12:25:22.000,,442,00383636-3133-3232-3533-393139373731.com.samsung.health.oxygen_saturation.binning.json,100.0,87.0,94.0,,UTC-0300,yeLoKu9/uD,,com.sec.android.app.shealth,2026-05-19 12:25:22.000,00383636-3133-3232-3533-393139373731,0.0,
,,31301,,100032,2026-05-20 03:13:39.000,,100032,2026-05-20 12:54:50.000,2026-05-20 12:54:50.000,,0,00383636-3133-3039-3631-383239373731.com.samsung.health.oxygen_saturation.binning.json,100.0,94.0,97.0,,UTC-0300,yeLoKu9/uD,,com.sec.android.app.shealth,2026-05-20 12:54:50.000,00383636-3133-3039-3631-383239373731,0.0,
,,31301,,100032,2026-05-21 03:28:12.000,,100032,2026-05-21 13:00:30.000,2026-05-21 13:00:30.000,,0,00383636-3133-3033-3438-363339373731.com.samsung.health.oxygen_saturation.binning.json,100.0,92.0,96.0,,UTC-0300,yeLoKu9/uD,,com.sec.android.app.shealth,2026-05-21 13:00:30.000,00383636-3133-3033-3438-363339373731,0.0,
,,31301,,100032,2026-05-22 03:27:53.000,,100032,2026-05-22 10:28:45.000,2026-05-22 10:28:45.000,,0,00393636-3133-3532-3735-343439373731.com.samsung.health.oxygen_saturation.binning.json,100.0,96.0,98.0,,UTC-0300,yeLoKu9/uD,,com.sec.android.app.shealth,2026-05-22 10:28:45.000,00393636-3133-3532-3735-343439373731,0.0,
,,31301,,100032,2026-05-22 18:19:53.000,,100032,2026-05-22 19:42:04.000,2026-05-22 19:42:04.000,,0,00393636-3133-3432-3938-373439373731.com.samsung.health.oxygen_saturation.binning.json,100.0,96.0,98.0,,UTC-0300,yeLoKu9/uD,,com.sec.android.app.shealth,2026-05-22 19:42:04.000,00393636-3133-3432-3938-373439373731,0.0,
,,31301,,100032,2026-05-23 04:31:22.000,,100032,2026-05-23 14:42:36.000,2026-05-23 14:42:36.000,,0,00383636-3133-3635-3337-343539373731.com.samsung.health.oxygen_saturation.binning.json,100.0,93.0,97.0,,UTC-0300,yeLoKu9/uD,,com.sec.android.app.shealth,2026-05-23 14:42:36.000,00383636-3133-3635-3337-343539373731,0.0,
,,31301,,100032,2026-05-24 04:16:37.000,,100032,2026-05-24 13:02:44.000,2026-05-24 13:02:44.000,,0,00393636-3133-3436-3737-323639373731.com.samsung.health.oxygen_saturation.binning.json,100.0,96.0,98.0,,UTC-0300,yeLoKu9/uD,,com.sec.android.app.shealth,2026-05-24 13:02:44.000,00393636-3133-3436-3737-323639373731,0.0,
,,31301,,100032,2026-05-25 03:22:41.000,,100032,2026-05-25 13:01:43.000,2026-05-25 13:01:43.000,,0,00383636-3133-3330-3134-313739373731.com.samsung.health.oxygen_saturation.binning.json,100.0,95.0,98.0,,UTC-0300,yeLoKu9/uD,,com.sec.android.app.shealth,2026-05-25 13:01:43.000,00383636-3133-3330-3134-313739373731,0.0,
,,31301,,100032,2026-05-26 03:31:51.000,,100032,2026-05-26 11:12:45.000,2026-05-26 11:12:45.000,,0,00393636-3133-3536-3933-393739373731.com.samsung.health.oxygen_saturation.binning.json,100.0,96.0,98.0,,UTC-0300,yeLoKu9/uD,,com.sec.android.app.shealth,2026-05-26 11:12:45.000,00393636-3133-3536-3933-393739373731,0.0,
,,31301,,100032,2026-05-27 03:32:59.000,,100032,2026-05-27 05:20:10.000,2026-05-27 05:20:10.000,,0,00393636-3133-3031-3239-353839373731.com.samsung.health.oxygen_saturation.binning.json,100.0,96.0,98.0,,UTC-0300,yeLoKu9/uD,,com.sec.android.app.shealth,2026-05-27 05:20:10.000,00393636-3133-3031-3239-353839373731,0.0,
,,31301,,100032,2026-05-27 05:35:14.000,,100032,2026-05-27 06:48:24.000,2026-05-27 06:48:24.000,,0,00393636-3133-3430-3534-363839373731.com.samsung.health.oxygen_saturation.binning.json,100.0,97.0,99.0,,UTC-0300,yeLoKu9/uD,,com.sec.android.app.shealth,2026-05-27 06:48:24.000,00393636-3133-3430-3534-363839373731,0.0,
,,31301,,100032,2026-05-27 07:26:28.000,,100032,2026-05-27 12:34:07.000,2026-05-27 12:34:07.000,,0,00383636-3133-3734-3235-383839373731.com.samsung.health.oxygen_saturation.binning.json,100.0,94.0,97.0,,UTC-0300,yeLoKu9/uD,,com.sec.android.app.shealth,2026-05-27 12:34:07.000,00383636-3133-3734-3235-383839373731,0.0,
,,31301,,100032,2026-05-28 03:27:05.000,,100032,2026-05-28 11:34:02.000,2026-05-28 11:34:02.000,,372,00373636-3133-3234-3038-363939373731.com.samsung.health.oxygen_saturation.binning.json,100.0,77.0,89.0,,UTC-0300,yeLoKu9/uD,,com.sec.android.app.shealth,2026-05-28 11:34:02.000,00373636-3133-3234-3038-363939373731,0.0,
,,31301,,100032,2026-05-29 03:35:26.000,,100032,2026-05-29 10:49:18.000,2026-05-29 10:49:18.000,,0,00393636-3133-3835-3731-353030383731.com.samsung.health.oxygen_saturation.binning.json,100.0,96.0,98.0,,UTC-0300,yeLoKu9/uD,,com.sec.android.app.shealth,2026-05-29 10:49:18.000,00393636-3133-3835-3731-353030383731,0.0,
,,31301,,100032,2026-05-31 02:46:33.000,,100032,2026-05-31 08:59:23.000,2026-05-31 08:59:23.000,,0,00383636-3133-3336-3937-313230383731.com.samsung.health.oxygen_saturation.binning.json,100.0,95.0,98.0,,UTC-0300,yeLoKu9/uD,,com.sec.android.app.shealth,2026-05-31 08:59:23.000,00383636-3133-3336-3937-313230383731,0.0,
,,31301,,100032,2026-05-31 10:22:39.000,,100032,2026-05-31 11:56:53.000,2026-05-31 11:56:53.000,,0,00393636-3133-3331-3638-323230383731.com.samsung.health.oxygen_saturation.binning.json,100.0,96.0,98.0,,UTC-0300,yeLoKu9/uD,,com.sec.android.app.shealth,2026-05-31 11:56:53.000,00393636-3133-3331-3638-323230383731,0.0,
,,31301,,100032,2026-05-31 18:21:50.000,,100032,2026-05-31 20:48:19.000,2026-05-31 20:48:19.000,,0,00383636-3133-3939-3430-363230383731.com.samsung.health.oxygen_saturation.binning.json,100.0,95.0,98.0,,UTC-0300,yeLoKu9/uD,,com.sec.android.app.shealth,2026-05-31 20:48:19.000,00383636-3133-3939-3430-363230383731,0.0,
,,31301,,100032,2026-06-01 02:55:04.000,,100032,2026-06-01 10:36:02.000,2026-06-01 10:36:02.000,,0,00383636-3133-3236-3130-313330383731.com.samsung.health.oxygen_saturation.binning.json,100.0,95.0,98.0,,UTC-0300,yeLoKu9/uD,,com.sec.android.app.shealth,2026-06-01 10:36:02.000,00383636-3133-3236-3130-313330383731,0.0,
,,31301,,100032,2026-06-02 03:44:54.000,,100032,2026-06-02 05:10:07.000,2026-06-02 05:10:07.000,,0,00393636-3133-3730-3037-373330383731.com.samsung.health.oxygen_saturation.binning.json,100.0,96.0,98.0,,UTC-0300,yeLoKu9/uD,,com.sec.android.app.shealth,2026-06-02 05:10:07.000,00393636-3133-3730-3037-373330383731,0.0,
,,31301,,100032,2026-06-02 05:34:09.000,,100032,2026-06-02 12:02:06.000,2026-06-02 12:02:06.000,,0,00383636-3133-3632-3731-303430383731.com.samsung.health.oxygen_saturation.binning.json,100.0,95.0,98.0,,UTC-0300,yeLoKu9/uD,,com.sec.android.app.shealth,2026-06-02 12:02:06.000,00383636-3133-3632-3731-303430383731,0.0,
,,31301,,100032,2026-06-03 03:46:41.000,,100032,2026-06-03 13:08:01.000,2026-06-03 13:08:01.000,,0,00383636-3133-3138-3032-393430383731.com.samsung.health.oxygen_saturation.binning.json,100.0,93.0,97.0,,UTC-0300,yeLoKu9/uD,,com.sec.android.app.shealth,2026-06-03 13:08:01.000,00383636-3133-3138-3032-393430383731,0.0,
,,31301,,100032,2026-06-04 03:43:33.000,,100032,2026-06-04 06:30:56.000,2026-06-04 06:30:56.000,,0,00383636-3133-3635-3634-353530383731.com.samsung.health.oxygen_saturation.binning.json,100.0,95.0,98.0,,UTC-0300,yeLoKu9/uD,,com.sec.android.app.shealth,2026-06-04 06:30:56.000,00383636-3133-3635-3634-353530383731,0.0,
,,31301,,100032,2026-06-04 06:50:57.000,,100032,2026-06-04 09:24:18.000,2026-06-04 09:24:18.000,,0,00393636-3133-3835-3035-363530383731.com.samsung.health.oxygen_saturation.binning.json,100.0,96.0,98.0,,UTC-0300,yeLoKu9/uD,,com.sec.android.app.shealth,2026-06-04 09:24:18.000,00393636-3133-3835-3035-363530383731,0.0,
,,31301,,100032,2026-06-04 17:24:36.000,,100032,2026-06-04 19:36:53.000,2026-06-04 19:36:53.000,,0,00383636-3133-3331-3831-303630383731.com.samsung.health.oxygen_saturation.binning.json,100.0,94.0,97.0,,UTC-0300,yeLoKu9/uD,,com.sec.android.app.shealth,2026-06-04 19:36:53.000,00383636-3133-3331-3831-303630383731,0.0,
,,31301,,100032,2026-06-05 03:08:18.000,,100032,2026-06-05 04:53:33.000,2026-06-05 04:53:33.000,,0,00383636-3133-3331-3235-333630383731.com.samsung.health.oxygen_saturation.binning.json,100.0,95.0,98.0,,UTC-0300,yeLoKu9/uD,,com.sec.android.app.shealth,2026-06-05 04:53:33.000,00383636-3133-3331-3235-333630383731,0.0,
,,31301,,100032,2026-06-05 05:19:35.000,,100032,2026-06-05 12:11:36.000,2026-06-05 12:11:36.000,,0,00393636-3133-3639-3431-363630383731.com.samsung.health.oxygen_saturation.binning.json,100.0,96.0,98.0,,UTC-0300,yeLoKu9/uD,,com.sec.android.app.shealth,2026-06-05 12:11:36.000,00393636-3133-3639-3431-363630383731,0.0,
,,31301,,100032,2026-06-06 05:02:27.000,,100032,2026-06-06 13:39:35.000,2026-06-06 13:39:35.000,,0,00393636-3133-3537-3133-353730383731.com.samsung.health.oxygen_saturation.binning.json,100.0,96.0,98.0,,UTC-0300,yeLoKu9/uD,,com.sec.android.app.shealth,2026-06-06 13:39:35.000,00393636-3133-3537-3133-353730383731,0.0,
,,31301,,100032,2026-06-08 03:37:39.000,,100032,2026-06-08 11:37:43.000,2026-06-08 11:37:43.000,,141,00373636-3133-3336-3638-313930383731.com.samsung.health.oxygen_saturation.binning.json,100.0,78.0,89.0,,UTC-0300,yeLoKu9/uD,,com.sec.android.app.shealth,2026-06-08 11:37:43.000,00373636-3133-3336-3638-313930383731,0.0,
,,31301,,100032,2026-06-09 04:49:20.000,,100032,2026-06-09 12:54:26.000,2026-06-09 12:54:26.000,,0,00393636-3133-3636-3639-303031383731.com.samsung.health.oxygen_saturation.binning.json,100.0,96.0,98.0,,UTC-0300,yeLoKu9/uD,,com.sec.android.app.shealth,2026-06-09 12:54:26.000,00393636-3133-3636-3639-303031383731,0.0,
,,31301,,100032,2026-06-10 03:20:39.000,,100032,2026-06-10 12:00:43.000,2026-06-10 12:00:43.000,,0,00383636-3133-3334-3832-393031383731.com.samsung.health.oxygen_saturation.binning.json,100.0,93.0,97.0,,UTC-0300,yeLoKu9/uD,,com.sec.android.app.shealth,2026-06-10 12:00:43.000,00383636-3133-3334-3832-393031383731,0.0,
,,31301,,100032,2026-06-12 03:14:43.000,,100032,2026-06-12 10:36:23.000,2026-06-12 10:36:23.000,,0,00393636-3133-3338-3530-363231383731.com.samsung.health.oxygen_saturation.binning.json,100.0,96.0,98.0,,UTC-0300,yeLoKu9/uD,,com.sec.android.app.shealth,2026-06-12 10:36:23.000,00393636-3133-3338-3530-363231383731,0.0,
,,31301,,100032,2026-06-13 03:34:24.000,,100032,2026-06-13 11:04:24.000,2026-06-13 11:04:24.000,,0,00393636-3133-3436-3638-343331383731.com.samsung.health.oxygen_saturation.binning.json,100.0,96.0,98.0,,UTC-0300,yeLoKu9/uD,,com.sec.android.app.shealth,2026-06-13 11:04:24.000,00393636-3133-3436-3638-343331383731,0.0,
,,31301,,100032,2026-06-14 03:53:04.000,,100032,2026-06-14 14:12:31.000,2026-06-14 14:12:31.000,,615,00373636-3133-3135-3336-343431383731.com.samsung.health.oxygen_saturation.binning.json,100.0,85.0,93.0,,UTC-0300,yeLoKu9/uD,,com.sec.android.app.shealth,2026-06-14 14:12:31.000,00373636-3133-3135-3336-343431383731,0.0,
,,31301,,100032,2026-06-15 03:35:24.000,,100032,2026-06-15 11:05:26.000,2026-06-15 11:05:26.000,,0,00393636-3133-3632-3531-323531383731.com.samsung.health.oxygen_saturation.binning.json,100.0,96.0,98.0,,UTC-0300,yeLoKu9/uD,,com.sec.android.app.shealth,2026-06-15 11:05:26.000,00393636-3133-3632-3531-323531383731,0.0,
,,31301,,100032,2026-06-16 03:40:01.000,,100032,2026-06-16 12:58:15.000,2026-06-16 12:58:15.000,,210,00373636-3133-3539-3634-313631383731.com.samsung.health.oxygen_saturation.binning.json,100.0,79.0,90.0,,UTC-0300,yeLoKu9/uD,,com.sec.android.app.shealth,2026-06-16 12:58:15.000,00373636-3133-3539-3634-313631383731,0.0,
,,31301,,100032,2026-06-17 03:51:36.000,,100032,2026-06-17 09:56:21.000,2026-06-17 09:56:21.000,,0,00393636-3133-3138-3130-393631383731.com.samsung.health.oxygen_saturation.binning.json,100.0,96.0,98.0,,UTC-0300,yeLoKu9/uD,,com.sec.android.app.shealth,2026-06-17 09:56:21.000,00393636-3133-3138-3130-393631383731,0.0,
,,31301,,100032,2026-06-17 10:15:22.000,,100032,2026-06-17 13:02:42.000,2026-06-17 13:02:42.000,,0,00393636-3133-3236-3331-303731383731.com.samsung.health.oxygen_saturation.binning.json,100.0,96.0,98.0,,UTC-0300,yeLoKu9/uD,,com.sec.android.app.shealth,2026-06-17 13:02:42.000,00393636-3133-3236-3331-303731383731,0.0,
,,31301,,100032,2026-06-18 03:57:11.000,,100032,2026-06-18 13:11:23.000,2026-06-18 13:11:23.000,,982,00373636-3133-3338-3238-383731383731.com.samsung.health.oxygen_saturation.binning.json,100.0,79.0,90.0,,UTC-0300,yeLoKu9/uD,,com.sec.android.app.shealth,2026-06-18 13:11:23.000,00373636-3133-3338-3238-383731383731,0.0,
,,31301,,100032,2026-06-19 03:42:44.000,,100032,2026-06-19 10:12:34.000,2026-06-19 10:12:34.000,,0,00383636-3133-3435-3933-363831383731.com.samsung.health.oxygen_saturation.binning.json,100.0,95.0,98.0,,UTC-0300,yeLoKu9/uD,,com.sec.android.app.shealth,2026-06-19 10:12:34.000,00383636-3133-3435-3933-363831383731,0.0,
,,31301,,100032,2026-06-20 03:38:08.000,,100032,2026-06-20 12:38:21.000,2026-06-20 12:38:21.000,,26,00383636-3133-3130-3139-353931383731.com.samsung.health.oxygen_saturation.binning.json,100.0,86.0,93.0,,UTC-0300,yeLoKu9/uD,,com.sec.android.app.shealth,2026-06-20 12:38:21.000,00383636-3133-3130-3139-353931383731,0.0,
,,31301,,100032,2026-06-21 05:06:52.000,,100032,2026-06-21 14:31:08.000,2026-06-21 14:31:08.000,,0,00383636-3133-3836-3232-353032383731.com.samsung.health.oxygen_saturation.binning.json,100.0,94.0,97.0,,UTC-0300,yeLoKu9/uD,,com.sec.android.app.shealth,2026-06-21 14:31:08.000,00383636-3133-3836-3232-353032383731,0.0,
,,31301,,100032,2026-06-22 03:36:20.000,,100032,2026-06-22 13:00:31.000,2026-06-22 13:00:31.000,,0,00383636-3133-3133-3233-333132383731.com.samsung.health.oxygen_saturation.binning.json,100.0,95.0,98.0,,UTC-0300,yeLoKu9/uD,,com.sec.android.app.shealth,2026-06-22 13:00:31.000,00383636-3133-3133-3233-333132383731,0.0,
,,31301,,100032,2026-06-23 02:24:43.000,,100032,2026-06-23 12:02:10.000,2026-06-23 12:02:10.000,,0,00383636-3133-3033-3136-313232383731.com.samsung.health.oxygen_saturation.binning.json,100.0,93.0,97.0,,UTC-0300,yeLoKu9/uD,,com.sec.android.app.shealth,2026-06-23 12:02:10.000,00383636-3133-3033-3136-313232383731,0.0,
,,31301,,100032,2026-06-24 03:14:23.000,,100032,2026-06-24 13:03:46.000,2026-06-24 13:03:46.000,,0,00393636-3133-3632-3236-303332383731.com.samsung.health.oxygen_saturation.binning.json,100.0,96.0,98.0,,UTC-0300,yeLoKu9/uD,,com.sec.android.app.shealth,2026-06-24 13:03:46.000,00393636-3133-3632-3236-303332383731,0.0,
,,31301,,100032,2026-06-25 04:51:27.000,,100032,2026-06-25 13:10:36.000,2026-06-25 13:10:36.000,,0,00383636-3133-3633-3033-393332383731.com.samsung.health.oxygen_saturation.binning.json,100.0,95.0,98.0,,UTC-0300,yeLoKu9/uD,,com.sec.android.app.shealth,2026-06-25 13:10:36.000,00383636-3133-3633-3033-393332383731,0.0,
,,31301,,100032,2026-06-26 03:11:52.000,,100032,2026-06-26 09:37:38.000,2026-06-26 09:37:38.000,,0,00383636-3133-3835-3636-363432383731.com.samsung.health.oxygen_saturation.binning.json,100.0,90.0,95.0,,UTC-0300,yeLoKu9/uD,,com.sec.android.app.shealth,2026-06-26 09:37:38.000,00383636-3133-3835-3636-363432383731,0.0,
,,31301,,100032,2026-06-28 04:33:55.000,,100032,2026-06-28 13:49:10.000,2026-06-28 13:49:10.000,,0,00383636-3133-3035-3534-353632383731.com.samsung.health.oxygen_saturation.binning.json,100.0,90.0,95.0,,UTC-0300,yeLoKu9/uD,,com.sec.android.app.shealth,2026-06-28 13:49:10.000,00383636-3133-3035-3534-353632383731,0.0,
,,31301,,100032,2026-06-28 18:22:46.000,,100032,2026-06-28 19:38:57.000,2026-06-28 19:38:57.000,,0,00393636-3133-3733-3535-373632383731.com.samsung.health.oxygen_saturation.binning.json,100.0,96.0,98.0,,UTC-0300,yeLoKu9/uD,,com.sec.android.app.shealth,2026-06-28 19:38:57.000,00393636-3133-3733-3535-373632383731,0.0,
,,31301,,100032,2026-06-29 03:21:03.000,,100032,2026-06-29 09:54:53.000,2026-06-29 09:54:53.000,,0,00393636-3133-3339-3836-323732383731.com.samsung.health.oxygen_saturation.binning.json,100.0,96.0,98.0,,UTC-0300,yeLoKu9/uD,,com.sec.android.app.shealth,2026-06-29 09:54:53.000,00393636-3133-3339-3836-323732383731,0.0,
,,31301,,100032,2026-06-29 10:27:55.000,,100032,2026-06-29 11:58:11.000,2026-06-29 11:58:11.000,,0,00383636-3133-3139-3234-333732383731.com.samsung.health.oxygen_saturation.binning.json,100.0,95.0,98.0,,UTC-0300,yeLoKu9/uD,,com.sec.android.app.shealth,2026-06-29 11:58:11.000,00383636-3133-3139-3234-333732383731,0.0,
,,31301,,100032,2026-06-30 00:56:54.000,,100032,2026-06-30 11:52:14.000,2026-06-30 11:52:14.000,,0,00383636-3133-3433-3330-323832383731.com.samsung.health.oxygen_saturation.binning.json,100.0,95.0,98.0,,UTC-0300,yeLoKu9/uD,,com.sec.android.app.shealth,2026-06-30 11:52:14.000,00383636-3133-3433-3330-323832383731,0.0,
,,31301,,100032,2026-07-01 01:53:19.000,,100032,2026-07-01 09:04:16.000,2026-07-01 09:04:16.000,,0,00393636-3133-3635-3636-393832383731.com.samsung.health.oxygen_saturation.binning.json,100.0,96.0,98.0,,UTC-0300,yeLoKu9/uD,,com.sec.android.app.shealth,2026-07-01 09:04:16.000,00393636-3133-3635-3636-393832383731,0.0,
,,31301,,100032,2026-07-02 01:36:09.000,,100032,2026-07-02 09:44:05.000,2026-07-02 09:44:05.000,,0,00393636-3133-3534-3435-383932383731.com.samsung.health.oxygen_saturation.binning.json,100.0,96.0,98.0,,UTC-0300,yeLoKu9/uD,,com.sec.android.app.shealth,2026-07-02 09:44:05.000,00393636-3133-3534-3435-383932383731,0.0,
,,31301,,100032,2026-07-02 10:15:09.000,,100032,2026-07-02 10:54:14.000,2026-07-02 10:54:14.000,,0,00393636-3133-3435-3639-383932383731.com.samsung.health.oxygen_saturation.binning.json,100.0,96.0,98.0,,UTC-0300,yeLoKu9/uD,,com.sec.android.app.shealth,2026-07-02 10:54:14.000,00393636-3133-3435-3639-383932383731,0.0,
,,31301,,100032,2026-07-03 01:54:11.000,,100032,2026-07-03 09:48:14.000,2026-07-03 09:48:14.000,,0,00393636-3133-3439-3032-373033383731.com.samsung.health.oxygen_saturation.binning.json,100.0,96.0,98.0,,UTC-0300,yeLoKu9/uD,,com.sec.android.app.shealth,2026-07-03 09:48:14.000,00393636-3133-3439-3032-373033383731,0.0,
,,31301,,100032,2026-07-05 03:46:56.000,,100032,2026-07-05 12:16:57.000,2026-07-05 12:16:57.000,,0,00383636-3133-3731-3833-353233383731.com.samsung.health.oxygen_saturation.binning.json,100.0,95.0,98.0,,UTC-0300,yeLoKu9/uD,,com.sec.android.app.shealth,2026-07-05 12:16:57.000,00383636-3133-3731-3833-353233383731,0.0,
,,31301,,100032,2026-07-05 18:08:50.000,,100032,2026-07-05 19:53:01.000,2026-07-05 19:53:01.000,,0,00383636-3133-3138-3131-383233383731.com.samsung.health.oxygen_saturation.binning.json,100.0,95.0,98.0,,UTC-0300,yeLoKu9/uD,,com.sec.android.app.shealth,2026-07-05 19:53:01.000,00383636-3133-3138-3131-383233383731,0.0,
,,31301,,100032,2026-07-07 00:45:06.000,,100032,2026-07-07 11:15:25.000,2026-07-07 11:15:25.000,,0,00383636-3133-3532-3932-323433383731.com.samsung.health.oxygen_saturation.binning.json,100.0,90.0,95.0,,UTC-0300,yeLoKu9/uD,,com.sec.android.app.shealth,2026-07-07 11:15:25.000,00383636-3133-3532-3932-323433383731,0.0,
,,31301,,100032,2026-07-07 16:45:13.000,,100032,2026-07-07 18:54:26.000,2026-07-07 18:54:26.000,,0,00383636-3133-3636-3430-353433383731.com.samsung.health.oxygen_saturation.binning.json,100.0,95.0,98.0,,UTC-0300,yeLoKu9/uD,,com.sec.android.app.shealth,2026-07-07 18:54:26.000,00383636-3133-3636-3430-353433383731,0.0,
,,31301,,100032,2026-07-08 03:07:38.000,,100032,2026-07-08 10:01:20.000,2026-07-08 10:01:20.000,,0,00393636-3133-3038-3834-303533383731.com.samsung.health.oxygen_saturation.binning.json,100.0,96.0,98.0,,UTC-0300,yeLoKu9/uD,,com.sec.android.app.shealth,2026-07-08 10:01:20.000,00393636-3133-3038-3834-303533383731,0.0,
,,31301,,100032,2026-07-09 00:16:13.000,,100032,2026-07-09 10:53:32.000,2026-07-09 10:53:32.000,,0,00383636-3133-3231-3434-393533383731.com.samsung.health.oxygen_saturation.binning.json,100.0,94.0,97.0,,UTC-0300,yeLoKu9/uD,,com.sec.android.app.shealth,2026-07-09 10:53:32.000,00383636-3133-3231-3434-393533383731,0.0,
,,31301,,100032,2026-07-09 17:12:25.000,,100032,2026-07-09 18:57:39.000,2026-07-09 18:57:39.000,,0,00393636-3133-3935-3433-323633383731.com.samsung.health.oxygen_saturation.binning.json,100.0,96.0,98.0,,UTC-0300,yeLoKu9/uD,,com.sec.android.app.shealth,2026-07-09 18:57:39.000,00393636-3133-3935-3433-323633383731,0.0,
,,31301,,100032,2026-07-10 06:19:24.000,,100032,2026-07-10 12:24:06.000,2026-07-10 12:24:06.000,,0,00383636-3133-3634-3236-383633383731.com.samsung.health.oxygen_saturation.binning.json,100.0,94.0,97.0,,UTC-0300,yeLoKu9/uD,,com.sec.android.app.shealth,2026-07-10 12:24:06.000,00383636-3133-3634-3236-383633383731,0.0,
,,31301,,100032,2026-07-11 02:26:10.000,,100032,2026-07-11 08:34:56.000,2026-07-11 08:34:56.000,,662,00373636-3133-3639-3838-353733383731.com.samsung.health.oxygen_saturation.binning.json,100.0,85.0,93.0,,UTC-0300,yeLoKu9/uD,,com.sec.android.app.shealth,2026-07-11 08:34:56.000,00373636-3133-3639-3838-353733383731,0.0,
,,31301,,100032,2026-07-11 10:07:08.000,,100032,2026-07-11 10:59:15.000,2026-07-11 10:59:15.000,,284,00373636-3133-3535-3537-363733383731.com.samsung.health.oxygen_saturation.binning.json,100.0,85.0,93.0,,UTC-0300,yeLoKu9/uD,,com.sec.android.app.shealth,2026-07-11 10:59:15.000,00373636-3133-3535-3537-363733383731,0.0,
,,31301,,100032,2026-07-12 01:25:14.000,,100032,2026-07-12 06:31:50.000,2026-07-12 06:31:50.000,,0,00383636-3133-3031-3937-333833383731.com.samsung.health.oxygen_saturation.binning.json,100.0,95.0,98.0,,UTC-0300,yeLoKu9/uD,,com.sec.android.app.shealth,2026-07-12 06:31:50.000,00383636-3133-3031-3937-333833383731,0.0,
,,31301,,100032,2026-07-13 02:45:30.000,,100032,2026-07-13 12:49:38.000,2026-07-13 12:49:38.000,,0,00383636-3133-3837-3936-343933383731.com.samsung.health.oxygen_saturation.binning.json,100.0,90.0,95.0,,UTC-0300,yeLoKu9/uD,,com.sec.android.app.shealth,2026-07-13 12:49:38.000,00383636-3133-3837-3936-343933383731,0.0,
,,31301,,100032,2026-07-13 17:45:27.000,,100032,2026-07-13 20:22:48.000,2026-07-13 20:22:48.000,,0,00393636-3133-3836-3134-373933383731.com.samsung.health.oxygen_saturation.binning.json,100.0,96.0,98.0,,UTC-0300,yeLoKu9/uD,,com.sec.android.app.shealth,2026-07-13 20:22:48.000,00393636-3133-3836-3134-373933383731,0.0,
,,31301,,100032,2026-07-14 04:14:58.000,,100032,2026-07-14 11:41:52.000,2026-07-14 11:41:52.000,,0,00393636-3133-3231-3339-323034383731.com.samsung.health.oxygen_saturation.binning.json,100.0,96.0,98.0,,UTC-0300,yeLoKu9/uD,,com.sec.android.app.shealth,2026-07-14 11:41:52.000,00393636-3133-3231-3339-323034383731,0.0,
,,31301,,100032,2026-07-16 00:21:06.000,,100032,2026-07-16 06:09:47.000,2026-07-16 06:09:47.000,,2220,00373636-3133-3738-3132-383134383731.com.samsung.health.oxygen_saturation.binning.json,100.0,83.0,92.0,,UTC-0300,yeLoKu9/uD,,com.sec.android.app.shealth,2026-07-16 06:09:47.000,00373636-3133-3738-3132-383134383731,0.0,
,,31301,,100032,2026-07-17 02:47:40.000,,100032,2026-07-17 08:27:21.000,2026-07-17 08:27:21.000,,0,00383636-3133-3134-3836-373234383731.com.samsung.health.oxygen_saturation.binning.json,100.0,95.0,98.0,,UTC-0300,yeLoKu9/uD,,com.sec.android.app.shealth,2026-07-17 08:27:21.000,00383636-3133-3134-3836-373234383731,0.0,
,,31301,,100032,2026-07-17 08:46:24.000,,100032,2026-07-17 11:20:40.000,2026-07-17 11:20:40.000,,0,00393636-3133-3034-3237-383234383731.com.samsung.health.oxygen_saturation.binning.json,100.0,96.0,98.0,,UTC-0300,yeLoKu9/uD,,com.sec.android.app.shealth,2026-07-17 11:20:40.000,00393636-3133-3034-3237-383234383731,0.0,
,,31301,,100032,2026-07-18 03:42:03.000,,100032,2026-07-18 11:21:54.000,2026-07-18 11:21:54.000,,0,00383636-3133-3431-3733-373334383731.com.samsung.health.oxygen_saturation.binning.json,100.0,95.0,98.0,,UTC-0300,yeLoKu9/uD,,com.sec.android.app.shealth,2026-07-18 11:21:54.000,00383636-3133-3431-3733-373334383731,0.0,
,,31301,,100032,2026-07-19 04:24:40.000,,100032,2026-07-19 09:38:15.000,2026-07-19 09:38:15.000,,0,00383636-3133-3539-3833-353434383731.com.samsung.health.oxygen_saturation.binning.json,100.0,95.0,98.0,,UTC-0300,yeLoKu9/uD,,com.sec.android.app.shealth,2026-07-19 09:38:15.000,00383636-3133-3539-3833-353434383731,0.0,
,,31301,,100032,2026-07-19 09:52:19.000,,100032,2026-07-19 10:30:24.000,2026-07-19 10:30:24.000,,0,00383636-3133-3432-3037-353434383731.com.samsung.health.oxygen_saturation.binning.json,100.0,94.0,97.0,,UTC-0300,yeLoKu9/uD,,com.sec.android.app.shealth,2026-07-19 10:30:24.000,00383636-3133-3432-3037-353434383731,0.0,
,,31301,,100032,2026-07-20 01:47:35.000,,100032,2026-07-20 11:59:45.000,2026-07-20 11:59:45.000,,0,00383636-3133-3538-3738-343534383731.com.samsung.health.oxygen_saturation.binning.json,100.0,93.0,97.0,,UTC-0300,yeLoKu9/uD,,com.sec.android.app.shealth,2026-07-20 11:59:45.000,00383636-3133-3538-3738-343534383731,0.0,
,,31301,,100032,2026-07-21 02:39:52.000,,100032,2026-07-21 12:07:02.000,2026-07-21 12:07:02.000,,0,00393636-3133-3232-3635-333634383731.com.samsung.health.oxygen_saturation.binning.json,100.0,97.0,99.0,,UTC-0300,yeLoKu9/uD,,com.sec.android.app.shealth,2026-07-21 12:07:02.000,00393636-3133-3232-3635-333634383731,0.0,
,,31301,,100032,2026-07-22 02:45:07.000,,100032,2026-07-22 04:08:28.000,2026-07-22 04:08:28.000,,0,00383636-3133-3830-3333-393634383731.com.samsung.health.oxygen_saturation.binning.json,100.0,90.0,95.0,,UTC-0300,yeLoKu9/uD,,com.sec.android.app.shealth,2026-07-22 04:08:28.000,00383636-3133-3830-3333-393634383731,0.0,
,,31301,,100032,2026-07-22 04:39:23.000,,100032,2026-07-22 05:24:27.000,2026-07-22 05:24:27.000,,630,00373636-3133-3736-3837-393634383731.com.samsung.health.oxygen_saturation.binning.json,100.0,76.0,88.0,,UTC-0300,yeLoKu9/uD,,com.sec.android.app.shealth,2026-07-22 05:24:27.000,00373636-3133-3736-3837-393634383731,0.0,
,,31301,,100032,2026-07-22 05:34:29.000,,100032,2026-07-22 12:33:24.000,2026-07-22 12:33:24.000,,835,00373636-3133-3430-3633-323734383731.com.samsung.health.oxygen_saturation.binning.json,100.0,78.0,89.0,,UTC-0300,yeLoKu9/uD,,com.sec.android.app.shealth,2026-07-22 12:33:24.000,00373636-3133-3430-3633-323734383731,0.0,
,,31301,,100032,2026-07-23 03:18:29.000,,100032,2026-07-23 04:43:11.000,2026-07-23 04:43:11.000,,0,00393636-3133-3139-3731-383734383731.com.samsung.health.oxygen_saturation.binning.json,100.0,98.0,99.0,,UTC-0300,yeLoKu9/uD,,com.sec.android.app.shealth,2026-07-23 04:43:11.000,00393636-3133-3139-3731-383734383731,0.0,
,,31301,,100032,2026-07-24 02:42:26.000,,100032,2026-07-24 10:56:30.000,2026-07-24 10:56:30.000,,0,00383636-3133-3039-3530-393834383731.com.samsung.health.oxygen_saturation.binning.json,100.0,93.0,97.0,,UTC-0300,yeLoKu9/uD,,com.sec.android.app.shealth,2026-07-24 10:56:30.000,00383636-3133-3039-3530-393834383731,0.0,
,,31301,,100032,2026-07-25 03:20:01.000,,100032,2026-07-25 13:04:25.000,2026-07-25 13:04:25.000,,0,00383636-3133-3536-3634-383934383731.com.samsung.health.oxygen_saturation.binning.json,100.0,95.0,98.0,,UTC-0300,yeLoKu9/uD,,com.sec.android.app.shealth,2026-07-25 13:04:25.000,00383636-3133-3536-3634-383934383731,0.0,
,,31301,,100032,2026-07-26 03:25:56.000,,100032,2026-07-26 11:10:58.000,2026-07-26 11:10:58.000,,0,00393636-3133-3835-3234-363035383731.com.samsung.health.oxygen_saturation.binning.json,100.0,96.0,98.0,,UTC-0300,yeLoKu9/uD,,com.sec.android.app.shealth,2026-07-26 11:10:58.000,00393636-3133-3835-3234-363035383731,0.0,
,,31301,,100032,2026-07-26 16:35:52.000,,100032,2026-07-26 18:14:05.000,2026-07-26 18:14:05.000,,0,00393636-3133-3534-3639-383035383731.com.samsung.health.oxygen_saturation.binning.json,100.0,97.0,99.0,,UTC-0300,yeLoKu9/uD,,com.sec.android.app.shealth,2026-07-26 18:14:05.000,00393636-3133-3534-3639-383035383731,0.0,
,,31301,,100032,2026-07-27 03:28:34.000,,100032,2026-07-27 12:48:43.000,2026-07-27 12:48:43.000,,0,00383636-3133-3332-3536-353135383731.com.samsung.health.oxygen_saturation.binning.json,100.0,94.0,97.0,,UTC-0300,yeLoKu9/uD,,com.sec.android.app.shealth,2026-07-27 12:48:43.000,00383636-3133-3332-3536-353135383731,0.0,
,,31301,,100032,2026-07-28 02:30:49.000,,100032,2026-07-28 12:01:04.000,2026-07-28 12:01:04.000,,0,00383636-3133-3436-3030-343235383731.com.samsung.health.oxygen_saturation.binning.json,100.0,95.0,98.0,,UTC-0300,yeLoKu9/uD,,com.sec.android.app.shealth,2026-07-28 12:01:04.000,00383636-3133-3436-3030-343235383731,0.0,
,,31301,,100032,2026-07-29 01:51:05.000,,100032,2026-07-29 05:32:14.000,2026-07-29 05:32:14.000,,0,00383636-3133-3433-3133-303335383731.com.samsung.health.oxygen_saturation.binning.json,100.0,93.0,97.0,,UTC-0300,yeLoKu9/uD,,com.sec.android.app.shealth,2026-07-29 05:32:14.000,00383636-3133-3433-3133-303335383731,0.0,
,,31301,,100032,2026-07-30 03:45:24.000,,100032,2026-07-30 13:03:44.000,2026-07-30 13:03:44.000,,0,00383636-3133-3432-3636-313435383731.com.samsung.health.oxygen_saturation.binning.json,100.0,90.0,95.0,,UTC-0300,yeLoKu9/uD,,com.sec.android.app.shealth,2026-07-30 13:03:44.000,00383636-3133-3432-3636-313435383731,0.0,
,,31301,,100032,2026-07-31 03:14:03.000,,100032,2026-07-31 11:08:12.000,2026-07-31 11:08:12.000,,0,00383636-3133-3239-3036-393435383731.com.samsung.health.oxygen_saturation.binning.json,100.0,94.0,97.0,,UTC-0300,yeLoKu9/uD,,com.sec.android.app.shealth,2026-07-31 11:08:12.000,00383636-3133-3239-3036-393435383731,0.0,
,,31301,,100032,2026-08-01 03:34:47.000,,100032,2026-08-01 14:59:23.000,2026-08-01 14:59:23.000,,0,00383636-3133-3336-3336-393535383731.com.samsung.health.oxygen_saturation.binning.json,100.0,95.0,98.0,,UTC-0300,yeLoKu9/uD,,com.sec.android.app.shealth,2026-08-01 14:59:23.000,00383636-3133-3336-3336-393535383731,0.0,
,,31301,,100032,2026-08-02 04:11:24.000,,100032,2026-08-02 12:53:39.000,2026-08-02 12:53:39.000,,0,00383636-3133-3931-3235-373635383731.com.samsung.health.oxygen_saturation.binning.json,100.0,95.0,98.0,,UTC-0300,yeLoKu9/uD,,com.sec.android.app.shealth,2026-08-02 12:53:39.000,00383636-3133-3931-3235-373635383731,0.0,
,,31301,,100032,2026-08-04 03:28:33.000,,100032,2026-08-04 11:18:37.000,2026-08-04 11:18:37.000,,0,00383636-3133-3731-3332-343835383731.com.samsung.health.oxygen_saturation.binning.json,100.0,94.0,97.0,,UTC-0300,yeLoKu9/uD,,com.sec.android.app.shealth,2026-08-04 11:18:37.000,00383636-3133-3731-3332-343835383731,0.0,
,,31301,,100032,2026-08-05 03:04:06.000,,100032,2026-08-05 11:57:21.000,2026-08-05 11:57:21.000,,0,00383636-3133-3134-3031-333935383731.com.samsung.health.oxygen_saturation.binning.json,100.0,95.0,98.0,,UTC-0300,yeLoKu9/uD,,com.sec.android.app.shealth,2026-08-05 11:57:21.000,00383636-3133-3134-3031-333935383731,0.0,
